STARLINK-1008           
1 44714U 19074B   26263.45059432  .00030609  00000+0  30957-3 0  9996
2 44714  53.1478 327.2457 0002393  69.1515 290.9757 15.65058989379064
STARLINK-1012           
1 44718U 19074F   26263.69417614  .00030688  00000+0  30695-3 0  9992
2 44718  53.1498 326.2690 0004700   1.5709 358.5320 15.65329525379094
STARLINK-1017           
1 44723U 19074L   26263.93486550  .00024501  00000+0  62399-3 0  9993
2 44723  53.0458 339.7501 0004320 357.4330   2.6651 15.39442689378895
STARLINK-1020           
1 44725U 19074N   26263.95209404  .00037532  00000+0  31463-3 0  9994
2 44725  53.1519 345.2158 0002686  17.1891 342.9217 15.69600510378835
STARLINK-1036           
1 44741U 19074AE  26264.00002315  .00197804  25650-4  60082-3 0  9992
2 44741  53.0347 299.0633 0006431  12.1141  93.2075 15.91672303  6043
STARLINK-1039           
1 44744U 19074AH  26263.86496467  .00024683  00000+0  71585-3 0  9994
2 44744  53.0572  28.0738 0001932  56.1193 303.9992 15.35411977378214
STARLINK-1042           
1 44747U 19074AL  26263.53954816  .00027622  00000+0  32480-3 0  9995
2 44747  53.0385 232.7357 0005965  54.3757 305.7810 15.61231991380381
STARLINK-1043           
1 44748U 19074AM  26263.46703371  .00048653  00000+0  34105-3 0  9999
2 44748  53.0466 321.1565 0002077  11.3886 348.7179 15.73739081379113
STARLINK-1046           
1 44751U 19074AQ  26263.49891596  .00054395  00000+0  42109-3 0  9996
2 44751  53.0422 346.1958 0002787 355.4566   4.6425 15.71347088378769
STARLINK-1047           
1 44752U 19074AR  26263.42370058  .00029775  00000+0  77868-3 0  9999
2 44752  53.0669 312.7922 0002920  61.3210 298.8086 15.38524925379256
STARLINK-1048           
1 44753U 19074AS  26263.80075693  .00077744  00000+0  41073-3 0  9997
2 44753  53.0406 287.4559 0006901  34.5536 325.5932 15.79924673379602
STARLINK-1063           
1 44768U 19074BH  26263.77378710  .00069101  00000+0  76530-3 0  9999
2 44768  53.1492   8.0750 0001064 310.0688  50.0233 15.62376801378530
STARLINK-1068           
1 44772U 19074BM  26263.53390119  .00619500  21840-3  57594-3 0  9997
2 44772  53.0277 283.6782 0003655  67.7943 292.3479 16.11639536379625
STARLINK-1114           
1 44927U 20001P   26263.92795612  .00083037  00000+0  36546-3 0  9996
2 44927  53.0344  87.6452 0003258 161.4579 198.6563 15.83856753370717
STARLINK-1123           
1 44930U 20001S   26263.93523312  .00040962  00000+0  30964-3 0  9995
2 44930  53.1362 123.5199 0001174 204.0139 156.0825 15.72042723370240
STARLINK-1094           
1 44941U 20001AD  26263.91432520  .00034648  00000+0  32385-3 0  9998
2 44941  53.1451 101.8869 0002977  81.2279 278.9074 15.66967498370558
STARLINK-1122           
1 44949U 20001AM  26263.55974421  .00031839  00000+0  30316-3 0  9998
2 44949  53.1468 104.4578 0002364  91.1591 268.9696 15.66551543370488
STARLINK-1080           
1 44961U 20001AZ  26263.92252499  .00073344  00000+0  37259-3 0  9997
2 44961  53.0417  49.4294 0001962 162.5343 197.5746 15.80833527371259
STARLINK-1090           
1 44968U 20001BG  26263.94601329  .00060479  00000+0  63587-3 0  9994
2 44968  53.1413  93.3124 0000546 198.8605 161.2390 15.63763087370675
STARLINK-1132           
1 45044U 20006A   26263.97106383  .00050096  00000+0  35211-3 0  9995
2 45044  53.1479  27.5449 0002153 337.8745  22.2181 15.73665424367372
STARLINK-1131           
1 45047U 20006D   26263.56729391  .00037848  00000+0  35511-3 0  9996
2 45047  53.1492  66.3844 0002928 147.2361 212.8838 15.66830075366796
STARLINK-1134           
1 45048U 20006E   26263.59561632  .00046839  00000+0  39072-3 0  9998
2 45048  53.0194  11.4471 0005051  69.3400 290.8157 15.69605269367520
STARLINK-1156           
1 45054U 20006L   26263.91403039  .00038649  00000+0  84774-3 0  9996
2 45054  53.1528  86.2965 0000488 164.0744 196.0278 15.43715861366544
STARLINK-1166           
1 45060U 20006S   26263.97141853  .00066407  00000+0  36376-3 0  9990
2 45060  53.0367  38.3125 0003601 315.3846  44.6884 15.79212171367188
STARLINK-1169           
1 45061U 20006T   26263.87511066  .00044514  00000+0  83056-3 0  9999
2 45061  53.1487  82.0870 0001690 216.0270 144.0625 15.48373222366605
STARLINK-1171           
1 45062U 20006U   26263.51387244  .01240917  84273-3  21314-2 0  9992
2 45062  53.0308 355.7652 0002265  59.5424 300.5830 16.02006277367731
STARLINK-1133           
1 45064U 20006W   26263.05144746  .00040655  00000+0  89904-3 0  9999
2 45064  53.1528  67.2470 0000620 325.6867  34.4099 15.43449912366743
STARLINK-1167           
1 45071U 20006AD  26263.51268854  .00028626  00000+0  58470-3 0  9993
2 45071  53.1515  62.0361 0002632 192.2991 167.7953 15.45965272366855
STARLINK-1168           
1 45072U 20006AE  26263.51260408  .00039999  00000+0  86180-3 0  9995
2 45072  53.1524  64.8566 0000355 315.8131  44.2848 15.44229442366811
STARLINK-1172           
1 45074U 20006AG  26263.91657239  .00037794  00000+0  73265-3 0  9994
2 45074  53.1495  58.6454 0001028 176.6270 183.4745 15.47347338366935
STARLINK-1153           
1 45080U 20006AN  26263.93887232  .00036463  00000+0  71718-3 0  9994
2 45080  53.1526  59.8307 0002948 244.8439 115.2263 15.46941251366924
STARLINK-1185           
1 45087U 20006AV  26263.93921982  .00041859  00000+0  55918-3 0  9991
2 45087  53.1531  32.6520 0004442 358.2075   1.8921 15.57660806367300
STARLINK-1183           
1 45088U 20006AW  26263.92542879  .00033858  00000+0  75082-3 0  9999
2 45088  53.1536  48.0118 0000692  33.9745 326.1306 15.43454169367087
STARLINK-1152           
1 45096U 20006BE  26263.86142656  .00047964  00000+0  55903-3 0  9993
2 45096  53.0281 349.7904 0001798  53.9942 306.1237 15.61205763367855
STARLINK-1184           
1 45098U 20006BG  26263.20395440  .00023115  00000+0  11196-2 0  9991
2 45098  53.0503  81.1094 0002500  45.6939 314.4260 15.18467497366513
STARLINK-1193           
1 45100U 20006BJ  26263.93370005  .00072847  00000+0  36930-3 0  9995
2 45100  53.0422 347.0117 0005252 327.4487  32.6209 15.80866604367899
STARLINK-1202           
1 45183U 20012F   26263.49194521  .00034228  00000+0  76305-3 0  9992
2 45183  53.1524 206.9039 0003045  70.4288 289.7047 15.43289237364883
STARLINK-1216           
1 45185U 20012H   26263.44819552  .00017280  00000+0  36604-3 0  9994
2 45185  53.1556 205.2997 0003306  56.0562 304.0759 15.45220604364842
STARLINK-1225           
1 45187U 20012K   26264.00002315  .00004766  00000+0  11436-3 0  9991
2 45187  53.1516 204.6129 0001896  95.7190  78.3574 15.43354219  5812
STARLINK-1230           
1 45189U 20012M   26263.46282482  .00038243  00000+0  84295-3 0  9997
2 45189  53.1502 207.2347 0002649  93.8546 266.2764 15.43573974362097
STARLINK-1269           
1 45197U 20012V   26263.46069861  .00039804  00000+0  88142-3 0  9999
2 45197  53.1515 207.1194 0003346  69.7533 290.3833 15.43415875364847
STARLINK-1154           
1 45198U 20012W   26263.88955852  .00042068  00000+0  30976-3 0  9998
2 45198  53.0374 136.7456 0001214  56.8722 303.2412 15.72649383365794
STARLINK-1199           
1 45201U 20012Z   26263.42702861  .00035921  00000+0  79168-3 0  9999
2 45201  53.1513 191.4982 0001739  97.2298 262.8907 15.43608581365080
STARLINK-1209           
1 45206U 20012AE  26264.00002315  .00205618  00000+0  77966-3 0  9992
2 45206  53.0268  89.6042 0002916 175.8917 352.8763 15.86556680  6020
STARLINK-1231           
1 45212U 20012AL  26263.32126542  .00030313  00000+0  91058-3 0  9998
2 45212  53.0360 192.0861 0004287  55.9453 304.1955 15.34185679364988
STARLINK-1271           
1 45217U 20012AR  26263.53535713  .00040819  00000+0  88560-3 0  9996
2 45217  53.1526 190.9036 0001854 107.6885 252.4325 15.44014519365106
STARLINK-1191           
1 45222U 20012AW  26263.28203467  .00045294  00000+0  71596-3 0  9995
2 45222  53.1488 161.0730 0001705 162.6439 197.4630 15.53045889365505
STARLINK-1212           
1 45223U 20012AX  26263.92966962  .00096869  00000+0  41029-3 0  9995
2 45223  53.0345 106.4223 0003442 145.8792 214.2452 15.84603394366283
STARLINK-1215           
1 45225U 20012AZ  26263.98799344  .00039472  00000+0  85799-3 0  9990
2 45225  53.1518 163.0193 0002546 123.8248 236.3001 15.43972877365496
STARLINK-1221           
1 45227U 20012BB  26263.91415340  .00015989  00000+0  27790-3 0  9990
2 45227  53.0611  59.0922 0002033 225.9930 134.0911 15.51004593366909
STARLINK-1222           
1 45228U 20012BC  26263.89319944  .00035198  00000+0  36345-3 0  9991
2 45228  53.0486 117.1040 0003401 131.1699 228.9609 15.64456760366028
STARLINK-1226           
1 45229U 20012BD  26263.96478422  .00047436  00000+0  67776-3 0  9997
2 45229  53.1484 151.4187 0002433 141.9810 218.1373 15.55798120365598
STARLINK-1227           
1 45230U 20012BE  26263.84140683  .00049085  00000+0  69967-3 0  9997
2 45230  53.1464 152.0478 0003373 146.0331 214.0897 15.55844588365693
STARLINK-1246           
1 45235U 20012BK  26262.47947303  .00044226  00000+0  96850-3 0  9997
2 45235  53.1500 211.2159 0003675 114.6194 245.5196 15.43697377364752
STARLINK-1270           
1 45237U 20012BM  26263.92988750  .00114162  00000+0  53488-3 0  9998
2 45237  53.0366 109.1128 0003368 138.0180 222.1101 15.82400620366247
STARLINK-1262           
1 45366U 20019G   26263.49571656  .00035970  00000+0  81631-3 0  9993
2 45366  53.1520 333.6439 0002483  35.7686 324.3486 15.42733833359674
STARLINK-1273           
1 45367U 20019H   26263.56576094  .00039171  00000+0  33477-3 0  9995
2 45367  53.0379 288.4764 0002970  39.9200 320.2034 15.69107218360276
STARLINK-1276           
1 45368U 20019J   26263.79061547  .00013526  00000+0  65814-3 0  9999
2 45368  53.0694 359.7777 0001028  38.9500 321.1569 15.18689856359300
STARLINK-1277           
1 45369U 20019K   26263.56694554  .00079716  00000+0  41894-3 0  9990
2 45369  53.0370 275.7094 0004657  33.5762 326.5553 15.80048311360457
STARLINK-1281           
1 45370U 20019L   26263.51203378  .00038772  00000+0  84997-3 0  9995
2 45370  53.1541 332.5678 0004219  41.1991 318.9333 15.43724464359697
STARLINK-1300           
1 45374U 20019Q   26263.66570716  .00034075  00000+0  72152-3 0  9990
2 45374  53.1544 331.1753 0003262  35.9573 324.1653 15.44816526359727
STARLINK-1302           
1 45375U 20019R   26263.54517338  .00073171  00000+0  39779-3 0  9997
2 45375  53.0389 271.7338 0006954  49.3178 310.8445 15.79317773360500
STARLINK-1304           
1 45376U 20019S   26263.57968358  .00057105  00000+0  38447-3 0  9993
2 45376  53.0349 276.1554 0005401  47.2914 312.8559 15.74594232360440
STARLINK-1305           
1 45377U 20019T   26264.00002315  .00194880  25851-4  50301-3 0  9996
2 45377  53.0281 243.1325 0005799  73.9252 328.6796 15.94770884  5981
STARLINK-1266           
1 45383U 20019Z   26263.56292281  .00063395  00000+0  38545-3 0  9992
2 45383  53.0397 259.3859 0002071  49.6906 310.4294 15.76900066360672
STARLINK-1267           
1 45384U 20019AA  26264.00002315  .00052738  00000+0  21519-3 0  9992
2 45384  53.0367 244.5392 0005699  56.9674 177.1385 15.85605559  5911
STARLINK-1272           
1 45386U 20019AC  26263.33335648  .01139712  67231-3  21601-2 0  9990
2 45386  53.0282 221.5976 0001519 116.8164  73.3929 16.00271294  5991
STARLINK-1274           
1 45387U 20019AD  26264.00002315  .00116015  00000+0  42948-3 0  9993
2 45387  53.0068 224.3909 0007125  87.3543 249.0503 15.87281372  6019
STARLINK-1283           
1 45389U 20019AF  26264.00002315  .00110914  15572-4  37375-3 0  9990
2 45389  53.0262 219.6684 0005297  85.4256 139.6050 15.89920510  6031
STARLINK-1284           
1 45390U 20019AG  26263.25153974  .00113364  00000+0  44834-3 0  9991
2 45390  53.0354 249.2358 0006110  37.2255 322.9190 15.85947802360787
STARLINK-1297           
1 45395U 20019AM  26264.00002315  .00205967  27365-4  55759-3 0  9999
2 45395  53.0316 241.7182 0006397  62.1806  67.0310 15.93854116  6050
STARLINK-1307           
1 45397U 20019AP  26263.54305619  .00037319  00000+0  39125-3 0  9997
2 45397  53.0483 265.7012 0003486  63.8688 296.2684 15.64042087360414
STARLINK-1255           
1 45399U 20019AR  26263.50879423  .00068283  00000+0  41387-3 0  9991
2 45399  53.0316 225.3570 0005880  85.1741 274.9949 15.76922459360958
STARLINK-1260           
1 45404U 20019AW  26263.78574823  .00037792  00000+0  74379-3 0  9992
2 45404  53.1514 291.5132 0003684  36.6230 323.5029 15.46903694360002
STARLINK-1263           
1 45405U 20019AX  26263.56817000  .00032332  00000+0  69974-3 0  9996
2 45405  53.1525 296.0299 0004072  47.8368 312.2984 15.44194394359928
STARLINK-1265           
1 45406U 20019AY  26263.79141180  .00050837  00000+0  93712-3 0  9998
2 45406  53.1516 290.9047 0004708  21.8724 338.2485 15.48653844360017
STARLINK-1278           
1 45408U 20019BA  26264.00002315  .01100606  61793-3  21229-2 0  9995
2 45408  53.0281 239.4955 0001246 102.2086  62.6364 15.99953058  5995
STARLINK-1296           
1 45412U 20019BE  26263.58400548  .00037681  00000+0  72965-3 0  9997
2 45412  53.1508 291.7122 0003957  33.9039 326.2221 15.47375239359983
STARLINK-1309           
1 45414U 20019BG  26264.00002315  .00174702  22262-4  56476-3 0  9991
2 45414  53.0500 235.6651 0005951  60.1758 112.3223 15.90511334  6033
STARLINK-1316           
1 45415U 20019BH  26263.58151837  .00017193  00000+0  32375-3 0  9991
2 45415  53.1497 291.2525 0005521  30.0712 330.0613 15.48648005360019
STARLINK-1286           
1 45417U 20019BK  26264.00002315  .00025883  00000+0  14433-3 0  9997
2 45417  53.0372 253.7193 0003417  38.4494 115.4031 15.79274507  5906
STARLINK-1308           
1 45419U 20019BM  26263.60402851  .00063344  00000+0  38456-3 0  9998
2 45419  53.0398 274.9491 0007334  27.9766 332.1646 15.76902783360207
STARLINK-1329           
1 45531U 20025A   26264.00002315  .01049403  55425-3  20364-2 0  9990
2 45531  53.0301 187.7794 0000866 111.2096  13.9215 15.99834203  5948
STARLINK-1338           
1 45532U 20025B   26264.00002315  .00116553  00000+0  41860-3 0  9991
2 45532  53.0346 198.1201 0004500  71.0074 292.8388 15.87916694  5980
STARLINK-1350           
1 45535U 20025E   26263.53400340  .00036715  00000+0  80895-3 0  9993
2 45535  53.0701 193.8872 0002678  89.0786 271.0526 15.43602606356166
STARLINK-1362           
1 45538U 20025H   26263.54957168  .00031304  00000+0  63417-3 0  9992
2 45538  53.1515 265.1238 0002344  85.0120 275.1155 15.46157999355165
STARLINK-1368           
1 45540U 20025K   26263.54357815  .00028885  00000+0  57293-3 0  9993
2 45540  53.1496 265.2995 0004275  54.4244 305.7162 15.46811100355157
STARLINK-1371           
1 45542U 20025M   26264.00002315  .00008038  00000+0  42698-4 0  9991
2 45542  53.0360 211.0179 0006046  75.1746 320.1040 15.81654165  6015
STARLINK-1372           
1 45543U 20025N   26263.60274847  .00019012  00000+0  37989-3 0  9998
2 45543  53.1525 264.2011 0003719  62.3568 297.7817 15.46859315354279
STARLINK-1373           
1 45544U 20025P   26263.47969411  .00105668  00000+0  44895-3 0  9999
2 45544  53.0348 207.0818 0005116  69.6903 290.4670 15.84494024355922
STARLINK-1327           
1 45555U 20025AA  26263.14614115  .00127330  00000+0  44642-3 0  9993
2 45555  53.0321 184.4457 0004963  87.6839 272.4753 15.88363137356207
STARLINK-1356           
1 45564U 20025AK  26263.46056592  .00061098  00000+0  40014-3 0  9994
2 45564  53.0369 202.4205 0003460  64.8183 295.3194 15.75214847355987
STARLINK-1357           
1 45565U 20025AL  26262.44532957  .00107803  00000+0  45899-3 0  9997
2 45565  53.0361 159.4148 0006629 113.9184 246.2533 15.84428890356500
STARLINK-1361           
1 45567U 20025AN  26263.96142698  .00084751  00000+0  41454-3 0  9995
2 45567  53.0346 195.2391 0005373  82.2960 277.8671 15.81582407356132
STARLINK-1376           
1 45570U 20025AR  26263.48190721  .00037930  00000+0  73281-3 0  9996
2 45570  53.1512 240.8098 0004940  59.9232 300.2265 15.47433715355492
STARLINK-1321           
1 45573U 20025AU  26263.48811848  .00109507  00000+0  51058-3 0  9997
2 45573  53.0337 181.0328 0004963  94.1877 265.9712 15.82512916355980
STARLINK-1331           
1 45578U 20025AZ  26263.91172498  .00078473  00000+0  37638-3 0  9996
2 45578  53.0395 186.1163 0004731  82.9386 277.2173 15.82039722356263
STARLINK-1333           
1 45580U 20025BB  26263.93270859  .00027433  00000+0  58743-3 0  9991
2 45580  53.1517 242.4885 0003595  73.0641 287.0760 15.44598161355515
STARLINK-1335           
1 45581U 20025BC  26263.58688525  .00061348  00000+0  12046-2 0  9994
2 45581  53.1494 239.5400 0006026  75.6336 284.5341 15.46743974355514
STARLINK-1337           
1 45582U 20025BD  26264.00002315  .00254942  38432-4  48322-3 0  9996
2 45582  53.0327 166.9327 0004128 132.5555  36.8249 16.00271646  6046
STARLINK-1347           
1 45586U 20025BH  26263.06385074  .00094380  00000+0  43167-3 0  9996
2 45586  53.0331 149.3361 0004756 126.6430 233.5029 15.82983760356687
STARLINK-1364           
1 45589U 20025BL  26261.19398451  .00098196  00000+0  44393-3 0  9995
2 45589  53.0326 194.9503 0003202  90.4088 269.7301 15.83223849355881
STARLINK-1365           
1 45590U 20025BM  26263.49657260  .00063518  00000+0  40885-3 0  9990
2 45590  53.0381 222.3563 0004202  65.0523 295.0932 15.75593427355727
STARLINK-1443           
1 45660U 20035D   26263.90379659  .00028080  00000+0  68978-3 0  9996
2 45660  53.1295 233.6558 0004156  57.5929 302.5477 15.40468001348702
STARLINK-1446           
1 45663U 20035G   26262.16966271  .00029762  00000+0  46349-3 0  9994
2 45663  53.0170 153.0783 0003722 129.5757 230.5582 15.53654945349647
STARLINK-1448           
1 45665U 20035J   26264.00002315  .01027491  51562-3  21801-2 0  9997
2 45665  53.0310 164.3286 0001255 115.2087 317.3876 15.98243889  6038
STARLINK-1451           
1 45668U 20035M   26263.68375651  .00017195  00000+0  83392-3 0  9999
2 45668  53.0518 259.6021 0002458  62.7033 297.4211 15.18615613348297
STARLINK-1452           
1 45669U 20035N   26263.96199082  .00044338  00000+0  34192-3 0  9996
2 45669  53.0177 150.8072 0000367 333.9178  26.1820 15.71529137349835
STARLINK-1453           
1 45670U 20035P   26263.93051880  .00508691  13867-3  60155-3 0  9992
2 45670  53.0255 123.1287 0003140 250.3912 109.6782 16.07977471350109
STARLINK-1454           
1 45671U 20035Q   26264.00002315  .00152083  19747-4  45758-3 0  9997
2 45671  53.0342 167.0250 0004851 108.2068 311.9270 15.91970839  6030
STARLINK-1456           
1 45673U 20035S   26263.26459995  .00087247  00000+0  41823-3 0  9991
2 45673  53.0373 169.0207 0005224  91.4173 268.7447 15.82006592349520
STARLINK-1458           
1 45675U 20035U   26263.93305860  .00069723  00000+0  41522-3 0  9993
2 45675  53.0384 184.8450 0004835 100.8032 259.3533 15.77319702349329
STARLINK-1460           
1 45676U 20035V   26263.53674381  .00042231  00000+0  90725-3 0  9991
2 45676  53.1513 231.7438 0002957  66.4963 293.6354 15.44288252348663
STARLINK-1392           
1 45677U 20035W   26263.63835742  .00054334  00000+0  10323-2 0  9995
2 45677  53.1455 227.2041 0001715  73.6958 286.4238 15.47766801348771
STARLINK-1394           
1 45679U 20035Y   26263.82062181  .00033360  00000+0  18412-3 0  9991
2 45679  53.0305 157.7626 0005087 108.1500 252.0074 15.79345224349725
STARLINK-1402           
1 45685U 20035AE  26263.42707437  .00057223  00000+0  38559-3 0  9992
2 45685  53.0362 154.0049 0004744 101.5685 258.5866 15.74577758349751
STARLINK-1404           
1 45686U 20035AF  26263.95548317  .00050114  00000+0  71139-3 0  9994
2 45686  53.1498 202.3581 0004992 102.1217 258.0355 15.55940825349154
STARLINK-1413           
1 45689U 20035AJ  26263.53695198  .00042431  00000+0  93209-3 0  9996
2 45689  53.1521 216.6787 0002580  93.5576 266.5726 15.43626791348832
STARLINK-1417           
1 45693U 20035AN  26263.66506387  .00025786  00000+0  11452-2 0  9999
2 45693  53.0411 244.3751 0004338  99.9600 260.1885 15.21395404348492
STARLINK-1420           
1 45695U 20035AQ  26264.00002315  .00144394  00000+0  52755-3 0  9991
2 45695  53.0356 136.1620 0004809 126.1972 216.6214 15.87478378  5725
STARLINK-1422           
1 45696U 20035AR  26263.16112698  .00046785  00000+0  94424-3 0  9998
2 45696  53.1510 217.0810 0005840  61.2190 298.9404 15.46064648348872
STARLINK-1351           
1 45697U 20035AS  26263.06302968  .00060606  00000+0  34931-3 0  9994
2 45697  53.0354 145.5518 0005374 116.4850 243.6722 15.78106809349834
STARLINK-1400           
1 45700U 20035AV  26263.94877656  .00108967  00000+0  41101-3 0  9997
2 45700  53.0365 139.8375 0004068 110.5552 249.5908 15.86951089349985
STARLINK-1403           
1 45701U 20035AW  26263.56223269  .00040012  00000+0  90921-3 0  9991
2 45701  53.1507 204.8446 0003137  90.5847 269.5519 15.42644324349070
STARLINK-1407           
1 45703U 20035AY  26263.15791607  .00322247  56110-4  55369-3 0  9992
2 45703  53.0165  63.9879 0004382 316.8475  43.2211 16.01912088350977
STARLINK-1423           
1 45710U 20035BF  26263.19914877  .00099039  00000+0  43030-3 0  9994
2 45710  53.0365 140.9481 0006117 104.7650 255.4050 15.84041847349892
STARLINK-1433           
1 45711U 20035BG  26264.00002315  .01094435  61604-3  20422-2 0  9997
2 45711  53.0331 130.4489 0000752  98.5440 167.9056 16.00531537  5996
STARLINK-1434           
1 45712U 20035BH  26263.44664615  .00038181  00000+0  86107-3 0  9999
2 45712  53.0457 186.4753 0004446  69.7136 290.4346 15.42885440349307
STARLINK-1465           
1 45731U 20038B   26263.49799108  .00097814  00000+0  42946-3 0  9995
2 45731  53.0403 344.2059 0003912   2.7715 357.3328 15.83841430346923
STARLINK-1471           
1 45735U 20038F   26263.55784737  .00028069  00000+0  32368-3 0  9991
2 45735  53.0402 280.2105 0003076  43.4693 316.6562 15.61743572347849
STARLINK-1480           
1 45741U 20038M   26263.50422496  .00073299  00000+0  43648-3 0  9992
2 45741  53.0468 341.1149 0006035   7.3845 352.7263 15.77293208346985
STARLINK-1500           
1 45744U 20038Q   26263.49289325  .00021243  00000+0  46473-3 0  9996
2 45744  53.0348 352.2858 0001768 123.4896 236.6278 15.44118899346824
STARLINK-1504           
1 45746U 20038S   26263.22617702  .00037115  00000+0  34941-3 0  9995
2 45746  53.0159 274.3455 0003460  64.9882 295.1492 15.66751333347872
STARLINK-1506           
1 45747U 20038T   26263.92509703  .00006498  00000+0  22075-3 0  9999
2 45747  53.0750  15.5848 0003567 149.2783 210.8427 15.31733163346555
STARLINK-1464           
1 45751U 20038X   26263.85097909  .00046291  00000+0  34112-3 0  9996
2 45751  53.0431 341.2699 0002010  56.6341 303.4869 15.72587323347013
STARLINK-1477           
1 45754U 20038AA  26263.88092254  .00019798  00000+0  81837-3 0  9998
2 45754  53.0198  38.9551 0001638 161.0609 199.0448 15.23999712346203
STARLINK-1478           
1 45755U 20038AB  26264.00002315  .00204109  00000+0  67739-3 0  9990
2 45755  53.0377 310.8525 0005344   3.9317 252.8870 15.89240183  5925
STARLINK-1493           
1 45759U 20038AF  26263.64625584  .00068736  00000+0  41235-3 0  9999
2 45759  53.0392 328.0567 0006586   8.4506 351.6624 15.77146362347163
STARLINK-1502           
1 45764U 20038AL  26263.89050681  .00061593  00000+0  38041-3 0  9997
2 45764  53.0385 331.3789 0003131 349.5367  10.5586 15.76553191347159
STARLINK-1470           
1 45772U 20038AU  26263.83916995  .00027479  00000+0  61769-3 0  9997
2 45772  53.0416 337.6505 0003405 356.5901   3.5080 15.43153375347069
STARLINK-1482           
1 45773U 20038AV  26263.51627756  .00037476  00000+0  75059-3 0  9992
2 45773  53.1542 354.6619 0002908 349.1077  10.9867 15.46400996346831
STARLINK-1496           
1 45780U 20038BC  26264.00002315  .00125088  00000+0  49065-3 0  9998
2 45780  53.0357 296.3072 0003967   7.4845 356.4886 15.86092880  6037
STARLINK-1513           
1 45786U 20038BJ  26263.73922170  .00025911  00000+0  73893-3 0  9993
2 45786  53.1587   2.5248 0002821 338.0810  22.0072 15.35913740346743
STARLINK-1522           
1 46027U 20055A   26263.44479497  .00015352  00000+0  77883-3 0  9999
2 46027  53.0623 322.9836 0001914  11.9941 348.1098 15.17124383338375
STARLINK-1523           
1 46028U 20055B   26263.80441095  .00032744  00000+0  86994-3 0  9990
2 46028  53.1574 297.4889 0001458 351.6483   8.4496 15.37993815338817
STARLINK-1526           
1 46029U 20055C   26263.58153794  .00000506  00000+0  28061-4 0  9995
2 46029  53.1613 300.4249 0001309  89.8209 270.2943 15.31700870338747
STARLINK-1555           
1 46032U 20055F   26263.37181465  .00000285  00000+0  20944-4 0  9998
2 46032  53.1595 301.4122 0001313  98.6970 261.4180 15.31698898338717
STARLINK-1556           
1 46033U 20055G   26263.80991943  .00001234  00000+0  51514-4 0  9999
2 46033  53.1602 299.3668 0001176  88.1608 271.9528 15.31697099338754
STARLINK-1557           
1 46034U 20055H   26263.42774928  .00000867  00000+0  39702-4 0  9996
2 46034  53.1613 301.2069 0001289 102.2514 257.8632 15.31695239338690
STARLINK-1558           
1 46035U 20055J   26263.37650126  .00006375  00000+0  21721-3 0  9995
2 46035  53.1603 301.5195 0001502  66.1554 293.9605 15.31670243338715
STARLINK-1560           
1 46036U 20055K   26263.81459500  .00000815  00000+0  38011-4 0  9992
2 46036  53.1598 299.4318 0001279  85.0205 275.0943 15.31699969338784
STARLINK-1569           
1 46039U 20055N   26263.43240847 -.00000936  00000+0 -18360-4 0  9996
2 46039  53.1613 301.1189 0002484  39.7959 320.3224 15.31693388338711
STARLINK-1582           
1 46043U 20055S   26263.83245596  .00000178  00000+0  17487-4 0  9996
2 46043  53.1603 298.5583 0001238  76.5114 283.6025 15.31702455338783
STARLINK-1591           
1 46045U 20055U   26263.59553212  .00017482  00000+0  57451-3 0  9998
2 46045  53.1615 300.3609 0002025  91.8204 268.3029 15.31658434338729
STARLINK-1524           
1 46047U 20055W   26263.60604868  .00006221  00000+0  21201-3 0  9999
2 46047  53.1605 286.9108 0001272  79.3429 280.7716 15.31709411338932
STARLINK-1527           
1 46048U 20055X   26263.60136717 -.00000497  00000+0 -42581-5 0  9990
2 46048  53.1567 286.9093 0001484  95.1457 264.9714 15.31704044338901
STARLINK-1540           
1 46051U 20055AA  26263.58742317  .00000554  00000+0  29613-4 0  9992
2 46051  53.1596 287.1881 0001397  66.6521 293.4627 15.31700093338947
STARLINK-1543           
1 46053U 20055AC  26263.23318364 -.00000305  00000+0  19632-5 0  9993
2 46053  53.1627 288.6509 0002025  88.2128 271.9106 15.31706931338882
STARLINK-1548           
1 46054U 20055AD  26263.37767242  .00000158  00000+0  16865-4 0  9991
2 46054  53.1598 288.0487 0001317  82.7843 277.3308 15.31700399338904
STARLINK-1554           
1 46055U 20055AE  26263.55477262  .00000731  00000+0  35315-4 0  9990
2 46055  53.1589 287.1693 0001334  90.4656 269.6498 15.31700973338936
STARLINK-1564           
1 46058U 20055AH  26263.39216669  .00000264  00000+0  20261-4 0  9992
2 46058  53.1593 289.3539 0001148  76.1880 283.9249 15.31702629338887
STARLINK-1570           
1 46059U 20055AJ  26263.38697194  .00002567  00000+0  94425-4 0  9999
2 46059  53.1584 287.8273 0001116  80.4950 279.6177 15.31704878338865
STARLINK-1572           
1 46060U 20055AK  26263.59258353  .00000820  00000+0  38191-4 0  9992
2 46060  53.1615 288.4256 0001382  64.0969 296.0175 15.31698140338880
STARLINK-1573           
1 46061U 20055AL  26263.24248433 -.00000148  00000+0  69952-5 0  9997
2 46061  53.1594 288.4791 0001402  70.2440 289.8713 15.31699108338880
STARLINK-1577           
1 46063U 20055AN  26263.59669502  .00000815  00000+0  38026-4 0  9998
2 46063  53.1581 286.8146 0001348  82.6542 277.4613 15.31702847338936
STARLINK-1583           
1 46064U 20055AP  26263.54550404 -.00001443  00000+0 -34752-4 0  9996
2 46064  53.1586 287.5602 0001373  82.6952 277.4205 15.31691982338912
STARLINK-1525           
1 46066U 20055AR  26263.93349202  .00194927  00000+0  19235-2 0  9998
2 46066  53.0416 250.3033 0010806  64.7480 295.4653 15.64729788339436
STARLINK-1536           
1 46070U 20055AV  26263.22053552 -.00000447  00000+0 -26336-5 0  9993
2 46070  53.1617 276.4603 0002190  67.9389 292.1845 15.31693920339043
STARLINK-1542           
1 46073U 20055AY  26263.57115788  .00001583  00000+0  62779-4 0  9994
2 46073  53.1588 277.7898 0001426  98.5010 261.6153 15.31702200339040
STARLINK-1549           
1 46074U 20055AZ  26263.60257174  .00033083  00000+0  83004-3 0  9998
2 46074  53.0472 270.7888 0004390  24.6590 335.4622 15.39736979339117
STARLINK-1551           
1 46075U 20055BA  26263.60304229  .00001108  00000+0  47442-4 0  9993
2 46075  53.1591 274.6159 0001160  96.7675 263.3458 15.31708144339099
STARLINK-1552           
1 46076U 20055BB  26263.58900164  .00000759  00000+0  36209-4 0  9991
2 46076  53.1595 274.2577 0001280  83.4547 276.6600 15.31708920339085
STARLINK-1559           
1 46077U 20055BC  26263.64653000  .00049861  00000+0  93812-3 0  9992
2 46077  53.0170 233.3050 0003340  52.3890 307.7419 15.48077462339601
STARLINK-1566           
1 46079U 20055BE  26263.59364710  .00000632  00000+0  32128-4 0  9992
2 46079  53.1597 274.0888 0001448  77.4006 282.7158 15.31704402339102
STARLINK-1568           
1 46080U 20055BF  26263.45033645  .00050779  00000+0  53456-3 0  9992
2 46080  53.0533 171.7468 0004299  75.4241 284.7250 15.63794388340492
STARLINK-1578           
1 46082U 20055BH  26263.59803577  .00000957  00000+0  42604-4 0  9995
2 46082  53.1594 274.5906 0001245  96.1944 263.9199 15.31706166339096
STARLINK-1579           
1 46083U 20055BJ  26263.51908386  .00001065  00000+0  46070-4 0  9994
2 46083  53.1598 274.4886 0001397  85.6001 274.5160 15.31701522339088
STARLINK-1596           
1 46141U 20057AA  26263.90854382  .00089914  00000+0  53000-3 0  9999
2 46141  53.0310 358.2394 0004403   8.3703 351.7389 15.77451660337760
STARLINK-1608           
1 46146U 20057AF  26263.85318502  .00043360  00000+0  87317-3 0  9990
2 46146  53.1525 113.3393 0000344  46.4263 313.6773 15.46177807336191
STARLINK-1641           
1 46174U 20057BK  26264.00002315  .00186667  00000+0  67466-3 0  9992
2 46174  53.0395  47.1578 0003244 287.3067  13.0638 15.87585302  6019
STARLINK-1762           
1 46342U 20062T   26263.32247060  .00047696  00000+0  88238-3 0  9995
2 46342  53.1506 174.8889 0004814 118.1368 242.0128 15.48578705334369
STARLINK-1553           
1 46348U 20062Z   26263.94793101  .00020553  00000+0  41106-3 0  9997
2 46348  53.0329 101.2573 0003547  87.5663 272.5750 15.46776016335419
STARLINK-1661           
1 46355U 20062AG  26263.16663068  .00051996  00000+0  97103-3 0  9990
2 46355  53.1507 175.4195 0003788 122.6998 237.4377 15.48274466334348
STARLINK-1724           
1 46375U 20062BC  26263.76545916  .07779263  12412-4  65487-3 0  9995
2 46375  52.9963  34.9742 0010147 304.3786  55.6299 16.38607988336301
STARLINK-1771           
1 46384U 20062BM  26263.54725274  .00056378  00000+0  38477-3 0  9990
2 46384  53.0316 114.3491 0003390 135.5454 224.5837 15.74295288335182
STARLINK-1672           
1 46537U 20070F   26264.00002315  .01058509  55867-3  21372-2 0  9994
2 46537  53.0288 256.1484 0001906 114.3607 334.3597 15.99133488  5922
STARLINK-1664           
1 46553U 20070X   26263.60263804  .00067634  00000+0  56855-3 0  9997
2 46553  53.0348 273.2542 0007416  31.0267 329.1186 15.69246729330401
STARLINK-1730           
1 46563U 20070AH  26264.00002315  .00080976  00000+0  39697-3 0  9990
2 46563  53.0140 247.4771 0003998  44.9334  31.4239 15.81559426  6012
STARLINK-1797           
1 46698U 20073AE  26263.65518081  .00983878  49297-3  17396-2 0  9993
2 46698  53.0286 322.1534 0003013  50.3603 309.7692 16.01425442328258
STARLINK-1802           
1 46702U 20073AJ  26263.93831863  .00038490  00000+0  71100-3 0  9996
2 46702  53.1526  18.0520 0001906 329.2843  30.8054 15.48727452327542
STARLINK-1807           
1 46706U 20073AN  26263.91505161  .00028472  00000+0  73975-3 0  9998
2 46706  53.0561  37.7405 0000503  68.0997 292.0059 15.38750988327236
STARLINK-1810           
1 46709U 20073AR  26264.00002315  .00254859  35737-4  72250-3 0  9990
2 46709  53.0285 352.0955 0009604 349.5446 294.7734 15.92875322  6033
STARLINK-1821           
1 46718U 20073BA  26263.57577340  .00120953  00000+0  94646-3 0  9996
2 46718  53.0342   7.4881 0002629 328.5231  31.5628 15.70755546327626
STARLINK-1828           
1 46725U 20073BH  26264.00002315  .00738885  24926-3  16943-2 0  9997
2 46725  53.0392 349.0616 0002574  24.6521 222.9101 15.96792240  5989
STARLINK-1777           
1 47122U 20088A   26263.52016491  .00744084  30717-3  81117-3 0  9990
2 47122  53.0332  37.4070 0004206 352.8344   7.2628 16.09240909322738
STARLINK-1812           
1 47126U 20088E   26263.34681971  .00026510  00000+0  10138-2 0  9994
2 47126  53.0978 126.6300 0003288 119.3093 240.8234 15.26429787321492
STARLINK-1856           
1 47143U 20088X   26264.00002315  .00409496  83308-4  75774-3 0  9999
2 47143  53.0349  26.2397 0008556 329.4078   0.9875 16.00551932  6031
STARLINK-1871           
1 47157U 20088AM  26263.93320686  .00046793  00000+0  95591-3 0  9998
2 47157  53.1520 100.1048 0001321 168.7104 191.3933 15.45724558321944
STARLINK-1888           
1 47171U 20088BB  26263.61089203  .06307439  12333-4  68465-3 0  9996
2 47171  53.0255  33.1699 0007488 315.1246  44.9192 16.36502802322809
STARLINK-1913           
1 47179U 20088BK  26263.55279175  .00040588  00000+0  89670-3 0  9993
2 47179  53.1528 114.5846 0001456 121.1091 239.0058 15.43479481321700
STARLINK-2017           
1 47351U 21005C   26263.92811894  .00034377  00000+0  10237-2 0  9997
2 47351  53.1560 184.6646 0003308 107.2316 252.9049 15.34401705313649
STARLINK-2034           
1 47352U 21005D   26263.43229373  .00001549  00000+0  61662-4 0  9994
2 47352  53.1594 226.4264 0001516 116.4236 243.6922 15.31699968313015
STARLINK-2045           
1 47353U 21005E   26263.22351686 -.00001791  00000+0 -45930-4 0  9996
2 47353  53.1583 175.3259 0001375 101.3138 258.8018 15.31718873313715
STARLINK-2046           
1 47354U 21005F   26263.53625699  .00027500  00000+0  83078-3 0  9997
2 47354  53.1568 196.8835 0003513  92.1835 267.9570 15.34061785313433
STARLINK-2047           
1 47355U 21005G   26262.28944845 -.00000416  00000+0 -16300-5 0  9991
2 47355  53.1609 190.0145 0001206  92.7261 267.3878 15.31700951313411
STARLINK-2049           
1 47356U 21005H   26263.58198299  .00000713  00000+0  34732-4 0  9996
2 47356  53.1596 209.9775 0001411 106.7247 253.3909 15.31702543313244
STARLINK-2050           
1 47357U 21005J   26263.63540891 -.00000639  00000+0 -88314-5 0  9997
2 47357  53.1595 235.6404 0000876 103.2594 256.8505 15.31701370312897
STARLINK-2055           
1 47358U 21005K   26263.47392949  .00033981  00000+0  91548-3 0  9994
2 47358  53.1546 209.1691 0003490  68.9384 291.1993 15.37540977313240
STARLINK-2071           
1 47361U 21005N   26263.51280106  .00001435  00000+0  58008-4 0  9998
2 47361  53.1589 210.7598 0002143 137.3179 222.7989 15.31696457313224
STARLINK-2076           
1 47362U 21005P   26263.63243553  .00123930  00000+0  25943-2 0  9992
2 47362  53.1594 228.5981 0001747  34.6731 325.4390 15.44548328312993
STARLINK-2081           
1 47366U 21005T   26263.23888063 -.00000241  00000+0  40105-5 0  9993
2 47366  53.1604 237.1920 0001257  97.9227 262.1918 15.31704834312834
STARLINK-2082           
1 47367U 21005U   26263.92401902  .00000947  00000+0  42283-4 0  9993
2 47367  53.1601 234.0817 0001286  89.6481 270.4668 15.31704357312941
STARLINK-2084           
1 47368U 21005V   26263.64002929 -.00000003  00000+0  11668-4 0  9996
2 47368  53.1614 235.2452 0001041  96.1258 263.9862 15.31697880312909
STARLINK-2088           
1 47371U 21005Y   26263.64520830  .00000482  00000+0  27286-4 0  9999
2 47371  53.1594 239.0595 0001258  94.2861 265.8285 15.31693175312845
STARLINK-2092           
1 47373U 21005AA  26263.58376677 -.00001086  00000+0 -23217-4 0  9995
2 47373  53.1579 235.4860 0001348  89.1806 270.9349 15.31701836312894
STARLINK-2094           
1 47375U 21005AC  26263.93798856  .00001263  00000+0  52474-4 0  9995
2 47375  53.1581 233.8717 0001267  74.5593 285.5549 15.31695512312946
STARLINK-2096           
1 47376U 21005AD  26263.94265403  .00000371  00000+0  23724-4 0  9999
2 47376  53.1594 233.8594 0001073  79.1642 280.9480 15.31695803312941
STARLINK-2097           
1 47377U 21005AE  26263.91120102  .00000764  00000+0  36395-4 0  9997
2 47377  53.1602 237.7560 0001489  90.7011 269.4161 15.31688729312888
STARLINK-2098           
1 47378U 21005AF  26263.28327699  .00001048  00000+0  45519-4 0  9992
2 47378  53.1608 188.5685 0001401  86.6732 273.4430 15.31716632313536
STARLINK-2099           
1 47379U 21005AG  26263.87977858  .00000648  00000+0  32648-4 0  9990
2 47379  53.1607 185.1597 0001266 105.7063 254.4079 15.31697681313631
STARLINK-2101           
1 47381U 21005AJ  26263.48131991  .00013091  00000+0  40341-3 0  9994
2 47381  53.1586 210.7547 0001366  84.4890 275.6268 15.33963943313232
STARLINK-2102           
1 47382U 21005AK  26263.54728528  .00000024  00000+0  12536-4 0  9998
2 47382  53.1595 199.7080 0001351  90.7136 269.4020 15.31703499313398
STARLINK-2103           
1 47383U 21005AL  26263.42491242  .00038006  00000+0  84863-3 0  9998
2 47383  53.1550 182.5233 0001483  83.3720 276.7455 15.43193897313631
STARLINK-2104           
1 47384U 21005AM  26263.15392040  .00000963  00000+0  42779-4 0  9997
2 47384  53.1589 212.4286 0001321  86.0598 274.0555 15.31710862313174
STARLINK-2105           
1 47385U 21005AN  26263.47013549  .00000336  00000+0  22589-4 0  9998
2 47385  53.1605 210.6159 0001282  84.6089 275.5058 15.31711103313227
STARLINK-2106           
1 47386U 21005AP  26263.33568379  .00001272  00000+0  52718-4 0  9997
2 47386  53.1596 211.6021 0001233  73.0561 287.0575 15.31714460313208
STARLINK-2109           
1 47388U 21005AR  26263.95038264  .00036155  00000+0  10530-2 0  9994
2 47388  53.1558 236.9378 0004654  62.6695 297.4781 15.35074353312897
STARLINK-2110           
1 47389U 21005AS  26263.55154674  .00036495  00000+0  94973-3 0  9996
2 47389  53.1531 207.6532 0004806  65.2547 294.8957 15.38570229313286
STARLINK-2111           
1 47390U 21005AT  26263.92017023  .00002450  00000+0  90636-4 0  9992
2 47390  53.1603 237.7624 0001329 105.8080 254.3068 15.31715190312884
STARLINK-2112           
1 47391U 21005AU  26263.49781844  .00017462  00000+0  92042-3 0  9995
2 47391  53.0633 230.1357 0002304  76.2950 283.8300 15.15678430312926
STARLINK-2119           
1 47397U 21005BA  26263.92651097  .00036399  00000+0  84083-3 0  9991
2 47397  53.1535 229.2475 0001456  27.2128 332.8954 15.42198492313010
STARLINK-2121           
1 47399U 21005BC  26263.49805652  .00000808  00000+0  37804-4 0  9999
2 47399  53.1598 210.0902 0001167  89.8157 270.2978 15.31700330313243
STARLINK-2122           
1 47400U 21005BD  26263.29717449 -.00000096  00000+0  86700-5 0  9996
2 47400  53.1600 187.8587 0001293  86.0343 274.0806 15.31710141313542
STARLINK-2123           
1 47401U 21005BE  26263.15318837  .00000696  00000+0  34175-4 0  9993
2 47401  53.1615 211.9634 0001292  96.0279 264.0870 15.31716769313181
STARLINK-2130           
1 47405U 21005BJ  26263.94729779  .00001309  00000+0  53953-4 0  9992
2 47405  53.1586 233.7318 0001540  85.2558 274.8619 15.31696767312947
STARLINK-2134           
1 47407U 21005BL  26263.91986866  .00012939  00000+0  39011-3 0  9992
2 47407  53.1577 209.7478 0003767  76.8785 283.2637 15.34667163313272
STARLINK-2135           
1 47408U 21005BM  26263.46967410  .00030475  00000+0  90198-3 0  9995
2 47408  53.1575 210.2624 0003823  83.4661 276.6777 15.34655504313234
STARLINK-1954           
1 47555U 21009H   26263.29084344  .00054367  00000+0  93256-3 0  9993
2 47555  53.0475 169.1240 0003978 103.9991 256.1460 15.50672208310963
STARLINK-2001           
1 47596U 21009BA  26263.70949146  .10085778  12485-4  57360-3 0  9996
2 47596  53.0119 131.6600 0007899 302.0665  57.9614 16.41850631311501
STARLINK-1609           
1 47621U 21012B   26264.00002315  .00038263  00000+0  48330-3 0  9999
2 47621  53.1503 215.5645 0004327  85.4339 321.7805 15.59194417  5956
STARLINK-1704           
1 47625U 21012F   26264.00002315  .00129554  00000+0  48450-3 0  9990
2 47625  53.0350 187.1915 0006573 116.1874 338.1578 15.87035962  6022
STARLINK-1972           
1 47627U 21012H   26264.00002315  .00263069  36662-4  83337-3 0  9993
2 47627  53.0371  84.2623 0002428 210.9214 264.4472 15.90808019  6025
STARLINK-1973           
1 47628U 21012J   26263.92933270 -.00000555  00000+0 -61061-5 0  9992
2 47628  53.1603 236.3804 0001367  79.2360 280.8795 15.31689973310002
STARLINK-1983           
1 47630U 21012L   26263.49877398  .00037200  00000+0  11085-2 0  9998
2 47630  53.1566 222.5676 0004098  79.7655 280.3810 15.34343115310138
STARLINK-1992           
1 47632U 21012N   26263.15182336 -.00000414  00000+0 -15589-5 0  9999
2 47632  53.1588 147.7098 0001119  84.9597 275.1532 15.31718196311152
STARLINK-2015           
1 47638U 21012U   26263.91622372  .00037395  00000+0  79434-3 0  9991
2 47638  53.1539 137.3454 0001031 154.5460 205.5598 15.44680233311367
STARLINK-2031           
1 47648U 21012AE  26263.62296515 -.00000709  00000+0 -11078-4 0  9998
2 47648  53.1595 222.3469 0001284  93.9569 266.1579 15.31698081310173
STARLINK-2033           
1 47650U 21012AG  26263.45902813  .00074130  00000+0  84431-3 0  9996
2 47650  53.1564 204.9236 0007270  80.9888 279.1949 15.61597102310384
STARLINK-2039           
1 47655U 21012AM  26262.49444820  .00039925  00000+0  11371-2 0  9998
2 47655  53.1578 242.3167 0005796  56.1300 304.0254 15.35724781309794
STARLINK-2040           
1 47656U 21012AN  26263.55304324 -.00000929  00000+0 -18160-4 0  9990
2 47656  53.1590 222.6624 0001295  97.1306 262.9843 15.31705576310154
STARLINK-2068           
1 47722U 21017A   26263.93235832 -.00000926  00000+0 -18046-4 0  9998
2 47722  53.1612   2.3882 0001543  76.1809 283.9364 15.31711370307991
STARLINK-2107           
1 47723U 21017B   26263.56539789  .00029144  00000+0  76947-3 0  9990
2 47723  53.1608 298.2618 0003754  40.4116 319.7167 15.38241867308829
STARLINK-2131           
1 47728U 21017G   26264.00002315  .00236257  31163-4  82193-3 0  9999
2 47728  53.0650 337.1056 0008602 352.1324  65.6228 15.88930018  6020
STARLINK-2140           
1 47730U 21017J   26263.95717311 -.00004500  00000+0 -13318-3 0  9994
2 47730  53.1606  28.2318 0001181  80.1938 279.9197 15.31734842307572
STARLINK-2143           
1 47733U 21017M   26263.81730805  .00001684  00000+0  66025-4 0  9997
2 47733  53.1607  28.6014 0001129  76.5412 283.5715 15.31701396307611
STARLINK-2144           
1 47734U 21017N   26263.55791539  .00000054  00000+0  13514-4 0  9995
2 47734  53.1616  17.0189 0001025  86.3310 273.7809 15.31699459307721
STARLINK-2147           
1 47736U 21017Q   26263.84304279  .00076311  00000+0  48205-3 0  9993
2 47736  53.0692 346.3988 0005500 351.1351   8.9570 15.75942556308171
STARLINK-2150           
1 47739U 21017T   26263.94415946  .00000776  00000+0  36753-4 0  9999
2 47739  53.1613  30.5292 0001137  84.5936 275.5195 15.31699588307604
STARLINK-2156           
1 47742U 21017W   26263.55593531 -.00000548  00000+0 -58860-5 0  9990
2 47742  53.1631   7.2892 0001306  98.0217 262.0933 15.31699677307896
STARLINK-2160           
1 47746U 21017AA  26263.73384284  .00069552  00000+0  39348-3 0  9993
2 47746  53.1530 347.9550 0006605 352.8559   7.2367 15.78460032308118
STARLINK-2161           
1 47747U 21017AB  26263.55123665  .00000043  00000+0  13148-4 0  9999
2 47747  53.1612   7.0454 0001247  91.2116 268.9029 15.31702904307876
STARLINK-2164           
1 47750U 21017AE  26263.74607745  .00040409  00000+0  12382-2 0  9997
2 47750  53.1598   5.6131 0002442  11.4756 348.6301 15.33422664307885
STARLINK-2170           
1 47753U 21017AH  26263.80111555  .00031321  00000+0  93292-3 0  9999
2 47753  53.1587  15.4981 0002590 345.1276  14.9650 15.34444139307798
STARLINK-2178           
1 47760U 21017AQ  26263.90587128 -.00000471  00000+0 -34071-5 0  9997
2 47760  53.1596  28.2037 0001451  82.1554 277.9612 15.31706863307603
STARLINK-2185           
1 47767U 21017AX  26263.65303191  .00476258  11258-3  79245-3 0  9991
2 47767  53.1412 333.9232 0011838 356.7464   3.3489 16.02286938308351
STARLINK-2193           
1 47770U 21017BA  26263.87484548 -.00001913  00000+0 -49914-4 0  9999
2 47770  53.1618  15.5600 0001227  72.4546 287.6590 15.31696378307778
STARLINK-2194           
1 47771U 21017BB  26263.88817808  .00024835  00000+0  70865-3 0  9994
2 47771  53.1594  14.8164 0001992   7.6810 352.4224 15.35921187307792
STARLINK-2195           
1 47772U 21017BC  26263.91051856  .00009066  00000+0  30281-3 0  9999
2 47772  53.1613  28.7779 0001195 116.1321 243.9803 15.31779231307579
STARLINK-2196           
1 47773U 21017BD  26263.94447310  .00033765  00000+0  78211-3 0  9995
2 47773  53.1613  25.5400 0002527 345.7077  14.3857 15.42151531307617
STARLINK-2211           
1 47778U 21017BJ  26263.94825878  .00080480  00000+0  56401-3 0  9992
2 47778  53.1563 345.5726 0006232 359.8125   0.2891 15.73520803308191
STARLINK-2213           
1 47780U 21017BL  26263.59052825  .00000134  00000+0  16082-4 0  9990
2 47780  53.1615  16.7970 0001109  81.7157 278.3970 15.31706697307763
STARLINK-2257           
1 47787U 21018A   26263.56355923 -.00000525  00000+0 -51669-5 0  9997
2 47787  53.1590  58.7870 0001095  84.0745 276.0381 15.31689171306543
STARLINK-2314           
1 47788U 21018B   26263.88004354  .00044023  00000+0  80055-3 0  9990
2 47788  53.1528  19.9881 0001837 342.0493  18.0451 15.49114090307137
STARLINK-2315           
1 47789U 21018C   26263.87429332  .00001204  00000+0  50573-4 0  9994
2 47789  53.1610  50.9588 0001262  88.7680 271.3466 15.31696600306674
STARLINK-2319           
1 47790U 21018D   26263.96178662  .00002068  00000+0  78361-4 0  9997
2 47790  53.1599  27.9239 0001168  79.3723 280.7410 15.31710939307023
STARLINK-2322           
1 47791U 21018E   26263.92497608  .00032506  00000+0  74811-3 0  9993
2 47791  53.1582  51.4215 0002137 305.5216  54.5590 15.42364703306694
STARLINK-2334           
1 47792U 21018F   26263.60395168 -.00000821  00000+0 -14676-4 0  9998
2 47792  53.1629  52.0511 0001302  55.7577 304.3547 15.31699176306635
STARLINK-2338           
1 47793U 21018G   26263.68317920 -.00000568  00000+0 -65335-5 0  9994
2 47793  53.1586  51.6736 0001391 124.1657 235.9476 15.31696378306631
STARLINK-2373           
1 47796U 21018K   26263.94543386  .00038587  00000+0  87742-3 0  9997
2 47796  53.1533  45.3871 0000888 115.7418 244.3680 15.42643366306752
STARLINK-2377           
1 47797U 21018L   26263.89712842  .00002032  00000+0  77305-4 0  9998
2 47797  53.1690  66.9297 0001717  70.3436 289.7751 15.31676821306455
STARLINK-2379           
1 47798U 21018M   26263.57132787 -.00001089  00000+0 -23326-4 0  9995
2 47798  53.1601  52.1997 0001033  81.2192 278.8926 15.31706721306628
STARLINK-2380           
1 47799U 21018N   26263.58836043 -.00000227  00000+0  44322-5 0  9995
2 47799  53.1616  45.1227 0001006  91.0723 269.0394 15.31696965306722
STARLINK-2381           
1 47800U 21018P   26263.90687228  .00012505  00000+0  41365-3 0  9996
2 47800  53.1580  50.5505 0001188  84.8735 275.2402 15.31732502306679
STARLINK-2383           
1 47802U 21018R   26263.88318840  .00001504  00000+0  60242-4 0  9999
2 47802  53.1597  67.4612 0001142  93.5467 266.5665 15.31691718306457
STARLINK-2385           
1 47804U 21018T   26263.68840521  .00033375  00000+0  10329-2 0  9995
2 47804  53.1580  42.5608 0001399   9.7230 350.3799 15.33197324306772
STARLINK-2386           
1 47805U 21018U   26263.91680779  .00022499  00000+0  80512-3 0  9996
2 47805  53.0846  56.9762 0002475 110.2491 249.8775 15.28718173306579
STARLINK-2387           
1 47806U 21018V   26263.70767154  .00001653  00000+0  64997-4 0  9996
2 47806  53.1580  55.3956 0001081  82.7729 277.3395 15.31705840306668
STARLINK-2388           
1 47807U 21018W   26263.57493354  .00006579  00000+0  22336-3 0  9992
2 47807  53.1602  29.7342 0001167  80.7186 279.3948 15.31731528306947
STARLINK-2389           
1 47808U 21018X   26263.76322360  .00002542  00000+0  93623-4 0  9996
2 47808  53.1602  54.8069 0001041  80.8246 279.2873 15.31705791306671
STARLINK-2391           
1 47810U 21018Z   26263.85986962  .00000525  00000+0  28696-4 0  9990
2 47810  53.1615  67.4261 0001387  91.2214 268.8947 15.31699063306508
STARLINK-2395           
1 47814U 21018AD  26263.85877792  .00026453  00000+0  77192-3 0  9996
2 47814  53.1570  53.8930 0000189  34.6884 325.4131 15.35181318306707
STARLINK-2396           
1 47815U 21018AE  26263.97795653  .00003192  00000+0  11460-3 0  9996
2 47815  53.1576  53.8495 0001277  85.0387 275.0761 15.31697659306645
STARLINK-2399           
1 47816U 21018AF  26263.52962573 -.00000730  00000+0 -11765-4 0  9991
2 47816  53.1587  71.4347 0001258  88.6011 271.5135 15.31697165306347
STARLINK-2400           
1 47817U 21018AG  26263.15773144 -.00000384  00000+0 -60784-6 0  9997
2 47817  53.1605  58.1088 0001139  89.3107 270.8025 15.31702002306511
STARLINK-2402           
1 47819U 21018AJ  26263.60981380 -.00001996  00000+0 -52549-4 0  9990
2 47819  53.1603  55.9171 0001169  73.2011 286.9119 15.31708789306653
STARLINK-2406           
1 47821U 21018AL  26263.68436193  .00000537  00000+0  29057-4 0  9994
2 47821  53.1596  55.4447 0001144  95.3182 264.7950 15.31699315306601
STARLINK-2407           
1 47822U 21018AM  26263.60813091  .00002978  00000+0  10769-3 0  9993
2 47822  53.1569  68.1721 0001089  89.3685 270.7441 15.31702851306429
STARLINK-2408           
1 47823U 21018AN  26263.91646009  .00003767  00000+0  13303-3 0  9995
2 47823  53.1597  69.5069 0001356  72.4906 287.6244 15.31712739306410
STARLINK-2409           
1 47824U 21018AP  26263.57596797 -.00000085  00000+0  90337-5 0  9991
2 47824  53.1604  71.7545 0001240  83.0823 277.0319 15.31700521306346
STARLINK-2410           
1 47825U 21018AQ  26263.97331296 -.00000200  00000+0  53313-5 0  9999
2 47825  53.1594  54.0183 0001269  82.5005 277.6140 15.31704633306654
STARLINK-2411           
1 47826U 21018AR  26263.69867147 -.00000231  00000+0  43277-5 0  9990
2 47826  53.1606  57.8440 0000942  88.2093 271.9017 15.31700144306577
STARLINK-2413           
1 47827U 21018AS  26263.72593464  .00002824  00000+0  10276-3 0  9993
2 47827  53.1597  54.9302 0000893 100.2246 259.8856 15.31688806306668
STARLINK-2415           
1 47828U 21018AT  26263.87379467  .00000693  00000+0  34100-4 0  9990
2 47828  53.1600  66.9462 0001204  93.5396 266.5743 15.31703545306467
STARLINK-2419           
1 47830U 21018AV  26263.72469515  .00000535  00000+0  29014-4 0  9994
2 47830  53.1610  67.9614 0001094  98.2433 261.8693 15.31697652306421
STARLINK-2420           
1 47831U 21018AW  26263.94966079  .00000613  00000+0  31523-4 0  9991
2 47831  53.1611  53.9902 0001273  75.9722 284.1421 15.31701851306682
STARLINK-2422           
1 47832U 21018AX  26263.88514817  .00000914  00000+0  41210-4 0  9992
2 47832  53.1612  57.3054 0001247  93.8578 266.2567 15.31699846306591
STARLINK-2423           
1 47833U 21018AY  26263.85961553  .00003199  00000+0  11479-3 0  9994
2 47833  53.1596  68.0257 0001190  89.0156 271.0982 15.31706107306485
STARLINK-2424           
1 47834U 21018AZ  26263.92234436  .00001958  00000+0  74835-4 0  9993
2 47834  53.1590  56.4704 0001125  90.0793 270.0337 15.31705332306667
STARLINK-2426           
1 47836U 21018BB  26263.73124882 -.00000182  00000+0  58783-5 0  9991
2 47836  53.1605  57.3119 0000940  89.6852 270.4257 15.31704068306581
STARLINK-2427           
1 47837U 21018BC  26263.95866875  .00028635  00000+0  88511-3 0  9993
2 47837  53.1581  50.1287 0001050 347.1010  12.9965 15.33315941306690
STARLINK-2429           
1 47838U 21018BD  26263.70338623  .00000404  00000+0  24783-4 0  9998
2 47838  53.1604  58.1876 0001005 111.2769 248.8339 15.31699991306569
STARLINK-2431           
1 47839U 21018BE  26263.59363281  .00000566  00000+0  29990-4 0  9998
2 47839  53.1611  29.9150 0001074  79.2318 280.8805 15.31699568306966
STARLINK-2432           
1 47840U 21018BF  26263.71581847 -.00000284  00000+0  26198-5 0  9990
2 47840  53.1577  51.5951 0001111  81.1467 278.9661 15.31707745306648
STARLINK-2433           
1 47841U 21018BG  26263.69715382  .00001160  00000+0  49120-4 0  9993
2 47841  53.1571  51.5294 0001212  86.1167 273.9973 15.31703185306642
STARLINK-2435           
1 47843U 21018BJ  26263.56618366 -.00000564  00000+0 -64090-5 0  9998
2 47843  53.1596  68.3758 0000996  88.4306 271.6810 15.31694225306425
STARLINK-2446           
1 47844U 21018BK  26263.91735747  .00027049  00000+0  68927-3 0  9997
2 47844  53.1583  54.5784 0003463 148.1242 211.9973 15.39373085306639
STARLINK-2453           
1 47845U 21018BL  26263.88822547  .00000096  00000+0  14854-4 0  9993
2 47845  53.1589  70.2030 0001062  89.5188 270.5935 15.31702038306405
STARLINK-2280           
1 47861U 21021B   26263.87886057  .00003119  00000+0  11220-3 0  9992
2 47861  53.1586  69.9419 0001097  86.0136 274.0991 15.31709424306305
STARLINK-2326           
1 47870U 21021L   26263.94516696  .00000312  00000+0  21824-4 0  9993
2 47870  53.1588  92.2969 0001277  84.9792 275.1355 15.31700902305881
STARLINK-2329           
1 47873U 21021P   26263.85050465  .00002144  00000+0  80815-4 0  9993
2 47873  53.1607  67.1820 0001119  86.2899 273.8230 15.31704514306321
STARLINK-2330           
1 47874U 21021Q   26263.96448024  .00037334  00000+0  74814-3 0  9998
2 47874  53.1405  19.0906 0002080  34.2767 325.8375 15.46388670307005
STARLINK-2343           
1 47884U 21021AA  26263.88459155  .00000917  00000+0  41324-4 0  9995
2 47884  53.1575  92.6186 0001333  91.7394 268.3760 15.31702480305960
STARLINK-2346           
1 47887U 21021AD  26263.83331783  .00000843  00000+0  38926-4 0  9991
2 47887  53.1591  92.8124 0001136  94.7549 265.3582 15.31701425305968
STARLINK-2354           
1 47894U 21021AL  26263.20817894  .00040042  00000+0  94477-3 0  9999
2 47894  53.1484  78.3146 0003729 133.0993 227.0325 15.41513003306055
STARLINK-2355           
1 47895U 21021AM  26263.55993596 -.00000143  00000+0  71668-5 0  9990
2 47895  53.1602  81.2663 0001272  67.9430 292.1707 15.31692654306086
STARLINK-2356           
1 47896U 21021AN  26263.92187124  .00000479  00000+0  27199-4 0  9994
2 47896  53.1588  92.3881 0001361  83.5880 276.5276 15.31698455305932
STARLINK-2358           
1 47898U 21021AQ  26263.87219070  .00000646  00000+0  32595-4 0  9998
2 47898  53.1593  79.7405 0001256  90.3050 269.8095 15.31701501306100
STARLINK-2361           
1 47901U 21021AT  26263.90567189  .00041239  00000+0  80550-3 0  9990
2 47901  53.1523  56.8605 0000401 283.5717  76.5247 15.47087497306473
STARLINK-2364           
1 47904U 21021AW  26263.51490802 -.00001083  00000+0 -23130-4 0  9994
2 47904  53.1599  68.5768 0000949  87.1144 272.9966 15.31701532306261
STARLINK-2367           
1 47907U 21021AZ  26263.90791161 -.00000457  00000+0 -29482-5 0  9993
2 47907  53.1575  92.6109 0001445  97.6081 262.5085 15.31697928305936
STARLINK-2370           
1 47910U 21021BC  26263.47137656 -.00001534  00000+0 -37680-4 0  9997
2 47910  53.1587  81.6444 0001327  95.3775 264.7378 15.31700915306107
STARLINK-2371           
1 47911U 21021BD  26263.83272897  .00026615  00000+0  84097-3 0  9993
2 47911  53.1571  92.7648 0000531  67.0048 293.1009 15.32653854305819
STARLINK-2378           
1 47916U 21021BJ  26263.57146068  .00021766  00000+0  67671-3 0  9990
2 47916  53.1580  68.3333 0000610  18.9097 341.1927 15.33288970306279
STARLINK-2405           
1 47919U 21021BM  26263.94051296 -.00000279  00000+0  27742-5 0  9996
2 47919  53.1600  92.2969 0001403  92.0297 268.0865 15.31704287305967
STARLINK-1647           
1 47978U 21024B   26263.02594431 -.00000043  00000+0  10370-4 0  9993
2 47978  53.1583 147.9797 0001071 105.1982 254.9138 15.31701157304405
STARLINK-2303           
1 47981U 21024E   26263.08623018  .00002743  00000+0  10014-3 0  9999
2 47981  53.1602 147.7613 0001398  85.3402 274.7759 15.31693684304419
STARLINK-2273           
1 47993U 21024S   26264.00002315  .01046575  54714-3  20813-2 0  9990
2 47993  53.1394  67.3737 0001307  47.1594 274.4120 15.99403430  6030
STARLINK-2266           
1 47997U 21024W   26263.88140832 -.00001124  00000+0 -24460-4 0  9997
2 47997  53.1575 118.3802 0001219  83.6316 276.4824 15.31706151304894
STARLINK-2270           
1 48000U 21024Z   26263.67850524  .00082734  00000+0  13882-2 0  9994
2 48000  53.1256  40.2787 0004544 324.8209  35.2500 15.51109254305904
STARLINK-2153           
1 48009U 21024AJ  26263.83795255  .00032508  00000+0  75323-3 0  9993
2 48009  53.1575 118.7563 0001514 175.8358 184.2661 15.42162750304837
STARLINK-2226           
1 48010U 21024AK  26263.94416358  .00000827  00000+0  38428-4 0  9996
2 48010  53.1600 143.9906 0001382  71.3805 288.7346 15.31692565304480
STARLINK-2285           
1 48019U 21024AU  26263.56916886 -.00000215  00000+0  48420-5 0  9990
2 48019  53.1587 119.9351 0001196  94.5175 265.5963 15.31690989304789
STARLINK-2298           
1 48022U 21024AX  26264.00002315  .00138397  00000+0  61672-3 0  9991
2 48022  53.1134 106.4797 0003036 181.2350  76.0136 15.83389195  6013
STARLINK-2292           
1 48023U 21024AY  26263.36455105  .00061825  00000+0  96820-3 0  9993
2 48023  53.1122 129.4406 0001696 214.2464 145.8437 15.53169355304679
STARLINK-2404           
1 48093U 21027B   26263.90951013  .00001537  00000+0  61265-4 0  9992
2 48093  53.1610 326.4159 0001240  79.1546 280.9595 15.31706023302574
STARLINK-2412           
1 48094U 21027C   26263.50215642  .00000751  00000+0  35964-4 0  9994
2 48094  53.1625 339.1226 0001178  78.4777 281.6357 15.31706831302363
STARLINK-2414           
1 48095U 21027D   26263.87499297  .00003485  00000+0  12399-3 0  9998
2 48095  53.1599 337.0975 0001402  72.1201 287.9953 15.31711535302431
STARLINK-2417           
1 48096U 21027E   26263.86525316  .00011633  00000+0  38230-3 0  9996
2 48096  53.1610 337.2910 0000450  61.2405 298.8642 15.32015303302419
STARLINK-2418           
1 48097U 21027F   26263.45982666  .00028408  00000+0  89253-3 0  9996
2 48097  53.1589 326.4240 0002609  36.7109 323.4072 15.32799606302526
STARLINK-2421           
1 48098U 21027G   26263.90544715  .00030286  00000+0  66629-3 0  9995
2 48098  53.1607 323.8006 0003234  24.6362 335.4799 15.43744279302607
STARLINK-2428           
1 48099U 21027H   26263.50742982  .00001500  00000+0  60078-4 0  9998
2 48099  53.1623 341.1469 0001456  86.5474 273.5694 15.31707479302320
STARLINK-2430           
1 48100U 21027J   26263.54564147  .00000979  00000+0  43308-4 0  9996
2 48100  53.1611 325.6574 0001195  93.0770 267.0369 15.31699712302547
STARLINK-2436           
1 48101U 21027K   26263.89554686 -.00000091  00000+0  88420-5 0  9993
2 48101  53.1592 326.6017 0001581  92.3392 267.7791 15.31697313302574
STARLINK-2439           
1 48104U 21027N   26263.90455392 -.00003918  00000+0 -11448-3 0  9998
2 48104  53.1625 324.2881 0001784  94.4966 265.6240 15.31714714302607
STARLINK-2440           
1 48105U 21027P   26263.57001882 -.00000424  00000+0 -18842-5 0  9999
2 48105  53.1597 274.3039 0001389  83.7409 276.3751 15.31703033303261
STARLINK-2442           
1 48106U 21027Q   26263.49873366  .00000518  00000+0  28467-4 0  9990
2 48106  53.1600 326.0516 0001937  54.0037 306.1143 15.31696114302536
STARLINK-2443           
1 48107U 21027R   26263.46179553  .00000538  00000+0  29111-4 0  9994
2 48107  53.1604 326.3476 0001149  82.4888 277.6244 15.31699868302525
STARLINK-2448           
1 48111U 21027V   26263.40682287  .00057859  00000+0  87061-3 0  9991
2 48111  53.1515 314.2809 0004401  23.3614 336.7597 15.54292430302709
STARLINK-2449           
1 48112U 21027W   26263.70284238  .00000322  00000+0  22122-4 0  9990
2 48112  53.1600 340.2232 0001144  83.9982 276.1150 15.31704602302363
STARLINK-2450           
1 48113U 21027X   26263.84233460  .00001327  00000+0  54520-4 0  9990
2 48113  53.1627 337.0987 0001241  92.8366 267.2778 15.31699455302408
STARLINK-2452           
1 48115U 21027Z   26263.46673553  .00001551  00000+0  61724-4 0  9994
2 48115  53.1601 328.4583 0001113  86.5771 273.5358 15.31707137302496
STARLINK-2454           
1 48116U 21027AA  26263.43226035  .00000666  00000+0  33229-4 0  9996
2 48116  53.1619 339.5533 0001209  63.4762 296.6363 15.31704274302349
STARLINK-2455           
1 48117U 21027AB  26263.87622424 -.00010920  00000+0 -33999-3 0  9996
2 48117  53.1609 324.1263 0001476  98.6973 261.4196 15.31758745302592
STARLINK-2459           
1 48119U 21027AD  26263.87654072 -.00008338  00000+0 -25700-3 0  9993
2 48119  53.1605 324.0524 0001183  86.4422 273.6714 15.31726973302586
STARLINK-2460           
1 48120U 21027AE  26263.50947696  .00021904  00000+0  35250-3 0  9995
2 48120  53.1583 327.8618 0002016  41.6547 318.4617 15.52932503302520
STARLINK-2462           
1 48121U 21027AF  26263.89086645 -.00000004  00000+0  11627-4 0  9998
2 48121  53.1613 326.5109 0001417  84.5473 275.5690 15.31701641302566
STARLINK-2464           
1 48123U 21027AH  26263.48973747  .00000951  00000+0  42411-4 0  9998
2 48123  53.1607 326.0525 0001122  83.8941 276.2189 15.31697342302533
STARLINK-2465           
1 48124U 21027AJ  26263.90019535  .00001097  00000+0  47108-4 0  9992
2 48124  53.1617 326.4898 0001442  77.4783 282.6380 15.31704489302568
STARLINK-2466           
1 48125U 21027AK  26263.49281456  .00001416  00000+0  57379-4 0  9996
2 48125  53.1594 339.0049 0001142  79.6484 280.4646 15.31703974302356
STARLINK-2467           
1 48126U 21027AL  26263.89952577  .00000703  00000+0  34426-4 0  9996
2 48126  53.1610 323.9953 0001124  87.5486 272.5644 15.31704377302608
STARLINK-2468           
1 48127U 21027AM  26263.83735020 -.00000384  00000+0 -60735-6 0  9994
2 48127  53.1604 337.2152 0001136  88.6465 271.4666 15.31711096302410
STARLINK-2469           
1 48128U 21027AN  26263.55008068  .00095775  00000+0  18878-2 0  9992
2 48128  53.0973 276.7855 0005481  57.9862 302.1677 15.46432785303206
STARLINK-2471           
1 48129U 21027AP  26263.84703178  .00004707  00000+0  16337-3 0  9993
2 48129  53.1623 337.3394 0001458  88.4588 271.6580 15.31695311302411
STARLINK-2472           
1 48130U 21027AQ  26263.92195362  .00000488  00000+0  27498-4 0  9997
2 48130  53.1617 339.6075 0001335  89.3429 270.7725 15.31703624302390
STARLINK-2473           
1 48131U 21027AR  26263.66686977  .00001430  00000+0  57802-4 0  9996
2 48131  53.1588 325.4599 0001065  89.8580 270.2543 15.31709527302554
STARLINK-2474           
1 48132U 21027AS  26263.92689836  .00000132  00000+0  16010-4 0  9997
2 48132  53.1617 339.1833 0001193  83.1540 276.9597 15.31700118302386
STARLINK-2475           
1 48133U 21027AT  26263.48812940  .00003560  00000+0  12639-3 0  9993
2 48133  53.1597 338.8310 0001018  85.4632 274.6485 15.31705596302367
STARLINK-2476           
1 48134U 21027AU  26263.85164609  .00000602  00000+0  31147-4 0  9997
2 48134  53.1611 336.9992 0001312  67.3992 292.7149 15.31702744302411
STARLINK-2478           
1 48135U 21027AV  26263.86632586  .00000772  00000+0  36625-4 0  9997
2 48135  53.1621 339.6468 0001260  65.8856 294.2277 15.31707221302385
STARLINK-2479           
1 48136U 21027AW  26263.90295320 -.00000118  00000+0  79630-5 0  9993
2 48136  53.1634 337.0584 0001176  85.4324 274.6812 15.31710307302426
STARLINK-2480           
1 48137U 21027AX  26263.53704499 -.00000474  00000+0 -35104-5 0  9999
2 48137  53.1605 328.5578 0001110  80.7070 279.4057 15.31706376302499
STARLINK-2481           
1 48138U 21027AY  26263.91757268  .00002105  00000+0  79560-4 0  9998
2 48138  53.1620 339.2050 0001280  80.0631 280.0515 15.31706367302391
STARLINK-2482           
1 48139U 21027AZ  26263.88092043  .00000937  00000+0  41961-4 0  9993
2 48139  53.1605 324.3468 0001190  84.8799 275.2339 15.31701954302599
STARLINK-2483           
1 48140U 21027BA  26263.86102126 -.00000011  00000+0  11401-4 0  9997
2 48140  53.1607 337.3828 0001280  73.5486 286.5656 15.31705132302415
STARLINK-2485           
1 48142U 21027BC  26263.90892548  .00002396  00000+0  88939-4 0  9995
2 48142  53.1567 324.5324 0001278  74.8867 285.2276 15.31698795302594
STARLINK-2486           
1 48143U 21027BD  26263.57213725  .00051943  00000+0  95397-3 0  9990
2 48143  53.1512 263.2357 0005318  47.0916 313.0538 15.48747374303426
STARLINK-2487           
1 48144U 21027BE  26263.47074113  .00000616  00000+0  31605-4 0  9990
2 48144  53.1602 326.0215 0001209  96.0660 264.0479 15.31704206302521
STARLINK-2491           
1 48148U 21027BJ  26263.93560012  .00000717  00000+0  34868-4 0  9999
2 48148  53.1598 337.0713 0001857  93.7406 266.3808 15.31703896302418
STARLINK-2492           
1 48149U 21027BK  26263.42883707  .00004870  00000+0  16847-3 0  9993
2 48149  53.1607 326.6666 0000874  85.3548 274.7553 15.31726465302511
STARLINK-2493           
1 48150U 21027BL  26263.48010192  .00000212  00000+0  18582-4 0  9996
2 48150  53.1613 326.2420 0001058  75.0881 285.0238 15.31704167302537
STARLINK-2503           
1 48151U 21027BM  26263.86725777  .00000481  00000+0  27248-4 0  9998
2 48151  53.1592 324.3448 0001320  91.2155 268.8998 15.31709682302594
STARLINK-2567           
1 48276U 21036A   26263.51561998 -.00000373  00000+0 -24855-6 0  9996
2 48276  53.1590 224.2416 0000814 133.5911 226.5158 15.31705408298595
STARLINK-2569           
1 48277U 21036B   26263.90640687  .00028431  00000+0  72416-3 0  9999
2 48277  53.1209 181.4031 0004388  97.0129 263.1374 15.39355877299222
STARLINK-2543           
1 48278U 21036C   26263.54632644 -.00001152  00000+0 -25362-4 0  9996
2 48278  53.1617 197.5610 0001668  80.2327 279.8863 15.31696582298970
STARLINK-2565           
1 48280U 21036E   26263.56566312  .00003658  00000+0  12950-3 0  9998
2 48280  53.1576 274.2694 0001331  86.4373 273.6780 15.31724482297899
STARLINK-2558           
1 48282U 21036G   26263.37744412  .00000915  00000+0  41239-4 0  9994
2 48282  53.1589 249.3906 0001217  86.9281 273.1860 15.31706116298248
STARLINK-2516           
1 48283U 21036H   26263.95536365  .00005562  00000+0  19080-3 0  9996
2 48283  53.1583 246.6366 0001206  90.3855 269.7285 15.31712707298332
STARLINK-2564           
1 48284U 21036J   26263.93679242 -.00000364  00000+0  47654-7 0  9995
2 48284  53.1603 247.2325 0001048 104.7254 255.3864 15.31704142298311
STARLINK-2547           
1 48286U 21036L   26263.95071364  .00001067  00000+0  46129-4 0  9993
2 48286  53.1590 246.7351 0001399  88.3441 271.7720 15.31706846298322
STARLINK-2566           
1 48287U 21036M   26263.66239929 -.00001844  00000+0 -47660-4 0  9991
2 48287  53.1575 250.4409 0001623 104.1796 255.9386 15.31707190298248
STARLINK-2545           
1 48289U 21036P   26263.37714450  .00001143  00000+0  48582-4 0  9992
2 48289  53.1579 249.6431 0001272  89.6553 270.4594 15.31704164298237
STARLINK-2555           
1 48291U 21036R   26263.25692410  .00001328  00000+0  54536-4 0  9994
2 48291  53.1592 252.3379 0001240  83.0313 277.0829 15.31700803298188
STARLINK-2542           
1 48292U 21036S   26263.97399138  .00001378  00000+0  56155-4 0  9999
2 48292  53.1594 246.4278 0001340  89.4016 270.7139 15.31708603298331
STARLINK-2550           
1 48293U 21036T   26263.59650320  .00000846  00000+0  39042-4 0  9996
2 48293  53.1633 248.3417 0001212  77.3066 282.8071 15.31693354298279
STARLINK-2533           
1 48294U 21036U   26263.65241871  .00001694  00000+0  66341-4 0  9995
2 48294  53.1596 248.0353 0001396 100.7441 259.3718 15.31703231298289
STARLINK-2535           
1 48295U 21036V   26263.34017185  .00000280  00000+0  20793-4 0  9992
2 48295  53.1553 249.6535 0000811 102.8051 257.3041 15.31696537298235
STARLINK-2559           
1 48298U 21036Y   26263.55395023  .00043843  00000+0  95974-3 0  9992
2 48298  53.1525 242.5643 0001668  55.4136 304.7028 15.43717233298352
STARLINK-2557           
1 48299U 21036Z   26263.37277159  .00000789  00000+0  37177-4 0  9996
2 48299  53.1597 249.3237 0001288 100.9732 259.1415 15.31700721298244
STARLINK-2538           
1 48300U 21036AA  26263.97239402 -.00008858  00000+0 -27382-3 0  9997
2 48300  53.1592 259.3495 0001256  88.3314 271.7831 15.31722269298152
STARLINK-2537           
1 48301U 21036AB  26263.54868186  .00000688  00000+0  33913-4 0  9997
2 48301  53.1604 264.3340 0001170  74.3191 285.7940 15.31704159298036
STARLINK-2530           
1 48303U 21036AD  26263.59492293  .00000065  00000+0  13862-4 0  9996
2 48303  53.1593 261.3932 0001138  92.1510 267.9622 15.31705053298084
STARLINK-2524           
1 48304U 21036AE  26263.59269624 -.00001630  00000+0 -40785-4 0  9992
2 48304  53.1603 271.8609 0001287  83.4381 276.6767 15.31681550297922
STARLINK-2519           
1 48305U 21036AF  26264.00002315  .00088411  00000+0  22628-2 0  9996
2 48305  53.1573 270.4091 0001214  79.2947 155.2276 15.38685677  5835
STARLINK-2523           
1 48306U 21036AG  26263.59733329 -.00021925  00000+0 -69552-3 0  9993
2 48306  53.1610 271.9580 0001981  38.2663 321.8479 15.31756245297920
STARLINK-2517           
1 48309U 21036AK  26263.55303674  .00000885  00000+0  40273-4 0  9998
2 48309  53.1588 262.0358 0001367  87.2723 272.8435 15.31707368298076
STARLINK-2536           
1 48310U 21036AL  26263.54006381  .00001156  00000+0  49018-4 0  9992
2 48310  53.1619 264.6245 0001512  83.5686 276.5488 15.31704059298034
STARLINK-2534           
1 48311U 21036AM  26263.26404344 -.00000281  00000+0  26998-5 0  9995
2 48311  53.1599 263.1463 0001231  90.7420 269.3722 15.31693271298036
STARLINK-2061           
1 48312U 21036AN  26263.69279328  .00000482  00000+0  27281-4 0  9992
2 48312  53.1584 260.9112 0000955  91.7999 268.3112 15.31708919298107
STARLINK-2549           
1 48314U 21036AQ  26262.56055950 -.00002894  00000+0 -81527-4 0  9996
2 48314  53.1579 268.6427 0001405  84.8242 275.2919 15.31695517297887
STARLINK-2506           
1 48315U 21036AR  26263.55538916  .00001730  00000+0  67508-4 0  9994
2 48315  53.1585 272.0606 0001190  94.2001 265.9136 15.31696663297916
STARLINK-2507           
1 48316U 21036AS  26263.55074407  .00003393  00000+0  12103-3 0  9992
2 48316  53.1571 272.0699 0001854  78.8608 281.2602 15.31711321297910
STARLINK-2513           
1 48317U 21036AT  26263.97706715  .00000106  00000+0  15171-4 0  9991
2 48317  53.1582 259.3398 0001280 104.0265 256.0879 15.31704670298142
STARLINK-2509           
1 48318U 21036AU  26263.55146175  .00000516  00000+0  28406-4 0  9994
2 48318  53.1591 275.0094 0001334  95.1500 264.9653 15.31696660297880
STARLINK-2512           
1 48319U 21036AV  26263.54203824  .00000683  00000+0  33775-4 0  9999
2 48319  53.1583 274.3267 0001416  88.4234 271.6929 15.31701975297894
STARLINK-2029           
1 48320U 21036AW  26263.57037949  .00000553  00000+0  29576-4 0  9997
2 48320  53.1585 274.5076 0001130  89.8686 270.2445 15.31702535297898
STARLINK-2457           
1 48321U 21036AX  26263.59330127  .00002064  00000+0  78217-4 0  9999
2 48321  53.1596 274.0196 0001225  63.9271 296.1857 15.31720568297909
STARLINK-2515           
1 48323U 21036AZ  26263.25772408  .00000865  00000+0  39626-4 0  9994
2 48323  53.1598 275.5573 0001331  81.7428 278.3724 15.31701219297859
STARLINK-2495           
1 48325U 21036BB  26263.58865301  .00000125  00000+0  15784-4 0  9995
2 48325  53.1604 274.1443 0001376  79.1603 280.9553 15.31703935297907
STARLINK-2498           
1 48326U 21036BC  26263.51440946  .00008464  00000+0  28419-3 0  9995
2 48326  53.1588 274.4298 0001429  66.6576 293.4576 15.31701076297895
STARLINK-2502           
1 48327U 21036BD  26263.50974757  .00001405  00000+0  57029-4 0  9995
2 48327  53.1594 274.4457 0001180  76.4833 283.6300 15.31702837297891
STARLINK-2504           
1 48328U 21036BE  26263.56066459 -.00000003  00000+0  11667-4 0  9995
2 48328  53.1594 274.0912 0001405  97.7945 262.3216 15.31703500297892
STARLINK-2510           
1 48329U 21036BF  26263.23009547 -.00000536  00000+0 -54986-5 0  9999
2 48329  53.1589 275.6248 0001512  92.5756 267.5418 15.31692516297859
STARLINK-2501           
1 48330U 21036BG  26263.53310103  .00001000  00000+0  43996-4 0  9990
2 48330  53.1595 274.7088 0001270  60.0408 300.0719 15.31704386297895
STARLINK-2514           
1 48331U 21036BH  26263.57081512  .00033434  00000+0  80709-3 0  9992
2 48331  53.1551 270.7037 0001481  10.1759 349.9276 15.40913659297959
STARLINK-2518           
1 48333U 21036BK  26263.22077410 -.00000430  00000+0 -20867-5 0  9991
2 48333  53.1582 275.7218 0001215  79.1296 280.9842 15.31697269297855
STARLINK-2470           
1 48334U 21036BL  26263.54236457  .00000196  00000+0  18082-4 0  9997
2 48334  53.1590 274.2099 0001223  87.2199 272.8943 15.31702814297908
STARLINK-2613           
1 48353U 21038A   26263.19054993  .00000809  00000+0  37810-4 0  9995
2 48353  53.1602 172.9587 0001228  64.8690 295.2439 15.31714779296889
STARLINK-2674           
1 48354U 21038B   26263.84774743  .00000386  00000+0  24202-4 0  9991
2 48354  53.1598 169.9848 0001281 104.2539 255.8605 15.31691677296989
STARLINK-2635           
1 48355U 21038C   26262.26774075  .00000441  00000+0  25984-4 0  9995
2 48355  53.1625 177.2324 0001146  97.9694 262.1437 15.31695980296741
STARLINK-2637           
1 48356U 21038D   26263.26964388  .00007836  00000+0  26314-3 0  9997
2 48356  53.1587 172.8628 0001310  85.4193 274.6958 15.31805667296893
STARLINK-2636           
1 48357U 21038E   26263.30708477  .00001433  00000+0  57926-4 0  9999
2 48357  53.1631 172.4516 0001488  87.7668 272.3504 15.31709894296903
STARLINK-2624           
1 48358U 21038F   26263.30241954 -.00000459  00000+0 -30054-5 0  9995
2 48358  53.1641 172.4334 0001812  60.7201 299.3981 15.31699961296897
STARLINK-2628           
1 48359U 21038G   26263.25277694  .00036711  00000+0  11305-2 0  9993
2 48359  53.1550 172.8732 0002005 117.2470 242.8736 15.33310140296885
STARLINK-2622           
1 48360U 21038H   26263.23250426  .00000628  00000+0  31987-4 0  9995
2 48360  53.1609 172.7876 0001199  80.0857 280.0280 15.31712101296888
STARLINK-2591           
1 48361U 21038J   26263.16259688  .00001255  00000+0  52194-4 0  9997
2 48361  53.1609 173.1010 0001443 115.3687 244.7464 15.31714065296870
STARLINK-2578           
1 48362U 21038K   26263.77316083  .00001484  00000+0  59592-4 0  9991
2 48362  53.1592 170.2482 0001255  93.2041 266.9104 15.31698848296970
STARLINK-2611           
1 48364U 21038M   26263.97084190  .00001912  00000+0  73357-4 0  9997
2 48364  53.1588 158.9934 0001278  97.9777 262.1369 15.31698922297159
STARLINK-2608           
1 48365U 21038N   26263.17385894  .00003300  00000+0  11805-3 0  9997
2 48365  53.1608 162.7560 0001380 106.5070 253.6083 15.31703203297032
STARLINK-2643           
1 48367U 21038Q   26263.93323603  .00000776  00000+0  36783-4 0  9990
2 48367  53.1607 156.7651 0001233  98.9190 261.1951 15.31698057297174
STARLINK-2623           
1 48368U 21038R   26263.98024226 -.00000193  00000+0  55359-5 0  9990
2 48368  53.1605 159.5182 0001233  92.4138 267.7005 15.31695556297144
STARLINK-2621           
1 48370U 21038T   26263.90093288  .00001192  00000+0  50197-4 0  9992
2 48370  53.1595 159.2816 0001375  90.1699 269.9460 15.31687835297139
STARLINK-2589           
1 48371U 21038U   26263.97551868  .00000331  00000+0  22431-4 0  9997
2 48371  53.1589 159.0703 0001455  79.0681 281.0485 15.31698358297147
STARLINK-2609           
1 48373U 21038W   26263.27142044  .00001795  00000+0  69569-4 0  9992
2 48373  53.1600 159.9340 0001298  82.5885 277.5264 15.31715576297078
STARLINK-2604           
1 48374U 21038X   26263.82170252  .00000584  00000+0  30610-4 0  9996
2 48374  53.1572 159.6743 0001595  94.2924 265.8259 15.31693226297122
STARLINK-2603           
1 48375U 21038Y   26263.82203557  .00000257  00000+0  20055-4 0  9991
2 48375  53.1593 159.6930 0001189  94.9995 265.1142 15.31703062297122
STARLINK-2610           
1 48376U 21038Z   26264.00002315  .00243568  33066-4  75818-3 0  9995
2 48376  53.1478 121.7597 0003897 173.2531 241.1996 15.91163200  5970
STARLINK-2499           
1 48377U 21038AA  26263.29503465 -.00000829  00000+0 -14931-4 0  9998
2 48377  53.1603 162.2012 0001360 111.9549 248.1597 15.31710260297047
STARLINK-2526           
1 48378U 21038AB  26263.04803559 -.00001276  00000+0 -29352-4 0  9999
2 48378  53.1592 163.5088 0001180 105.1956 254.9176 15.31712980297004
STARLINK-2612           
1 48379U 21038AC  26263.92862187  .00001155  00000+0  48992-4 0  9994
2 48379  53.1615 157.1397 0001146  92.3312 267.7821 15.31695396297176
STARLINK-2614           
1 48380U 21038AD  26263.02441426 -.00002171  00000+0 -58189-4 0  9996
2 48380  53.1616 161.2288 0001188 100.9042 259.2093 15.31713795297032
STARLINK-2630           
1 48381U 21038AE  26263.26713562 -.00000251  00000+0  36702-5 0  9990
2 48381  53.1619 162.8200 0001418 100.8300 259.2861 15.31717881297032
STARLINK-2585           
1 48382U 21038AF  26263.27672591  .00004027  00000+0  14145-3 0  9997
2 48382  53.1587 162.2172 0001191  88.5241 271.5897 15.31702819297045
STARLINK-2598           
1 48385U 21038AJ  26263.29005939  .00000266  00000+0  20346-4 0  9990
2 48385  53.1591 159.7869 0001124  78.0217 282.0911 15.31691499298305
STARLINK-2606           
1 48386U 21038AK  26263.91893978  .00001957  00000+0  74820-4 0  9992
2 48386  53.1607 156.9781 0001389  88.5053 271.6107 15.31702066297160
STARLINK-2594           
1 48388U 21038AM  26263.01006125  .00002133  00000+0  80444-4 0  9991
2 48388  53.1620 160.9939 0001266  95.9262 264.1884 15.31713055297030
STARLINK-2586           
1 48390U 21038AP  26263.14250980  .00001827  00000+0  70626-4 0  9998
2 48390  53.1596 147.7074 0001175  90.1121 270.0015 15.31701688298456
STARLINK-2607           
1 48391U 21038AQ  26263.95320307  .00000849  00000+0  39116-4 0  9991
2 48391  53.1595 144.2870 0001409  87.9798 272.1365 15.31700882298575
STARLINK-2605           
1 48392U 21038AR  26263.97211799 -.00000244  00000+0  39254-5 0  9992
2 48392  53.1610 143.7373 0001537  79.9426 280.1749 15.31702374298581
STARLINK-2574           
1 48395U 21038AU  26263.39915968  .00001418  00000+0  57456-4 0  9996
2 48395  53.1598 148.7634 0001140  89.0597 271.0535 15.31701825298464
STARLINK-2575           
1 48396U 21038AV  26263.95813017  .00000476  00000+0  27097-4 0  9992
2 48396  53.1628 143.7616 0001257  88.6884 271.4262 15.31700803298586
STARLINK-2590           
1 48397U 21038AW  26263.18445794 -.00000340  00000+0  81695-6 0  9998
2 48397  53.1603 147.4953 0001164  95.5245 264.5889 15.31706189298468
STARLINK-2588           
1 48398U 21038AX  26263.44791826 -.00007542  00000+0 -27985-3 0  9999
2 48398  53.0465 165.6807 0005010  39.3030 320.8330 15.25593795298193
STARLINK-2587           
1 48399U 21038AY  26263.88822359  .00001732  00000+0  67573-4 0  9995
2 48399  53.1597 144.1505 0001313  90.6801 269.4351 15.31704299298568
STARLINK-2576           
1 48400U 21038AZ  26263.19381151  .00003346  00000+0  11955-3 0  9997
2 48400  53.1606 147.6733 0001323  99.7194 260.3956 15.31701388297240
STARLINK-2571           
1 48401U 21038BA  26263.94852317  .00001058  00000+0  45862-4 0  9991
2 48401  53.1596 144.1916 0001254  86.7937 273.3208 15.31697816297354
STARLINK-2593           
1 48404U 21038BD  26263.94882859  .00000716  00000+0  34855-4 0  9998
2 48404  53.1611 143.9683 0001317  97.4180 262.6972 15.31696009297365
STARLINK-2570           
1 48405U 21038BE  26263.96284337  .00002101  00000+0  79454-4 0  9992
2 48405  53.1606 144.0779 0001064  90.0120 270.1003 15.31697724297353
STARLINK-2568           
1 48406U 21038BF  26263.96779785  .00014622  00000+0  44799-3 0  9993
2 48406  53.1571 146.7470 0002458 111.8308 248.2957 15.34047011297322
STARLINK-2592           
1 48408U 21038BH  26263.39426358 -.00001624  00000+0 -40578-4 0  9999
2 48408  53.1601 147.0290 0001253 104.0703 256.0438 15.31696319297269
STARLINK-2563           
1 48410U 21038BK  26263.93530113  .00000240  00000+0  19513-4 0  9993
2 48410  53.1592 107.9375 0001379  90.9321 269.1838 15.31699405297862
STARLINK-2505           
1 48411U 21038BL  26263.85503301 -.00000284  00000+0  26147-5 0  9995
2 48411  53.1596 105.5888 0001121  90.1787 269.9343 15.31702473297884
STARLINK-2581           
1 48412U 21038BM  26263.56708361  .00004766  00000+0  16523-3 0  9990
2 48412  53.1585 109.5372 0001505  90.1722 269.9452 15.31702998297805
STARLINK-2461           
1 48428U 21040A   26263.85013381 -.00000302  00000+0  20317-5 0  9994
2 48428  53.1602 350.4855 0001172  88.6432 271.4704 15.31708970296583
STARLINK-2700           
1 48431U 21040D   26263.65721249  .00002649  00000+0  97066-4 0  9994
2 48431  53.1604 325.4561 0001130  82.2985 277.8145 15.31709803296903
STARLINK-2680           
1 48432U 21040E   26263.45682752 -.00001098  00000+0 -23613-4 0  9994
2 48432  53.1604 326.4939 0001247  80.2096 279.9046 15.31691578296861
STARLINK-2699           
1 48433U 21040F   26263.47541898  .00000231  00000+0  19196-4 0  9999
2 48433  53.1598 326.1219 0001435  94.9217 265.1948 15.31704782296879
STARLINK-2692           
1 48434U 21040G   26263.45712458  .00000660  00000+0  33013-4 0  9990
2 48434  53.1611 326.3636 0001310  94.6850 265.4301 15.31705979296889
STARLINK-2633           
1 48435U 21040H   26263.95851396  .00000486  00000+0  27418-4 0  9999
2 48435  53.1605 336.5195 0001190  84.4359 275.6779 15.31706901296779
STARLINK-2639           
1 48436U 21040J   26263.54211778  .00000439  00000+0  25892-4 0  9991
2 48436  53.1604 351.3410 0000801  71.1066 289.0022 15.31707970296531
STARLINK-2642           
1 48437U 21040K   26263.55484212  .00000671  00000+0  33371-4 0  9997
2 48437  53.1606   4.1809 0001298  92.7026 267.4124 15.31702973296356
STARLINK-2640           
1 48438U 21040L   26263.54245943 -.00000080  00000+0  91757-5 0  9991
2 48438  53.1617 351.4026 0001109  92.0491 268.0637 15.31711758296535
STARLINK-2583           
1 48439U 21040M   26263.94795523  .00022069  00000+0  72301-3 0  9992
2 48439  53.1613 349.6885 0001385 126.6515 233.4614 15.31602430296594
STARLINK-2682           
1 48440U 21040N   26263.98521191  .00005196  00000+0  17901-3 0  9993
2 48440  53.1595 349.2501 0001102  87.8537 272.2590 15.31711731296606
STARLINK-2702           
1 48441U 21040P   26263.72888134  .00000170  00000+0  17242-4 0  9995
2 48441  53.1612 350.5317 0001221  84.9813 275.1327 15.31713111296563
STARLINK-2644           
1 48442U 21040Q   26263.66838180  .00104031  00000+0  60850-3 0  9998
2 48442  53.1552 327.2040 0007890   8.2502 351.8647 15.77540157296883
STARLINK-2663           
1 48443U 21040R   26263.84072450  .00000019  00000+0  12384-4 0  9990
2 48443  53.1614 349.8912 0001304  89.9682 270.1468 15.31705728296588
STARLINK-2645           
1 48444U 21040S   26263.84540197  .00001476  00000+0  59302-4 0  9998
2 48444  53.1623 349.9571 0001333  78.9230 281.1922 15.31705524296581
STARLINK-2634           
1 48445U 21040T   26263.50983228 -.00002569  00000+0 -71079-4 0  9999
2 48445  53.1615 351.4577 0000854  79.2495 280.8603 15.31687228296538
STARLINK-2655           
1 48449U 21040X   26263.95191937  .00024494  00000+0  77304-3 0  9995
2 48449  53.1603 349.3596 0002179  31.2950 328.8182 15.32738174296603
STARLINK-2703           
1 48452U 21040AA  26263.88734331  .00000220  00000+0  18856-4 0  9991
2 48452  53.1627 349.7131 0000980  55.8929 304.2166 15.31702701296592
STARLINK-2620           
1 48453U 21040AB  26263.74751695  .00000410  00000+0  24981-4 0  9996
2 48453  53.1617 350.3368 0001217  90.2222 269.8919 15.31706816296576
STARLINK-2654           
1 48454U 21040AC  26263.93860231  .00000726  00000+0  35150-4 0  9995
2 48454  53.1615 349.4345 0001046  82.0411 278.0709 15.31710177296606
STARLINK-2497           
1 48455U 21040AD  26263.89669840  .00000208  00000+0  18458-4 0  9991
2 48455  53.1611 349.9213 0001114  95.0264 265.0864 15.31700340296584
STARLINK-2698           
1 48458U 21040AG  26263.57072653  .00009453  00000+0  31566-3 0  9994
2 48458  53.1626 351.8240 0000968  31.2771 328.8288 15.31734976297251
STARLINK-2579           
1 48459U 21040AH  26263.53779446 -.00000525  00000+0 -51600-5 0  9991
2 48459  53.1623 351.3727 0001141  77.4144 282.6985 15.31704371296553
STARLINK-2683           
1 48462U 21040AL  26263.76458084  .00018844  00000+0  61736-3 0  9992
2 48462  53.1591   3.2265 0001041  78.0195 282.0923 15.31705711296390
STARLINK-2686           
1 48464U 21040AN  26263.91874037  .00000606  00000+0  31290-4 0  9991
2 48464  53.1621   2.6271 0001149  71.8028 288.3099 15.31705498296419
STARLINK-2687           
1 48466U 21040AQ  26263.51755670  .00005360  00000+0  18423-3 0  9994
2 48466  53.1597   4.4157 0001050  79.9950 280.1170 15.31721133296368
STARLINK-2659           
1 48467U 21040AR  26263.92303770 -.00000283  00000+0  26593-5 0  9999
2 48467  53.1619   2.4132 0001487  89.5890 270.5282 15.31702995296428
STARLINK-2685           
1 48468U 21040AS  26263.90179475  .00023873  00000+0  69778-3 0  9990
2 48468  53.1593   2.4531 0002100  28.2956 331.8161 15.35188595296424
STARLINK-2661           
1 48469U 21040AT  26263.54554193  .00001173  00000+0  49556-4 0  9997
2 48469  53.1611   4.3554 0001214  79.8821 280.2317 15.31699544296360
STARLINK-2675           
1 48470U 21040AU  26263.91838025 -.00000733  00000+0 -11854-4 0  9992
2 48470  53.1610   2.4826 0000992  85.4397 274.6717 15.31709551296412
STARLINK-2684           
1 48471U 21040AV  26263.58746995  .00008771  00000+0  29403-3 0  9996
2 48471  53.1597   4.0318 0001149  78.4793 281.6337 15.31705217296363
STARLINK-2722           
1 48472U 21040AW  26263.84837225  .00016321  00000+0  85562-3 0  9991
2 48472  53.0600  27.6123 0000565  51.2068 308.8976 15.15918991296018
STARLINK-2658           
1 48473U 21040AX  26263.92771457 -.00000750  00000+0 -12417-4 0  9996
2 48473  53.1618   2.4032 0001101  91.3755 268.7372 15.31702128296413
STARLINK-2697           
1 48474U 21040AY  26263.89983084  .00002047  00000+0  77688-4 0  9994
2 48474  53.1595   3.2747 0001140  83.2105 276.9026 15.31714435296390
STARLINK-2728           
1 48478U 21040BC  26263.55951607 -.00000198  00000+0  53791-5 0  9993
2 48478  53.1613   4.2474 0001085  84.2030 275.9096 15.31701564296350
STARLINK-2755           
1 48479U 21040BD  26263.90444655  .00010243  00000+0  34132-3 0  9990
2 48479  53.1591   2.8918 0001093  78.1132 281.9992 15.31706865296404
STARLINK-2706           
1 48481U 21040BF  26263.92870200  .00001369  00000+0  55858-4 0  9992
2 48481  53.1613   4.8875 0001050  76.4801 283.6317 15.31702468296385
STARLINK-2525           
1 48482U 21040BG  26263.57454133  .00002566  00000+0  94398-4 0  9999
2 48482  53.1594   6.9458 0001282  85.9104 274.2044 15.31709143296326
STARLINK-2531           
1 48483U 21040BH  26263.91479863  .00002828  00000+0  10282-3 0  9995
2 48483  53.1599   5.5457 0001238  89.7784 270.3360 15.31712015296378
STARLINK-2500           
1 48485U 21040BK  26263.95203580  .00001331  00000+0  54669-4 0  9998
2 48485  53.1611   5.0141 0001394  78.7381 281.3777 15.31696413296382
STARLINK-2494           
1 48487U 21040BM  26263.92411686 -.00002874  00000+0 -80821-4 0  9999
2 48487  53.1617   5.4513 0001055  88.0624 272.0499 15.31722124296382
STARLINK-2063           
1 48553U 21041A   26263.39436559  .00000648  00000+0  32659-4 0  9992
2 48553  53.1612 300.6905 0001368  91.1937 268.9221 15.31700550295111
STARLINK-2139           
1 48554U 21041B   26263.58543493  .00000191  00000+0  17911-4 0  9997
2 48554  53.1580 299.6930 0001044  67.8428 292.2684 15.31706093295141
STARLINK-2145           
1 48555U 21041C   26263.85676422 -.00004445  00000+0 -13145-3 0  9999
2 48555  53.1593 320.6742 0001186  92.0977 268.0160 15.31721692294857
STARLINK-2151           
1 48556U 21041D   26263.45906901  .00000244  00000+0  19635-4 0  9996
2 48556  53.1631 316.0262 0001635  93.9418 266.1771 15.31696202294895
STARLINK-2155           
1 48557U 21041E   26263.81849452 -.00001079  00000+0 -23021-4 0  9997
2 48557  53.1593 298.7560 0000849  93.3968 266.7131 15.31705084295177
STARLINK-2166           
1 48558U 21041F   26263.81383644  .00000818  00000+0  38121-4 0  9999
2 48558  53.1589 298.7655 0001284  88.4253 271.6896 15.31701072294315
STARLINK-2187           
1 48562U 21041K   26264.00002315  .00157462  00000+0  55515-3 0  9992
2 48562  53.1455 260.2713 0007149  38.3410  97.6271 15.88142590  5911
STARLINK-2188           
1 48563U 21041L   26263.79983811  .00000742  00000+0  35666-4 0  9991
2 48563  53.1607 298.7235 0001539  78.0574 282.0599 15.31704427295178
STARLINK-2190           
1 48564U 21041M   26263.59475909 -.00000279  00000+0  27641-5 0  9995
2 48564  53.1586 299.6585 0001092  74.4890 285.6232 15.31710101295144
STARLINK-2214           
1 48566U 21041P   26263.46059922  .00001051  00000+0  45605-4 0  9993
2 48566  53.1602 322.4774 0001135  80.2693 279.8437 15.31706885294790
STARLINK-2217           
1 48568U 21041R   26263.41770159 -.00013570  00000+0 -42587-3 0  9998
2 48568  53.1590 300.9134 0000898  70.9724 289.1374 15.31733925295100
STARLINK-2219           
1 48569U 21041S   26263.79517128  .00000738  00000+0  35536-4 0  9992
2 48569  53.1611 298.7339 0001415  85.3209 274.7954 15.31711647295178
STARLINK-2221           
1 48571U 21041U   26263.42139826  .00000935  00000+0  41906-4 0  9997
2 48571  53.1611 313.3099 0001425  86.1425 273.9740 15.31704911294931
STARLINK-2222           
1 48572U 21041V   26263.89404873  .00000576  00000+0  30314-4 0  9998
2 48572  53.1615 320.4694 0001285  89.1621 270.9528 15.31703994294864
STARLINK-2224           
1 48573U 21041W   26263.82788599  .00001252  00000+0  52128-4 0  9991
2 48573  53.1595 299.2315 0001949  92.3338 267.7887 15.31701328295168
STARLINK-2225           
1 48574U 21041X   26263.56531932  .00002099  00000+0  79373-4 0  9991
2 48574  53.1592 274.0597 0001118  64.5858 295.5259 15.31703859295494
STARLINK-2227           
1 48575U 21041Y   26263.97058734  .00026949  00000+0  81405-3 0  9999
2 48575  53.1581 259.0965 0004311  61.5416 298.6020 15.34073710295758
STARLINK-2228           
1 48576U 21041Z   26263.55601304  .00002338  00000+0  87080-4 0  9993
2 48576  53.1585 274.1887 0001526  90.0175 270.1001 15.31702891295501
STARLINK-2231           
1 48577U 21041AA  26263.38505366 -.00000218  00000+0  47538-5 0  9997
2 48577  53.1604 300.8334 0001445  87.4226 272.6941 15.31701103295106
STARLINK-2232           
1 48578U 21041AB  26263.93461335  .00759294  00000+0  21704-1 0  9993
2 48578  53.1590 298.1067 0001645  18.5683 341.5379 15.33188983295194
STARLINK-2234           
1 48580U 21041AD  26263.57930790  .00000832  00000+0  38562-4 0  9992
2 48580  53.1605 274.0322 0001301  85.0015 275.1135 15.31706970295505
STARLINK-2235           
1 48581U 21041AE  26263.58035870  .00000802  00000+0  37584-4 0  9999
2 48581  53.1596 276.8619 0001201  69.5076 290.6054 15.31707589295450
STARLINK-2236           
1 48582U 21041AF  26264.00002315  .00117951  00000+0  55949-3 0  9994
2 48582  53.0459 254.7385 0009829  62.0017 110.0830 15.82061823  5894
STARLINK-2237           
1 48583U 21041AG  26263.45129448 -.00000583  00000+0 -70078-5 0  9996
2 48583  53.1617 322.6011 0001262  90.2603 269.8543 15.31696665294795
STARLINK-2241           
1 48586U 21041AK  26263.88006697 -.00000052  00000+0  10071-4 0  9992
2 48586  53.1592 320.5396 0000941  74.2399 285.8707 15.31701471294859
STARLINK-2245           
1 48589U 21041AN  26263.82314526 -.00000225  00000+0  45066-5 0  9997
2 48589  53.1610 298.6646 0001416  86.9116 273.2048 15.31699843295175
STARLINK-2250           
1 48593U 21041AS  26263.41677638  .00000708  00000+0  34593-4 0  9990
2 48593  53.1608 313.6838 0001473  89.9263 270.1907 15.31703979294925
STARLINK-2251           
1 48594U 21041AT  26263.56001078 -.00000697  00000+0 -10707-4 0  9996
2 48594  53.1602 288.9887 0001305  84.4426 275.6724 15.31701909295281
STARLINK-2252           
1 48595U 21041AU  26263.44664497  .00016940  00000+0  55667-3 0  9993
2 48595  53.1624 322.5397 0001602  82.4850 277.6334 15.31684568296063
STARLINK-2253           
1 48596U 21041AV  26263.84084973  .00000900  00000+0  40761-4 0  9992
2 48596  53.1599 311.3480 0001393  86.5627 273.5534 15.31703993295451
STARLINK-2255           
1 48597U 21041AW  26263.84550984  .00000324  00000+0  22203-4 0  9994
2 48597  53.1604 311.2977 0001154  92.0920 268.0213 15.31702609296268
STARLINK-2713           
1 48602U 21041BB  26263.90429810  .00001614  00000+0  63767-4 0  9994
2 48602  53.1594 285.3349 0001223  84.5011 275.6130 15.31696594296628
STARLINK-2714           
1 48603U 21041BC  26263.22905036 -.00006807  00000+0 -20745-3 0  9998
2 48603  53.1594 290.1168 0002420  50.0846 310.0368 15.31741543296493
STARLINK-2757           
1 48604U 21041BD  26263.45593917  .00000876  00000+0  39981-4 0  9996
2 48604  53.1604 322.5166 0001075 108.6689 251.4430 15.31708280296066
STARLINK-2739           
1 48639U 21044B   26263.95556736 -.00000341  00000+0  78638-6 0  9992
2 48639  53.1578 285.1183 0001329  98.1061 262.0091 15.31700653293745
STARLINK-2736           
1 48640U 21044C   26263.59203369  .00000305  00000+0  21603-4 0  9992
2 48640  53.1594 286.7753 0001395  89.3101 270.8060 15.31695133293687
STARLINK-2754           
1 48641U 21044D   26263.54977881  .00001189  00000+0  50060-4 0  9995
2 48641  53.1581 287.2382 0001328  89.8891 270.2263 15.31702668293686
STARLINK-2646           
1 48642U 21044E   26263.55008877  .00000085  00000+0  14487-4 0  9994
2 48642  53.1574 287.0884 0000891  77.8294 282.2807 15.31708776293685
STARLINK-2704           
1 48643U 21044F   26263.78744892  .00000631  00000+0  32083-4 0  9993
2 48643  53.1581 285.9165 0001356  95.2809 264.8347 15.31702091293720
STARLINK-2695           
1 48644U 21044G   26263.60569827 -.00000634  00000+0 -86525-5 0  9994
2 48644  53.1573 286.9395 0001331  95.5236 264.5917 15.31700453293694
STARLINK-2732           
1 48646U 21044J   26263.38662784  .00001613  00000+0  63732-4 0  9997
2 48646  53.1597 287.7999 0001166  78.6034 281.5098 15.31700501293665
STARLINK-2521           
1 48648U 21044L   26263.58705279  .00000765  00000+0  36429-4 0  9998
2 48648  53.1593 286.9771 0001056  90.7548 269.3574 15.31696799293694
STARLINK-2673           
1 48649U 21044M   26263.56838778  .00001054  00000+0  45712-4 0  9995
2 48649  53.1601 286.8861 0001212  88.1439 271.9702 15.31702221293687
STARLINK-2672           
1 48650U 21044N   26263.38197838  .00000449  00000+0  26243-4 0  9997
2 48650  53.1614 287.8845 0001612  85.2409 274.8776 15.31697954293651
STARLINK-2731           
1 48651U 21044P   26263.24681728 -.00000328  00000+0  12037-5 0  9993
2 48651  53.1602 288.5081 0000910  94.3661 265.7445 15.31695944293637
STARLINK-2720           
1 48653U 21044R   26263.23282313  .00000744  00000+0  35713-4 0  9997
2 48653  53.1608 288.5058 0000931  70.6867 289.4235 15.31704144293630
STARLINK-2657           
1 48655U 21044T   26263.36799813 -.00000817  00000+0 -14550-4 0  9990
2 48655  53.1607 287.9967 0001347  89.4751 270.6405 15.31704617293653
STARLINK-2701           
1 48656U 21044U   26263.54510383 -.00001208  00000+0 -27185-4 0  9997
2 48656  53.1602 287.0165 0001073  83.2849 276.8275 15.31682457293689
STARLINK-2734           
1 48657U 21044V   26263.55442475 -.00000063  00000+0  97522-5 0  9995
2 48657  53.1591 287.0910 0001273  86.1423 273.9724 15.31700465293684
STARLINK-2647           
1 48658U 21044W   26263.59643923 -.00000123  00000+0  78177-5 0  9993
2 48658  53.1590 287.4153 0001268  87.9243 272.1904 15.31699170293681
STARLINK-2717           
1 48659U 21044X   26261.38250159  .00000188  00000+0  17826-4 0  9997
2 48659  53.1595 297.1025 0001200  87.8373 272.2765 15.31701996293352
STARLINK-2726           
1 48662U 21044AA  26263.36887022 -.00004877  00000+0 -14531-3 0  9996
2 48662  53.1590 289.4137 0001227  96.8504 263.2637 15.31736265293629
STARLINK-2667           
1 48663U 21044AB  26263.52909865 -.00000227  00000+0  44400-5 0  9999
2 48663  53.1591 277.1457 0001260  88.3990 271.7156 15.31705530293825
STARLINK-2666           
1 48666U 21044AE  26263.80230548 -.00011787  00000+0 -36802-3 0  9997
2 48666  53.1592 287.4861 0001171  86.6206 273.4929 15.31754521293689
STARLINK-2735           
1 48667U 21044AF  26263.55062465  .00001637  00000+0  64501-4 0  9990
2 48667  53.1592 288.5699 0001274  78.1115 282.0029 15.31703115293657
STARLINK-2738           
1 48668U 21044AG  26263.58968132 -.00005353  00000+0 -16068-3 0  9995
2 48668  53.1605 276.9204 0000987  80.2473 279.8640 15.31735718293834
STARLINK-2707           
1 48669U 21044AH  26263.59903029  .00000368  00000+0  23632-4 0  9996
2 48669  53.1595 277.0081 0001272  87.4872 272.6275 15.31710484293825
STARLINK-2763           
1 48670U 21044AJ  26263.54311781 -.00000005  00000+0  11596-4 0  9996
2 48670  53.1594 277.3933 0001274  89.5752 270.5395 15.31704425293814
STARLINK-2745           
1 48671U 21044AK  26263.21973184  .00000443  00000+0  26049-4 0  9996
2 48671  53.1590 290.2297 0001154  79.8252 280.2879 15.31702012293592
STARLINK-2705           
1 48672U 21044AL  26263.54780028 -.00000428  00000+0 -20216-5 0  9992
2 48672  53.1563 277.4871 0001314  87.0962 273.0189 15.31705510293810
STARLINK-2711           
1 48673U 21044AM  26263.59723464 -.00000322  00000+0  14078-5 0  9990
2 48673  53.1585 288.3525 0001593  82.0754 278.0428 15.31705912293654
STARLINK-2712           
1 48674U 21044AN  26263.60192989  .00001101  00000+0  47250-4 0  9997
2 48674  53.1569 288.4569 0001474 106.7240 253.3923 15.31693194293652
STARLINK-2746           
1 48676U 21044AQ  26263.38750614  .00000026  00000+0  12604-4 0  9999
2 48676  53.1590 289.3220 0001333  87.0697 273.0457 15.31696093293622
STARLINK-2615           
1 48678U 21044AS  26263.60365209  .00001414  00000+0  57306-4 0  9998
2 48678  53.1584 276.6957 0001075  91.2684 268.8441 15.31708234293838
STARLINK-2648           
1 48679U 21044AT  26263.37818137  .00000952  00000+0  42429-4 0  9992
2 48679  53.1554 289.3815 0001217  74.8312 285.2824 15.31701056293623
STARLINK-2725           
1 48681U 21044AV  26263.68507381  .00000033  00000+0  12839-4 0  9997
2 48681  53.1578 248.1441 0001315  92.4104 267.7048 15.31706630294238
STARLINK-2743           
1 48682U 21044AW  26263.23953776 -.00000201  00000+0  52760-5 0  9998
2 48682  53.1558 239.6026 0001283  99.1981 260.9166 15.31702300294317
STARLINK-2756           
1 48683U 21044AX  26263.55649715  .00000250  00000+0  19819-4 0  9999
2 48683  53.1620 238.3199 0001201  79.1292 280.9844 15.31697717294363
STARLINK-2741           
1 48684U 21044AY  26263.25193173 -.00001526  00000+0 -37438-4 0  9995
2 48684  53.1588 252.4594 0001094  86.9305 273.1822 15.31699258294142
STARLINK-2751           
1 48685U 21044AZ  26263.95262754  .00000608  00000+0  31348-4 0  9997
2 48685  53.1594 236.1883 0001186  89.8505 270.2633 15.31692819294432
STARLINK-2629           
1 48686U 21044BA  26263.68471053  .00002867  00000+0  10413-3 0  9990
2 48686  53.1590 247.8985 0001072  86.8448 273.2676 15.31697523294233
STARLINK-2627           
1 48687U 21044BB  26263.45391794 -.00003630  00000+0 -10516-3 0  9994
2 48687  53.1606 238.5775 0002391 116.9800 243.1445 15.31723285294345
STARLINK-2742           
1 48688U 21044BC  26263.54251751  .00000046  00000+0  13280-4 0  9991
2 48688  53.1602 238.3776 0002023  50.8840 309.2341 15.31692687294354
STARLINK-2740           
1 48690U 21044BE  26263.91900024 -.00124935  00000+0 -42059-2 0  9999
2 48690  53.1598 246.7708 0005559 119.4645 240.6911 15.30719721294271
STARLINK-2750           
1 48691U 21044BF  26263.47494029  .00002988  00000+0  10788-3 0  9990
2 48691  53.1590 248.8062 0001405  86.3452 273.7710 15.31739596294204
STARLINK-2752           
1 48692U 21044BG  26263.95033348  .00000470  00000+0  26890-4 0  9993
2 48692  53.1587 246.3903 0001038  89.5962 270.5159 15.31707934294282
STARLINK-2618           
1 48693U 21044BH  26263.94136648  .00000419  00000+0  25276-4 0  9990
2 48693  53.1589 246.5690 0001391  90.0910 270.0251 15.31706778294285
STARLINK-2748           
1 48694U 21044BJ  26263.93247972  .00000698  00000+0  34236-4 0  9998
2 48694  53.1559 249.8524 0001174  81.7078 278.4056 15.31706080294232
STARLINK-2616           
1 48695U 21044BK  26263.68104522  .00000568  00000+0  30064-4 0  9995
2 48695  53.1599 250.3313 0001256  92.2163 267.8982 15.31703422294218
STARLINK-2753           
1 48696U 21044BL  26263.95481428  .00025802  00000+0  77293-3 0  9991
2 48696  53.1561 259.4647 0004404  55.8084 304.3335 15.34362703294106
STARLINK-3005           
1 48881U 21059C   26263.57371458 -.00000235  00000+0 -14101-4 0  9997
2 48881  97.2826  23.9042 0000654 193.9228 166.1979 15.01268971288045
STARLINK-3090           
1 49132U 21082C   26263.44443985 -.00000520  00000+0 -35825-4 0  9997
2 49132  70.0005 163.2848 0002823 266.7948  93.2888 14.98324042275157
STARLINK-3077           
1 49133U 21082D   26263.46113764  .00000307  00000+0  33478-4 0  9992
2 49133  69.9992 163.3682 0002873 269.3841  90.6989 14.98334965275151
STARLINK-3078           
1 49134U 21082E   26263.45696416  .00000237  00000+0  27617-4 0  9992
2 49134  69.9998 163.3820 0002931 269.4279  90.6544 14.98330233276357
STARLINK-3073           
1 49135U 21082F   26263.69433372 -.00000680  00000+0 -49173-4 0  9994
2 49135  69.9982 122.7642 0002684 267.1004  92.9848 14.98325749276187
STARLINK-3055           
1 49137U 21082H   26263.32404621  .00000333  00000+0  36423-4 0  9998
2 49137  69.9994 145.1180 0002703 272.3345  87.7504 14.97523256275593
STARLINK-3058           
1 49138U 21082J   26263.38603384 -.00000029  00000+0  53224-5 0  9994
2 49138  69.9996 163.5637 0002904 270.6228  89.4598 14.98327746275141
STARLINK-3057           
1 49139U 21082K   26264.00002315  .00192829  00000+0  24572-2 0  9992
2 49139  69.9998 108.2989 0004035 285.9630  59.7875 15.58515567  5857
STARLINK-3093           
1 49141U 21082M   26263.98270193 -.00000026  00000+0  56384-5 0  9999
2 49141  70.0002 162.0635 0002734 271.2420  88.8426 14.98331342276433
STARLINK-3109           
1 49143U 21082P   26263.92116430  .00000346  00000+0  37557-4 0  9992
2 49143  69.9987 143.6186 0002908 266.8331  93.2495 14.97505634276795
STARLINK-3100           
1 49144U 21082Q   26263.44026944  .00000335  00000+0  35905-4 0  9993
2 49144  69.9994 163.4094 0003052 272.8815  87.1995 14.98332943275155
STARLINK-3119           
1 49145U 21082R   26262.98918096  .00000122  00000+0  17976-4 0  9992
2 49145  69.9986 124.5421 0002725 269.3676  90.7171 14.98330792276068
STARLINK-3116           
1 49146U 21082S   26263.91695983  .00002772  00000+0  24490-3 0  9995
2 49146  69.9992 143.6307 0002634 271.1687  88.9170 14.97545922276838
STARLINK-3071           
1 49147U 21082T   26263.33550479  .00000444  00000+0  45028-4 0  9997
2 49147  69.9982 123.6865 0002765 271.3703  88.7139 14.98325862276126
STARLINK-3048           
1 49148U 21082U   26263.37426330 -.00000767  00000+0 -57722-4 0  9994
2 49148  69.9977 144.9769 0003117 271.9594  88.1207 14.97518967275595
STARLINK-3102           
1 49151U 21082X   26263.31463537  .00000317  00000+0  34388-4 0  9994
2 49151  69.9977 123.7272 0002733 270.3327  89.7519 14.98331110277312
STARLINK-3072           
1 49153U 21082Z   26263.90713213 -.00000008  00000+0  71078-5 0  9996
2 49153  69.9980 122.2436 0002781 270.5352  89.5488 14.98333386277418
STARLINK-3068           
1 49154U 21082AA  26263.10290495  .00001617  00000+0  14618-3 0  9992
2 49154  69.9990 145.6641 0002794 268.5025  91.5814 14.97527773276638
STARLINK-3060           
1 49155U 21082AB  26263.90296020  .00000187  00000+0  23466-4 0  9994
2 49155  69.9983 122.2474 0002653 270.5364  89.5491 14.98330779277288
STARLINK-3085           
1 49156U 21082AC  26263.88211603  .00000608  00000+0  58727-4 0  9992
2 49156  69.9974 122.2981 0002578 268.5531  91.5332 14.98317981277288
STARLINK-3051           
1 49157U 21082AD  26263.38508970  .00004757  00000+0  32336-3 0  9990
2 49157  69.9963 135.1209 0005546 297.7840  62.2760 15.07014037276947
STARLINK-3083           
1 49158U 21082AE  26264.05564073  .00492880  12733-3  52642-3 0  9992
2 49158  69.9477 335.2615 0008017 292.1184  67.9180 16.09891402280909
STARLINK-3056           
1 49159U 21082AF  26263.42775826  .00000430  00000+0  43799-4 0  9993
2 49159  70.0008 163.4530 0002700 270.5816  89.5033 14.98330634276245
STARLINK-3095           
1 49160U 21082AG  26263.68227953  .00000211  00000+0  25483-4 0  9993
2 49160  70.0000 162.7935 0002915 271.1515  88.9310 14.98332691276258
STARLINK-3080           
1 49161U 21082AH  26263.15237113  .00000622  00000+0  59899-4 0  9999
2 49161  70.0000 164.1261 0002865 268.4253  91.6578 14.98330352276180
STARLINK-3088           
1 49163U 21082AK  26263.95875408  .00001656  00000+0  14958-3 0  9998
2 49163  69.9990 143.5193 0002877 271.1789  88.9040 14.97519476276841
STARLINK-3106           
1 49164U 21082AL  26263.91151693  .00003899  00000+0  33417-3 0  9990
2 49164  70.0001 142.2287 0002969 275.2361  84.8459 14.98355061276872
STARLINK-3052           
1 49165U 21082AM  26264.00002315  .00038294  00000+0  23931-2 0  9994
2 49165  70.0003 161.8481 0001860 225.2354 234.7155 15.09268364  5673
STARLINK-3089           
1 49166U 21082AN  26263.95455088  .00000839  00000+0  79708-4 0  9996
2 49166  69.9985 143.5328 0002843 270.4509  89.6324 14.97528895276885
STARLINK-3054           
1 49167U 21082AP  26263.46948249  .00000450  00000+0  45494-4 0  9993
2 49167  69.9993 163.3399 0002683 271.5556  88.5296 14.98330078276352
STARLINK-3046           
1 49169U 21082AR  26263.37328599 -.00000431  00000+0 -28371-4 0  9991
2 49169  69.9992 143.5992 0002656 275.1685  84.9171 14.98329537275635
STARLINK-3107           
1 49171U 21082AT  26263.37880959  .00006574  00000+0  33574-3 0  9999
2 49171  69.9931 144.5689 0006939 271.9588  88.0786 15.17141462276773
STARLINK-3045           
1 49173U 21082AV  26263.08616379  .00001755  00000+0  63874-4 0  9995
2 49173  69.9975 142.2717 0003165 277.8483  82.2334 15.30415858275645
STARLINK-3087           
1 49175U 21082AX  26263.91771652 -.00000432  00000+0 -29040-4 0  9995
2 49175  69.9992 143.7581 0002601 266.4739  93.6122 14.97524514275679
STARLINK-3069           
1 49176U 21082AY  26264.17313128  .01179364  42106-5  52445-3 0  9998
2 49176  69.9909  98.3157 0007664 268.3788  91.6556 16.22008830276815
STARLINK-3103           
1 49177U 21082AZ  26263.86539726  .00000959  00000+0  88177-4 0  9993
2 49177  69.9986 122.3549 0002802 269.9067  90.1771 14.98337926277399
STARLINK-3086           
1 49178U 21082BA  26263.02302328  .00000849  00000+0  78962-4 0  9997
2 49178  70.0000 164.4611 0002814 271.1792  88.9045 14.98330585276246
STARLINK-3043           
1 49179U 21082BB  26261.98361068  .00000322  00000+0  34812-4 0  9999
2 49179  69.9987 127.0845 0002401 258.1473 101.9417 14.98330352275919
STARLINK-3059           
1 49181U 21082BD  26263.47365622  .00000643  00000+0  61650-4 0  9994
2 49181  69.9998 163.3386 0002870 268.3881  91.6949 14.98330192276348
STARLINK-3075           
1 49409U 21104B   26263.86457044  .00000014  00000+0  11769-4 0  9993
2 49409  53.1601  58.2009 0001081  89.1204 270.9922 15.33550826268300
STARLINK-3147           
1 49410U 21104C   26263.87673435  .00000897  00000+0  40677-4 0  9999
2 49410  53.1600  59.0630 0001248  88.2200 271.8945 15.31704582268281
STARLINK-3162           
1 49411U 21104D   26263.92209238 -.00002713  00000+0 -69225-4 0  9993
2 49411  53.1607  50.0969 0001299  95.2673 264.8477 15.34377133268411
STARLINK-3157           
1 49413U 21104F   26263.89923547 -.00000367  00000+0  18489-6 0  9997
2 49413  53.1601  49.9992 0001139  85.5927 274.5206 15.33549464268412
STARLINK-3146           
1 49414U 21104G   26263.70951911  .00000168  00000+0  16441-4 0  9996
2 49414  53.1586  60.8828 0001358  78.2895 281.8259 15.33549098268244
STARLINK-3159           
1 49415U 21104H   26263.91572072 -.00002847  00000+0 -73231-4 0  9995
2 49415  53.1606  49.4355 0001209  89.5652 270.5489 15.34365093268418
STARLINK-3133           
1 49416U 21104J   26263.59218394  .00000369  00000+0  22071-4 0  9995
2 49416  53.1606  60.9421 0001287  82.4994 277.6155 15.34396406268238
STARLINK-3154           
1 49417U 21104K   26263.71407223 -.00003820  00000+0 -10202-3 0  9990
2 49417  53.1591  51.0674 0000954  92.0373 268.0739 15.34384374268379
STARLINK-3111           
1 49418U 21104L   26263.89594389  .00000156  00000+0  16081-4 0  9999
2 49418  53.1598  60.0268 0001088  83.1565 276.9561 15.33554271268262
STARLINK-3120           
1 49419U 21104M   26263.05648184  .00002538  00000+0  86282-4 0  9997
2 49419  53.1614  64.1491 0000690 104.9330 255.1749 15.34378536268137
STARLINK-3110           
1 49420U 21104N   26263.16514698  .00000797  00000+0  34730-4 0  9999
2 49420  53.1600  61.2239 0001088  92.9957 267.1170 15.34382067268185
STARLINK-3112           
1 49421U 21104P   26263.90934558  .00000438  00000+0  25867-4 0  9996
2 49421  53.1600  58.9116 0001146  80.5333 279.5798 15.31705917268283
STARLINK-3161           
1 49422U 21104Q   26263.92438426 -.00001504  00000+0 -32195-4 0  9991
2 49422  53.1608  59.5660 0002724   7.2018 352.9023 15.35395512268278
STARLINK-3135           
1 49424U 21104S   26263.04551153  .00000061  00000+0  12651-4 0  9999
2 49424  53.1610  64.1189 0001125  83.0988 277.0143 15.35393213268134
STARLINK-3139           
1 49425U 21104T   26263.05177653 -.00000788  00000+0 -13650-4 0  9998
2 49425  53.1613  62.9191 0001159  83.2818 276.8315 15.31691447268165
STARLINK-3114           
1 49426U 21104U   26263.69724960  .00000656  00000+0  30563-4 0  9992
2 49426  53.1595  60.4522 0001282 103.5612 256.5533 15.34383942268248
STARLINK-3131           
1 49427U 21104V   26263.69962197  .00001482  00000+0  59481-4 0  9997
2 49427  53.1600  59.8916 0001206  78.1332 281.9805 15.31713572268266
STARLINK-3121           
1 49428U 21104W   26263.93372687  .00013270  00000+0  69315-3 0  9998
2 49428  53.1586  68.4667 0001330 127.4723 232.6393 15.16216066268162
STARLINK-3138           
1 49430U 21104Y   26262.77065643 -.00000988  00000+0 -18146-4 0  9994
2 49430  53.1600  64.7738 0000576  84.3724 275.7344 15.34375500268111
STARLINK-3153           
1 49431U 21104Z   26263.05849438 -.00001285  00000+0 -26923-4 0  9992
2 49431  53.1600  63.4424 0001264  70.0881 290.0257 15.34382749268151
STARLINK-3158           
1 49432U 21104AA  26263.88849807  .00000591  00000+0  30814-4 0  9995
2 49432  53.1599  50.0479 0001145  80.8679 279.2452 15.31704572268417
STARLINK-3079           
1 49433U 21104AB  26263.59372727 -.00000006  00000+0  10948-4 0  9994
2 49433  53.1614  49.4755 0000970  83.1546 276.9567 15.34386499269485
STARLINK-3134           
1 49434U 21104AC  26263.89284075  .00012482  00000+0  73301-3 0  9997
2 49434  53.2159  71.6341 0002194 101.3561 258.7679 15.12076403269208
STARLINK-3117           
1 49435U 21104AD  26264.00002315 -.00012464  00000+0 -36803-3 0  9995
2 49435  53.1588  49.5408 0001342  61.7495  71.0560 15.33568754  5819
STARLINK-3049           
1 49436U 21104AE  26263.86669355  .00000483  00000+0  24733-4 0  9998
2 49436  53.1620  48.2978 0000767  77.6475 282.4614 15.35402610268436
STARLINK-3130           
1 49437U 21104AF  26263.79328873  .00000700  00000+0  31851-4 0  9999
2 49437  53.1601  36.6946 0001271  72.6687 287.4455 15.34397991268592
STARLINK-3044           
1 49438U 21104AG  26263.86679726 -.00014229  00000+0 -41020-3 0  9995
2 49438  53.1608  47.7108 0001337  73.3627 286.7522 15.34444563268447
STARLINK-3105           
1 49440U 21104AJ  26263.71816541  .00062543  00000+0  18802-2 0  9991
2 49440  53.1631  50.3502 0001816  21.8665 338.2414 15.33834408268393
STARLINK-3128           
1 49441U 21104AK  26263.63780111  .00000328  00000+0  20830-4 0  9995
2 49441  53.1604  37.4236 0000959  82.6438 277.4673 15.34391144268571
STARLINK-3098           
1 49442U 21104AL  26264.00002315  .01150601  00000+0  14215-1 0  9999
2 49442  53.1587  33.6594 0001341  94.8130 355.5418 15.57204349  5880
STARLINK-3136           
1 49443U 21104AM  26263.94648141  .00011361  00000+0  64144-3 0  9991
2 49443  53.2146  49.8379 0001570  82.8723 277.2450 15.13584798268431
STARLINK-3126           
1 49444U 21104AN  26263.86911671  .00001750  00000+0  68131-4 0  9996
2 49444  53.1597  47.1424 0001157  69.9407 290.1719 15.31700909268457
STARLINK-3122           
1 49445U 21104AP  26262.97433115  .00001889  00000+0  68740-4 0  9999
2 49445  53.1598  54.3325 0001165  83.6592 276.4542 15.33548786268272
STARLINK-3099           
1 49446U 21104AQ  26263.92899780  .00006496  00000+0  22115-3 0  9994
2 49446  53.1602  44.0420 0001389  93.7413 266.3747 15.31667901268503
STARLINK-3115           
1 49447U 21104AR  26263.93977848  .00000256  00000+0  20018-4 0  9997
2 49447  53.1599  49.7875 0001240  75.7261 284.3878 15.31701491268421
STARLINK-3137           
1 49449U 21104AT  26263.73943328  .00101687  00000+0  11914-2 0  9996
2 49449  53.2098 352.7582 0002293 346.7365  13.3589 15.60750099269223
STARLINK-3127           
1 49450U 21104AU  26263.70355993  .00000300  00000+0  20025-4 0  9995
2 49450  53.1606  51.1034 0001235  89.9440 270.1704 15.34393075268641
STARLINK-3125           
1 49451U 21104AV  26263.68091822  .00004870  00000+0  15948-3 0  9994
2 49451  53.1590  51.0875 0001606  81.0508 279.0676 15.33517580268381
STARLINK-3150           
1 49452U 21104AW  26263.59020395  .00000089  00000+0  14631-4 0  9999
2 49452  53.1613  51.3885 0000991  81.3814 278.7299 15.31702497268378
STARLINK-3129           
1 49453U 21104AX  26263.65472957  .00000853  00000+0  39252-4 0  9997
2 49453  53.1606  48.2099 0001239  83.3023 276.8119 15.31699165268426
STARLINK-3160           
1 49454U 21104AY  26263.69086197  .00000599  00000+0  28875-4 0  9995
2 49454  53.1598  50.4808 0001064  83.7550 276.3574 15.34396008268394
STARLINK-3145           
1 49455U 21104AZ  26263.87156877 -.00000599  00000+0 -65944-5 0  9990
2 49455  53.1603  49.6331 0000780  78.7714 281.3377 15.34384825268428
STARLINK-3124           
1 49456U 21104BA  26263.59678799 -.00000393  00000+0 -62045-6 0  9994
2 49456  53.1605  51.3928 0001276  83.7772 276.3375 15.33545285268378
STARLINK-3132           
1 49457U 21104BB  26263.71605397  .00000594  00000+0  30880-4 0  9994
2 49457  53.1607  50.8395 0000941  90.3571 269.7538 15.31703861268384
STARLINK-3156           
1 49458U 21104BC  26263.91844995  .00002740  00000+0  94673-4 0  9991
2 49458  53.1597  49.8847 0001278  87.2921 272.8227 15.33524649268423
STARLINK-3141           
1 49459U 21104BD  26263.57351449  .00000780  00000+0  33261-4 0  9999
2 49459  53.1603  52.1103 0001085  81.8722 278.2404 15.35403601268365
STARLINK-3140           
1 49460U 21104BE  26263.60051963 -.00000120  00000+0  75889-5 0  9995
2 49460  53.1611  50.9038 0001230  86.0185 274.0958 15.34387579268374
STARLINK-3219           
1 49724U 21115A   26263.49791735  .00000264  00000+0  20287-4 0  9994
2 49724  53.1624 339.7832 0001291  84.3856 275.7293 15.31705092265147
STARLINK-3218           
1 49725U 21115B   26263.92050099  .00001201  00000+0  46680-4 0  9991
2 49725  53.1613 339.8941 0001244  80.3952 279.7191 15.34385633265182
STARLINK-3242           
1 49727U 21115D   26263.84441097  .00000034  00000+0  12143-4 0  9996
2 49727  53.1622 348.4002 0001154  94.1511 265.9623 15.34387111265058
STARLINK-3240           
1 49728U 21115E   26263.72456370  .00000630  00000+0  29770-4 0  9990
2 49728  53.1609 348.3279 0001109  80.6527 279.4601 15.34393028265045
STARLINK-3251           
1 49729U 21115F   26263.95297124 -.00001288  00000+0 -29743-4 0  9998
2 49729  53.1598 349.7009 0000848  63.5837 296.5252 15.31704010265048
STARLINK-3249           
1 49730U 21115G   26263.52081153  .00000172  00000+0  16228-4 0  9999
2 49730  53.1581 349.7723 0001244  81.7790 278.3353 15.34389557265000
STARLINK-3246           
1 49732U 21115J   26263.51485514  .00000805  00000+0  37690-4 0  9998
2 49732  53.1619 351.7440 0001180  74.2371 285.8761 15.31701831264975
STARLINK-3252           
1 49733U 21115K   26263.96695095  .00000097  00000+0  14888-4 0  9992
2 49733  53.1608 349.6630 0001196  69.7418 290.3712 15.31702370265044
STARLINK-3238           
1 49734U 21115L   26263.93604548  .00000160  00000+0  16917-4 0  9999
2 49734  53.1608 337.8929 0001181  78.8163 281.2972 15.31701928265200
STARLINK-3113           
1 49735U 21115M   26263.55227787  .00001956  00000+0  69037-4 0  9999
2 49735  53.1599 349.1913 0001122  93.3919 266.7212 15.34379079265010
STARLINK-3148           
1 49736U 21115N   26263.50231817  .00000130  00000+0  14985-4 0  9999
2 49736  53.1634 341.4505 0001264  90.0031 270.1117 15.34391926265129
STARLINK-3225           
1 49737U 21115P   26263.90414963  .00004793  00000+0  17760-3 0  9991
2 49737  53.1627 347.4646 0001183  69.2482 290.8646 15.29490809265076
STARLINK-3143           
1 49738U 21115Q   26263.76399094  .00015353  00000+0  85305-3 0  9997
2 49738  53.2153 350.6967 0001280  77.7458 282.3680 15.13897304265022
STARLINK-3155           
1 49739U 21115R   26263.89786807  .00019931  00000+0  53303-3 0  9993
2 49739  53.1613 349.1179 0003615   8.4203 351.6862 15.38073678265045
STARLINK-3226           
1 49740U 21115S   26263.68434482  .00000101  00000+0  15002-4 0  9995
2 49740  53.1608 338.9031 0001048  78.6927 281.4192 15.31700701265171
STARLINK-3244           
1 49741U 21115T   26263.94069042 -.00000048  00000+0  10209-4 0  9996
2 49741  53.1612 337.7374 0001308  79.1036 281.0113 15.31701364265210
STARLINK-3202           
1 49742U 21115U   26263.84426031  .00001389  00000+0  50742-4 0  9995
2 49742  53.1611 339.7947 0001154  92.9564 267.1571 15.35382354265172
STARLINK-3239           
1 49743U 21115V   26263.49326758  .00000555  00000+0  29656-4 0  9996
2 49743  53.1624 339.8803 0001156  52.3217 307.7889 15.31703979265142
STARLINK-3231           
1 49744U 21115W   26263.50257630  .00001308  00000+0  53928-4 0  9997
2 49744  53.1644 339.7467 0001611  84.1193 275.9992 15.31699475265148
STARLINK-3241           
1 49745U 21115X   26263.51192954  .00000157  00000+0  16806-4 0  9991
2 49745  53.1621 339.9211 0001009  70.2925 289.8185 15.31704660265144
STARLINK-3233           
1 49746U 21115Y   26263.85835343  .00000628  00000+0  28925-4 0  9993
2 49746  53.1617 346.0444 0001619  77.8169 282.3016 15.35401564265082
STARLINK-3247           
1 49747U 21115Z   26263.51248629  .00013927  00000+0  77598-3 0  9997
2 49747  53.1622 352.4816 0001280  41.7492 318.3600 15.13874455264960
STARLINK-3248           
1 49748U 21115AA  26263.83856229 -.00000435  00000+0 -15527-5 0  9992
2 49748  53.1616 345.8445 0001157  74.6971 285.4160 15.35398646265095
STARLINK-3250           
1 49749U 21115AB  26263.51657512  .00000206  00000+0  18414-4 0  9993
2 49749  53.1634 339.7906 0001250  70.2384 289.8752 15.31702675265142
STARLINK-3236           
1 49750U 21115AC  26263.85680459  .00002041  00000+0  77548-4 0  9990
2 49750  53.1618 338.1641 0001134  80.7193 279.3937 15.31691426265195
STARLINK-3229           
1 49751U 21115AD  26263.50348087  .00000995  00000+0  40591-4 0  9995
2 49751  53.1619 348.0521 0001136  91.2619 268.8514 15.34390403265037
STARLINK-3209           
1 49752U 21115AE  26263.89669162 -.00000247  00000+0  38208-5 0  9992
2 49752  53.1607 327.5298 0001438  86.4563 273.6604 15.34386945265352
STARLINK-3200           
1 49753U 21115AF  26263.83643760  .00000291  00000+0  19762-4 0  9994
2 49753  53.1617 340.1780 0001319  81.5027 278.6125 15.34394567265172
STARLINK-3193           
1 49754U 21115AG  26263.42717831  .00000331  00000+0  20393-4 0  9998
2 49754  53.1609 330.3505 0001136  81.6673 278.4459 15.35401145265276
STARLINK-3210           
1 49755U 21115AH  26263.91418971  .00000986  00000+0  40328-4 0  9992
2 49755  53.1605 339.8678 0001486  74.9494 285.1673 15.34391451265182
STARLINK-3207           
1 49756U 21115AJ  26263.46175693  .00001694  00000+0  61243-4 0  9990
2 49756  53.1598 329.6726 0001129  69.8884 290.2240 15.34412495265285
STARLINK-3197           
1 49757U 21115AK  26263.49569703  .00001334  00000+0  51892-4 0  9993
2 49757  53.1621 329.9601 0001144  85.4725 274.6408 15.33551117265289
STARLINK-3194           
1 49758U 21115AL  26263.85046762 -.00000769  00000+0 -11646-4 0  9995
2 49758  53.1608 327.7505 0001136  79.5030 280.6101 15.34386910265340
STARLINK-3204           
1 49759U 21115AM  26263.90299454 -.00000489  00000+0 -33249-5 0  9993
2 49759  53.1617 327.4869 0001328  88.6142 271.5013 15.34387399265353
STARLINK-3199           
1 49760U 21115AN  26263.66136211  .00000169  00000+0  16152-4 0  9995
2 49760  53.1596 328.6279 0001104  81.3866 278.7262 15.34386905265328
STARLINK-3203           
1 49761U 21115AP  26263.45544545 -.00000370  00000+0  17553-6 0  9999
2 49761  53.1604 329.5952 0001315  84.6704 275.4449 15.34390511265282
STARLINK-3195           
1 49762U 21115AQ  26263.53738664  .00000603  00000+0  28972-4 0  9999
2 49762  53.1614 329.1963 0001111  82.7866 277.3263 15.34395778265302
STARLINK-3198           
1 49763U 21115AR  26263.47779313  .00001364  00000+0  55717-4 0  9991
2 49763  53.1610 333.8748 0001171  77.4813 282.6319 15.31704944265230
STARLINK-3227           
1 49765U 21115AT  26263.84472017 -.00000354  00000+0  35633-6 0  9991
2 49765  53.1624 327.6126 0001239  66.5624 293.5508 15.31694905265351
STARLINK-3190           
1 49766U 21115AU  26263.84082485 -.00000130  00000+0  71950-5 0  9991
2 49766  53.1589 328.1246 0001261  78.7937 281.3208 15.35394866265346
STARLINK-3192           
1 49767U 21115AV  26263.54369406  .00000966  00000+0  39728-4 0  9992
2 49767  53.1605 329.1958 0001087  88.2397 271.8731 15.34397413265300
STARLINK-3196           
1 49768U 21115AW  26263.42603243 -.00000096  00000+0  83100-5 0  9999
2 49768  53.1618 329.7263 0001277  84.9628 275.1520 15.34389060265280
STARLINK-3208           
1 49769U 21115AX  26263.89727401 -.00000577  00000+0 -68130-5 0  9995
2 49769  53.1599 331.9472 0001382  86.6329 273.4831 15.31695764265295
STARLINK-3191           
1 49770U 21115AY  26263.90659534 -.00000159  00000+0  66365-5 0  9993
2 49770  53.1604 331.9286 0001040  68.9365 291.1748 15.31699988266412
STARLINK-3201           
1 49771U 21115AZ  26263.43864728 -.00000300  00000+0  22722-5 0  9992
2 49771  53.1600 329.7243 0001408  84.4673 275.6491 15.34385008265284
STARLINK-3297           
1 50159U 21125D   26263.89955537 -.00000706  00000+0 -10149-4 0  9994
2 50159  53.1597  90.1587 0001074  91.3824 268.7301 15.33520549266098
STARLINK-3304           
1 50161U 21125F   26263.91560704 -.00050293  00000+0 -14616-2 0  9995
2 50161  53.1583  89.4312 0002646  61.5353 298.5917 15.34942034266109
STARLINK-3306           
1 50163U 21125H   26264.00002315  .00131365  00000+0  49740-3 0  9992
2 50163  53.2096  35.5710 0004752 306.6700 114.7077 15.86796439  5979
STARLINK-3298           
1 50165U 21125K   26263.90075207  .00000166  00000+0  16053-4 0  9998
2 50165  53.1584  89.4961 0001188  93.2351 266.8787 15.34387110266150
STARLINK-3305           
1 50166U 21125L   26262.98236091  .00000016  00000+0  12262-4 0  9998
2 50166  53.1599  84.1936 0001111  81.1229 278.9899 15.31706396266096
STARLINK-3271           
1 50167U 21125M   26263.92385693  .00000942  00000+0  37926-4 0  9999
2 50167  53.1609  90.4196 0001266  83.7843 276.3304 15.35398079266090
STARLINK-3301           
1 50169U 21125P   26263.83506499  .00000105  00000+0  14246-4 0  9991
2 50169  53.1605  76.3999 0001060  93.5992 266.5132 15.34391129266298
STARLINK-3245           
1 50170U 21125Q   26263.88654620  .00001192  00000+0  50177-4 0  9998
2 50170  53.1584  80.0031 0001260  66.2871 293.8262 15.31701222266237
STARLINK-3286           
1 50171U 21125R   26263.89048059  .00000186  00000+0  17763-4 0  9999
2 50171  53.1616  77.0625 0001338  81.9783 278.1370 15.31702142266284
STARLINK-3287           
1 50172U 21125S   26263.89490977  .00000093  00000+0  13902-4 0  9998
2 50172  53.1606  81.5274 0001266  82.5886 277.5260 15.34388840266251
STARLINK-3289           
1 50173U 21125T   26263.21480357  .00007602  00000+0  39455-3 0  9999
2 50173  53.2112  79.0005 0002781 124.3694 235.7565 15.17072834266218
STARLINK-3292           
1 50174U 21125U   26263.03338125 -.00000541  00000+0 -48858-5 0  9991
2 50174  53.1589  75.7373 0001019  84.0593 276.0526 15.34382344266270
STARLINK-3291           
1 50175U 21125V   26263.20025983  .00000373  00000+0  21587-4 0  9996
2 50175  53.1603  84.8889 0001084  96.4550 263.6576 15.35400881266111
STARLINK-3293           
1 50176U 21125W   26263.87723745  .00000531  00000+0  28894-4 0  9995
2 50176  53.1593  80.0983 0001139  95.8645 264.2486 15.31694173266282
STARLINK-3282           
1 50177U 21125X   26263.11433217 -.00001792  00000+0 -41916-4 0  9997
2 50177  53.1596  79.5252 0001258  84.2319 275.8827 15.34394183266187
STARLINK-3283           
1 50179U 21125Z   26263.22005987 -.00000136  00000+0  73973-5 0  9999
2 50179  53.1593  83.0686 0001226  96.3014 263.8127 15.31697819266143
STARLINK-3265           
1 50180U 21125AA  26263.92383306  .00001071  00000+0  46254-4 0  9991
2 50180  53.1592  79.7961 0001125  93.5849 266.5281 15.31702813266293
STARLINK-3285           
1 50181U 21125AB  26263.92850533  .00000128  00000+0  15906-4 0  9995
2 50181  53.1580  79.9049 0002213  61.4611 298.6613 15.31727898266251
STARLINK-3277           
1 50182U 21125AC  26263.89513120  .00000170  00000+0  17238-4 0  9997
2 50182  53.1599  76.9764 0001230  86.3483 273.7659 15.31703589266327
STARLINK-3281           
1 50183U 21125AD  26263.86991652  .00009620  00000+0  58379-3 0  9994
2 50183  53.1593  91.5168 0002641 106.3445 253.7838 15.11149285266121
STARLINK-3279           
1 50185U 21125AF  26263.07091691  .00000183  00000+0  17664-4 0  9991
2 50185  53.1595  83.7553 0001226  88.7012 271.4130 15.31708978266121
STARLINK-3274           
1 50186U 21125AG  26263.91207629  .00000760  00000+0  36241-4 0  9998
2 50186  53.1591  88.9200 0001402  75.8644 284.2513 15.31707295266115
STARLINK-3272           
1 50187U 21125AH  26263.87583498  .00017035  00000+0  92076-3 0  9995
2 50187  53.2132  78.8970 0002116 134.0951 226.0218 15.14804500266240
STARLINK-3276           
1 50189U 21125AK  26263.93789327  .00021131  00000+0  98262-3 0  9998
2 50189  53.2130  81.5207 0003194  47.7263 312.4004 15.19938895266273
STARLINK-3268           
1 50190U 21125AL  26263.73828780 -.00001458  00000+0 -32059-4 0  9990
2 50190  53.1588  66.2622 0001275  73.1551 286.9591 15.34371759266412
STARLINK-3273           
1 50191U 21125AM  26263.92176544  .00000097  00000+0  14010-4 0  9999
2 50191  53.1593  89.3925 0001238  87.9326 272.1819 15.34386060266100
STARLINK-3259           
1 50192U 21125AN  26263.03286515  .00001459  00000+0  55691-4 0  9995
2 50192  53.1607  76.0465 0001021  90.7254 269.3865 15.33551121266213
STARLINK-3261           
1 50193U 21125AP  26263.86103432  .00000135  00000+0  16130-4 0  9998
2 50193  53.1598  71.1586 0001296  88.6289 271.4861 15.31698238266401
STARLINK-3266           
1 50195U 21125AR  26263.18531180  .00001827  00000+0  70641-4 0  9996
2 50195  53.1602  74.7937 0001163  89.0178 271.0957 15.31690934266242
STARLINK-3267           
1 50197U 21125AT  26262.91778933  .00002244  00000+0  77532-4 0  9997
2 50197  53.1606  76.1217 0001215  93.9212 266.1929 15.34393552266250
STARLINK-3264           
1 50198U 21125AU  26262.88164642  .00018265  00000+0  90535-3 0  9997
2 50198  53.1574  83.0919 0002061 127.2547 232.8636 15.17812612266106
STARLINK-3270           
1 50199U 21125AV  26263.88260662 -.00000040  00000+0  97632-5 0  9998
2 50199  53.1595  71.8319 0001225  84.0514 276.0629 15.35398050266347
STARLINK-3235           
1 50200U 21125AW  26263.88105986  .00000110  00000+0  14671-4 0  9996
2 50200  53.1604  72.2614 0000790  84.0195 276.0897 15.33550365266350
STARLINK-3256           
1 50202U 21125AY  26263.17593673  .00001133  00000+0  48272-4 0  9994
2 50202  53.1593  74.5820 0001104  97.3692 262.7435 15.31704659266245
STARLINK-3257           
1 50203U 21125AZ  26263.89832353 -.00000235  00000+0  41944-5 0  9998
2 50203  53.1597  70.9946 0001200  86.0323 274.0815 15.31704279266428
STARLINK-3254           
1 50204U 21125BA  26263.04075866  .00000669  00000+0  33329-4 0  9991
2 50204  53.1595  75.0811 0001147  92.9609 267.1524 15.31703199266281
STARLINK-3260           
1 50205U 21125BB  26263.59412847  .00000317  00000+0  21988-4 0  9994
2 50205  53.1574  48.3762 0001641 100.3145 259.8041 15.31698230266657
STARLINK-3323           
1 50804U 22001B   26263.91212947 -.00000612  00000+0 -69698-5 0  9999
2 50804  53.1605 351.6983 0001228  99.4692 260.6450 15.34386421260161
STARLINK-3333           
1 50805U 22001C   26263.76448718  .00011464  00000+0  48845-3 0  9994
2 50805  53.1394 357.8330 0002918 316.5075  43.5692 15.23420928260060
STARLINK-3335           
1 50806U 22001D   26263.87273028 -.00004516  00000+0 -12256-3 0  9996
2 50806  53.1605 353.6425 0001558  91.9522 268.1659 15.34408948260131
STARLINK-3355           
1 50808U 22001F   26263.85508234  .00000487  00000+0  27456-4 0  9996
2 50808  53.1611 350.1127 0001024  79.1976 280.9140 15.31704548260184
STARLINK-3232           
1 50809U 22001G   26263.85974764  .00000090  00000+0  14665-4 0  9990
2 50809  53.1614 350.1039 0001144  71.1728 288.9398 15.31703918260183
STARLINK-3338           
1 50812U 22001K   26263.56808253  .00000188  00000+0  16719-4 0  9991
2 50812  53.1617 355.1641 0001208  87.2702 272.8439 15.34385597260084
STARLINK-3349           
1 50813U 22001L   26263.55964765  .00044848  00000+0  65116-3 0  9997
2 50813  53.1982 277.8014 0002942  19.8356 340.2770 15.55385661261192
STARLINK-3324           
1 50814U 22001M   26263.94192758  .00000348  00000+0  22973-4 0  9998
2 50814  53.1605   1.7077 0001174  69.0973 291.0154 15.31699240260032
STARLINK-3234           
1 50815U 22001N   26263.56441380 -.00000238  00000+0  40934-5 0  9992
2 50815  53.1614   3.4977 0001128  86.8471 273.2660 15.31703943259971
STARLINK-3342           
1 50816U 22001P   26263.57052871  .00008072  00000+0  37338-3 0  9992
2 50816  53.2175   1.0003 0002667  68.6154 291.5128 15.21018975260016
STARLINK-3341           
1 50817U 22001Q   26263.86146131  .00000245  00000+0  17938-4 0  9997
2 50817  53.1610   0.4254 0001154  82.3365 277.7769 15.35397553260045
STARLINK-3336           
1 50818U 22001R   26263.90331535  .00008746  00000+0  27014-3 0  9996
2 50818  53.1619   0.1771 0000705  98.4910 261.6173 15.34345001260042
STARLINK-3327           
1 50819U 22001S   26263.84658581 -.00001356  00000+0 -29010-4 0  9994
2 50819  53.1604   0.4600 0000871  67.1151 292.9943 15.34393796260041
STARLINK-3339           
1 50820U 22001T   26263.54111976  .00001067  00000+0  46132-4 0  9996
2 50820  53.1606   3.7067 0001169  83.9136 276.1998 15.31700341259966
STARLINK-3346           
1 50821U 22001U   26263.84405977  .00000316  00000+0  21955-4 0  9999
2 50821  53.1608   2.2006 0001148  85.8583 274.2550 15.31702258260010
STARLINK-3343           
1 50822U 22001V   26263.84871920  .00000334  00000+0  22535-4 0  9990
2 50822  53.1608   2.1491 0001116  82.8023 277.3106 15.31700215260011
STARLINK-3334           
1 50823U 22001W   26263.85289443  .00002601  00000+0  88108-4 0  9992
2 50823  53.1625   0.4168 0001514  63.2396 296.8761 15.34392367260045
STARLINK-3332           
1 50825U 22001Y   26263.92329959  .00000379  00000+0  23981-4 0  9997
2 50825  53.1611   1.8645 0001102  84.8954 275.2173 15.31698178260021
STARLINK-3329           
1 50827U 22001AA  26263.51031012  .00001054  00000+0  42344-4 0  9999
2 50827  53.1623   1.3257 0001234  86.4284 273.6860 15.34390600259991
STARLINK-3290           
1 50828U 22001AB  26263.86270678 -.00000314  00000+0  16594-5 0  9999
2 50828  53.1619   2.1172 0001347  72.4447 287.6702 15.31697200259862
STARLINK-3294           
1 50829U 22001AC  26263.84128120 -.00000151  00000+0  67534-5 0  9991
2 50829  53.1604   0.4666 0001205  78.5185 281.5953 15.33544212260033
STARLINK-3278           
1 50830U 22001AD  26263.54346422 -.00000359  00000+0  50702-6 0  9997
2 50830  53.1619   9.1560 0001146  66.1991 293.9132 15.34386538259896
STARLINK-3299           
1 50831U 22001AE  26263.92477251  .00018615  00000+0  56910-3 0  9992
2 50831  53.1603   0.7266 0002278   0.9324 359.1682 15.33928010260043
STARLINK-3328           
1 50832U 22001AF  26263.96617781  .00009105  00000+0  54788-3 0  9996
2 50832  53.1735  21.0372 0001481 114.6560 245.4587 15.11519450259762
STARLINK-3331           
1 50834U 22001AH  26263.85132048  .00000603  00000+0  29664-4 0  9994
2 50834  53.1630   8.3925 0001132  83.6502 276.4629 15.33552003259928
STARLINK-3310           
1 50835U 22001AJ  26263.81975714  .00007675  00000+0  44284-3 0  9996
2 50835  53.2166  20.8661 0001595 110.2100 249.9066 15.13266293259756
STARLINK-3330           
1 50836U 22001AK  26263.89679888  .00000608  00000+0  31362-4 0  9991
2 50836  53.1617   7.9308 0001357  64.6931 295.4211 15.31704529259837
STARLINK-3318           
1 50837U 22001AL  26263.57127448  .00002534  00000+0  86099-4 0  9994
2 50837  53.1615   1.2669 0001477  67.0517 293.0642 15.34407349260009
STARLINK-3320           
1 50839U 22001AN  26263.87349633  .00000677  00000+0  33566-4 0  9998
2 50839  53.1611   8.0223 0001080  83.0750 277.0374 15.31700421259922
STARLINK-3295           
1 50840U 22001AP  26263.55989624 -.00000797  00000+0 -12912-4 0  9992
2 50840  53.1616   9.6469 0001261  97.6629 262.4517 15.33540751259876
STARLINK-3300           
1 50841U 22001AQ  26263.88722974  .00000115  00000+0  14816-4 0  9999
2 50841  53.1609   8.0190 0000965  77.2402 282.8708 15.33542812259931
STARLINK-3302           
1 50842U 22001AR  26263.54259901  .00000082  00000+0  14399-4 0  9997
2 50842  53.1628   9.5909 0000951  56.7639 303.3454 15.31695672259877
STARLINK-3326           
1 50844U 22001AT  26263.57168502  .00028096  00000+0  78640-3 0  9991
2 50844  53.1616   9.1723 0001474   6.0899 354.0122 15.36454947259893
STARLINK-3230           
1 50845U 22001AU  26263.77106042  .00002255  00000+0  84368-4 0  9999
2 50845  53.1622   9.2357 0001168  83.4601 276.6534 15.31715462259911
STARLINK-3308           
1 50846U 22001AV  26263.85485714  .00000737  00000+0  35492-4 0  9992
2 50846  53.1614   8.1412 0001052  85.7923 274.3199 15.31703996259930
STARLINK-3315           
1 50848U 22001AX  26263.55195522 -.00000595  00000+0 -64781-5 0  9994
2 50848  53.1614   9.8302 0000984 130.1694 229.9395 15.34382789259885
STARLINK-3311           
1 50849U 22001AY  26263.88804876 -.00000113  00000+0  77902-5 0  9994
2 50849  53.1608   7.5493 0001498 143.6031 216.5073 15.34383396259947
STARLINK-3312           
1 50850U 22001AZ  26263.91802888  .00018228  00000+0  71777-3 0  9998
2 50850  53.1564 333.3068 0002161 335.6163  24.4733 15.25689350260967
STARLINK-3314           
1 50851U 22001BA  26263.85341507  .00001043  00000+0  43038-4 0  9995
2 50851  53.1614   8.2016 0000981  82.5407 277.5707 15.33551594259936
STARLINK-3366           
1 51104U 22005A   26263.91399118  .00013804  00000+0  61508-3 0  9998
2 51104  53.1997 129.2849 0001649  93.4759 266.6428 15.21718940258398
STARLINK-3350           
1 51105U 22005B   26264.00002315  .00033387  00000+0  99575-3 0  9993
2 51105  53.1585 123.2010 0001119  83.5089   7.9537 15.34372494  5845
STARLINK-3176           
1 51106U 22005C   26263.00669386  .00000000  00000+0  10913-4 0  9996
2 51106  53.1611 128.0740 0001166  80.2234 279.8901 15.35393884258322
STARLINK-3362           
1 51108U 22005E   26263.34064977  .00000970  00000+0  38716-4 0  9997
2 51108  53.1600 126.4104 0001258  91.8788 268.2359 15.35397378258389
STARLINK-3358           
1 51109U 22005F   26263.84123207  .00001810  00000+0  70057-4 0  9993
2 51109  53.1601 124.3143 0001059  96.1031 264.0091 15.31707508258225
STARLINK-3344           
1 51110U 22005G   26263.91627583 -.00000076  00000+0  88754-5 0  9997
2 51110  53.1602 123.7033 0001136  78.0266 282.0864 15.34386963258470
STARLINK-3173           
1 51111U 22005H   26263.87565422  .00001780  00000+0  61942-4 0  9997
2 51111  53.1596 122.2986 0001303  82.8876 277.2275 15.35393592258480
STARLINK-3374           
1 51112U 22005J   26263.92679749 -.00000168  00000+0  61745-5 0  9994
2 51112  53.1598 123.7886 0001250  92.1075 268.0071 15.34386731258471
STARLINK-3372           
1 51113U 22005K   26264.00002315  .00031377  00000+0  93670-3 0  9999
2 51113  53.1599 123.5410 0001335  84.1941 332.1979 15.34372824  5840
STARLINK-3375           
1 51114U 22005L   26263.61723043  .00000415  00000+0  25146-4 0  9997
2 51114  53.1578 123.2295 0001568  87.8912 272.2269 15.31703049258459
STARLINK-3397           
1 51115U 22005M   26263.25653007 -.00001325  00000+0 -28954-4 0  9993
2 51115  53.1596 126.9061 0001434 110.7263 249.3893 15.33538790258367
STARLINK-3243           
1 51116U 22005N   26263.86891902 -.00000606  00000+0 -77488-5 0  9997
2 51116  53.1583 122.0740 0001266  85.9057 274.2089 15.31696783258484
STARLINK-3391           
1 51117U 22005P   26263.87803816  .00001475  00000+0  53153-4 0  9991
2 51117  53.1609 124.5503 0001224  95.3770 264.7372 15.35410702258454
STARLINK-3394           
1 51118U 22005Q   26263.87421317  .00000062  00000+0  12976-4 0  9993
2 51118  53.1605 123.6181 0001248  86.1483 273.9662 15.34387299258466
STARLINK-3398           
1 51120U 22005S   26263.87215030 -.00000109  00000+0  79069-5 0  9999
2 51120  53.1596 123.9241 0001145  87.6461 272.4673 15.34383057258460
STARLINK-3399           
1 51121U 22005T   26263.15141918  .00000433  00000+0  45294-4 0  9995
2 51121  53.1612 135.4968 0001730  88.9267 271.1923 15.08829097258231
STARLINK-3392           
1 51123U 22005V   26263.02117645  .00000554  00000+0  27531-4 0  9991
2 51123  53.1602 127.8933 0001213  84.1280 275.9861 15.34385724258335
STARLINK-3389           
1 51124U 22005W   26263.37423514  .00000425  00000+0  23716-4 0  9993
2 51124  53.1607 138.1835 0000796  83.8848 276.2245 15.34386509258228
STARLINK-3387           
1 51125U 22005X   26264.00002315  .00032975  00000+0  98371-3 0  9990
2 51125  53.1608 127.6792 0001204  76.3463 127.9882 15.34370809  5898
STARLINK-3386           
1 51126U 22005Y   26263.37170574 -.00000687  00000+0 -10370-4 0  9994
2 51126  53.1598 130.4982 0001452  86.1076 274.0092 15.31705664258338
STARLINK-3370           
1 51127U 22005Z   26263.74921709  .00000983  00000+0  43433-4 0  9993
2 51127  53.1587 128.6278 0001390  86.6998 273.4163 15.31703380258383
STARLINK-3400           
1 51128U 22005AA  26263.93183107  .00000473  00000+0  24457-4 0  9996
2 51128  53.1607 136.2448 0001121  86.1702 273.9429 15.35404046258281
STARLINK-3396           
1 51129U 22005AB  26264.00002315  .00019827  00000+0  59728-3 0  9998
2 51129  53.1603 135.3193 0001386  73.8024 110.0988 15.34353316  5719
STARLINK-3395           
1 51130U 22005AC  26263.37845713 -.00000146  00000+0  68151-5 0  9993
2 51130  53.1602 138.3679 0001104  98.2901 261.8227 15.34385860258209
STARLINK-3388           
1 51131U 22005AD  26263.93096750  .00001546  00000+0  61551-4 0  9995
2 51131  53.1591 127.7871 0001422  95.9776 264.1388 15.31715507258408
STARLINK-3393           
1 51132U 22005AE  26263.89746365 -.00001418  00000+0 -30857-4 0  9990
2 51132  53.1609 135.9581 0001284  87.6506 272.4644 15.34379987258287
STARLINK-3356           
1 51133U 22005AF  26264.00002315  .00605701  00000+0  81700-2 0  9999
2 51133  53.1588 124.2989 0001571  90.9516 125.7788 15.55175886  5794
STARLINK-3363           
1 51135U 22005AH  26263.91194117  .00000304  00000+0  19627-4 0  9991
2 51135  53.1575 127.7752 0001346  91.5986 268.5171 15.35404407258408
STARLINK-3253           
1 51136U 22005AJ  26263.88316410  .00001262  00000+0  48507-4 0  9993
2 51136  53.1588 127.5887 0001248  80.2877 279.8266 15.34377471258404
STARLINK-3180           
1 51137U 22005AK  26263.93778268 -.00001544  00000+0 -34588-4 0  9992
2 51137  53.1585 127.3465 0001250  92.1478 267.9668 15.34380396258420
STARLINK-3177           
1 51138U 22005AL  26263.37164830  .00003007  00000+0  19239-3 0  9994
2 51138  53.1714 143.6068 0003019  90.7754 269.3584 15.11580551258132
STARLINK-3172           
1 51139U 22005AM  26263.13462568  .00001359  00000+0  52642-4 0  9992
2 51139  53.1588 131.6539 0001315  87.2486 272.8666 15.33550459258297
STARLINK-3175           
1 51140U 22005AN  26262.93358301  .00000729  00000+0  35261-4 0  9998
2 51140  53.1592 132.4266 0001259  93.6810 266.4335 15.31703737258265
STARLINK-3179           
1 51141U 22005AP  26263.92938812  .00000116  00000+0  14570-4 0  9990
2 51141  53.1589 127.4501 0001205  87.7664 272.3476 15.34387530258422
STARLINK-3369           
1 51142U 22005AQ  26263.93976670  .00028644  00000+0  98320-3 0  9996
2 51142  53.2168 103.6590 0005875 106.5270 253.6377 15.29934283258767
STARLINK-3184           
1 51143U 22005AR  26263.89325029  .00000116  00000+0  14578-4 0  9996
2 51143  53.1586 135.9925 0001190  85.1239 274.9900 15.34386690258299
STARLINK-3185           
1 51144U 22005AS  26263.89835570  .00000365  00000+0  23545-4 0  9994
2 51144  53.1587 127.9399 0001430  86.8983 273.2182 15.31702351258419
STARLINK-3354           
1 51146U 22005AU  26263.34735590  .00000474  00000+0  25174-4 0  9998
2 51146  53.1589 130.1003 0001218  89.5822 270.5320 15.34386498258324
STARLINK-3352           
1 51147U 22005AV  26263.91448369  .00026996  00000+0  73203-3 0  9999
2 51147  53.1859 108.8578 0003099 144.5591 215.5619 15.37461371258684
STARLINK-3359           
1 51148U 22005AW  26262.41412093  .00016831  00000+0  85119-3 0  9995
2 51148  53.2135 153.7058 0002534  94.7802 265.3484 15.17166412257924
STARLINK-3360           
1 51149U 22005AX  26263.90369503 -.00000277  00000+0  29434-5 0  9996
2 51149  53.1590 135.4742 0001299  91.5281 268.5871 15.34384887258304
STARLINK-3357           
1 51150U 22005AY  26263.93055821 -.00002314  00000+0 -55489-4 0  9999
2 51150  53.1587 128.9109 0001115 102.3296 257.7832 15.35382246258406
STARLINK-3364           
1 51152U 22005BA  26262.95269252  .00000526  00000+0  27326-4 0  9997
2 51152  53.1593 142.3510 0001242  89.0124 271.1020 15.33548238258124
STARLINK-3181           
1 51461U 22010F   26262.92395369  .00000219  00000+0  17183-4 0  9991
2 51461  53.1600 118.1516 0001279  97.6011 262.5137 15.35393847256265
STARLINK-3166           
1 51462U 22010G   26263.22205584  .00000178  00000+0  17485-4 0  9994
2 51462  53.1578 110.1881 0001050  96.7865 263.3256 15.31699147256406
STARLINK-3419           
1 51463U 22010H   26263.94451791  .00000036  00000+0  12939-4 0  9999
2 51463  53.1587 107.1508 0001347  82.6944 277.4211 15.31698818256209
STARLINK-3189           
1 51464U 22010J   26263.29640695 -.00000960  00000+0 -17280-4 0  9993
2 51464  53.1604 117.0300 0001311  99.5879 260.5272 15.34381082256817
STARLINK-3401           
1 51465U 22010K   26264.00002315  .00123305  00000+0  27360-2 0  9990
2 51465  53.1627 114.6938 0001715  88.3623 102.9575 15.42825953  5810
STARLINK-3178           
1 51467U 22010M   26263.91756160 -.00001683  00000+0 -39880-4 0  9993
2 51467  53.1602 114.0372 0001200  84.5057 275.6082 15.33535177256106
STARLINK-3174           
1 51468U 22010N   26263.87203277  .00001197  00000+0  46550-4 0  9995
2 51468  53.1603 113.6426 0001265  94.5851 265.5297 15.34395629256100
STARLINK-3182           
1 51469U 22010P   26264.00002315  .00046011  00000+0  13659-2 0  9998
2 51469  53.1587 113.0909 0001411  81.9324 160.9937 15.34368383  5883
STARLINK-3415           
1 51472U 22010S   26263.21646640  .00006290  00000+0  19709-3 0  9997
2 51472  53.1604 116.6990 0000947  78.3762 281.7346 15.34406434256317
STARLINK-3528           
1 51714U 22016A   26263.11222977 -.00000711  00000+0 -94738-5 0  9995
2 51714  53.1586 165.3333 0001040  90.4918 269.6204 15.35394316252927
STARLINK-3533           
1 51715U 22016B   26263.28586124  .00001029  00000+0  44895-4 0  9990
2 51715  53.1581 160.8978 0001332  74.8027 285.3122 15.31711928254136
STARLINK-3543           
1 51716U 22016C   26263.15652835  .00000601  00000+0  29596-4 0  9996
2 51716  53.1610 165.6404 0001391  85.4263 274.6899 15.33552506252926
STARLINK-3445           
1 51717U 22016D   26263.02020334 -.00000337  00000+0  89737-6 0  9998
2 51717  53.1597 162.0474 0001253  90.8096 269.3049 15.31698627252965
STARLINK-3546           
1 51718U 22016E   26263.93093182  .00018030  00000+0  74738-3 0  9990
2 51718  53.1801 155.0165 0004087 130.2405 229.8952 15.23968428254274
STARLINK-3540           
1 51719U 22016F   26263.01450152 -.00000363  00000+0  49891-6 0  9990
2 51719  53.1616 166.2932 0001449  79.6027 280.5139 15.35395426252904
STARLINK-3526           
1 51720U 22016G   26263.01088946  .00000309  00000+0  21705-4 0  9991
2 51720  53.1604 162.1878 0001351  82.6778 277.4377 15.31708397252951
STARLINK-3524           
1 51721U 22016H   26263.20196193 -.00000613  00000+0 -79794-5 0  9999
2 51721  53.1594 161.1721 0001226  91.1544 268.9598 15.31696980252991
STARLINK-3535           
1 51722U 22016J   26262.94312416 -.00000764  00000+0 -10994-4 0  9991
2 51722  53.1606 166.0470 0001489  74.1806 285.9362 15.35406620252895
STARLINK-3529           
1 51724U 22016L   26263.42169185  .00000174  00000+0  16612-4 0  9996
2 51724  53.1599 164.1391 0001078  91.9123 268.2002 15.33550339252960
STARLINK-3522           
1 51725U 22016M   26263.12302827 -.00000797  00000+0 -12880-4 0  9992
2 51725  53.1601 165.7061 0002025  78.7622 281.3608 15.33536157252911
STARLINK-3527           
1 51726U 22016N   26263.27087641  .00010657  00000+0  58764-3 0  9997
2 51726  53.2143 161.8698 0002137  98.3018 261.8219 15.14497065252990
STARLINK-3532           
1 51727U 22016P   26262.93210736 -.00002058  00000+0 -49786-4 0  9996
2 51727  53.1594 166.0210 0001456  91.1955 268.9215 15.34404820252893
STARLINK-3523           
1 51729U 22016R   26263.97367478  .00000056  00000+0  12791-4 0  9999
2 51729  53.1604 147.1933 0001282  86.3688 273.7462 15.34391055253259
STARLINK-3514           
1 51731U 22016T   26263.93119221  .00000126  00000+0  14534-4 0  9994
2 51731  53.1597 147.7169 0001305  85.8809 274.2343 15.35394952253248
STARLINK-3518           
1 51732U 22016U   26263.24879051 -.00000749  00000+0 -11038-4 0  9992
2 51732  53.1583 150.7255 0001438  79.2014 280.9150 15.34398974254288
STARLINK-3525           
1 51733U 22016V   26263.38115744  .00002045  00000+0  71676-4 0  9993
2 51733  53.1581 150.0517 0001265 109.6044 250.5096 15.34386053253163
STARLINK-3450           
1 51734U 22016W   26263.93794700  .00001011  00000+0  41071-4 0  9998
2 51734  53.1585 147.3275 0001226 100.7777 259.3364 15.34389328253231
STARLINK-3517           
1 51735U 22016X   26263.30761987  .00000798  00000+0  34749-4 0  9996
2 51735  53.1588 150.4227 0001230  86.5502 273.5641 15.34391051253152
STARLINK-3447           
1 51736U 22016Y   26263.08789809  .00000008  00000+0  12026-4 0  9993
2 51736  53.1591 152.7608 0001215  87.3759 272.7382 15.31697289253096
STARLINK-3509           
1 51737U 22016Z   26263.31082787  .00006370  00000+0  17930-3 0  9997
2 51737  53.1563 151.1692 0002755  97.7831 262.3486 15.37793571253130
STARLINK-3515           
1 51738U 22016AA  26263.40482640  .00000091  00000+0  14697-4 0  9992
2 51738  53.1597 151.2644 0001239  92.6743 267.4400 15.31697750253136
STARLINK-3516           
1 51739U 22016AB  26263.30050391  .00001581  00000+0  56192-4 0  9997
2 51739  53.1597 150.4954 0001203  77.7959 282.3178 15.35413107253141
STARLINK-3500           
1 51740U 22016AC  26263.98207648 -.00000281  00000+0  28053-5 0  9995
2 51740  53.1605 147.1296 0001187  93.4357 266.6781 15.34386832253253
STARLINK-3520           
1 51741U 22016AD  26263.93150839  .00001228  00000+0  51327-4 0  9990
2 51741  53.1591 148.8225 0001308  93.7610 266.3541 15.31693955253220
STARLINK-3521           
1 51742U 22016AE  26263.92536050  .00000227  00000+0  17853-4 0  9997
2 51742  53.1591 147.5205 0001214  91.7110 268.4031 15.34384960253249
STARLINK-3512           
1 51743U 22016AF  26263.28659790  .00002667  00000+0  90041-4 0  9994
2 51743  53.1597 141.0751 0001190 103.1030 257.0106 15.34395185253274
STARLINK-3452           
1 51744U 22016AG  26263.95750712 -.00002430  00000+0 -62583-4 0  9995
2 51744  53.1586 147.7932 0001142  96.7648 263.3485 15.33550106253248
STARLINK-3449           
1 51745U 22016AH  26263.92324901 -.00000127  00000+0  73911-5 0  9998
2 51745  53.1590 147.4312 0001248  89.7298 270.3848 15.34385621253243
STARLINK-3502           
1 51746U 22016AJ  26263.96189643  .00000426  00000+0  25504-4 0  9990
2 51746  53.1591 139.6212 0001221  95.8256 264.2884 15.31701211253358
STARLINK-3446           
1 51747U 22016AK  26263.97809710  .00000844  00000+0  38962-4 0  9992
2 51747  53.1593 148.5993 0001250  93.9657 266.1487 15.31703140253232
STARLINK-3501           
1 51748U 22016AL  26263.27600233  .00000565  00000+0  27866-4 0  9996
2 51748  53.1592 140.4154 0001150  90.8056 269.3078 15.34390062253284
STARLINK-3451           
1 51749U 22016AM  26262.17903338 -.00000397  00000+0 -10309-5 0  9997
2 51749  53.1580 156.9528 0001165 106.8948 253.2182 15.31708372252958
STARLINK-3505           
1 51750U 22016AN  26263.95724950  .00000090  00000+0  14654-4 0  9991
2 51750  53.1593 139.7479 0001126  92.1594 267.9537 15.31700556253356
STARLINK-3506           
1 51751U 22016AP  26263.93157065  .00000642  00000+0  30146-4 0  9994
2 51751  53.1585 137.3574 0001097  84.1566 275.9562 15.34394462253383
STARLINK-3511           
1 51752U 22016AQ  26263.27103482 -.00000017  00000+0  11225-4 0  9990
2 51752  53.1593 139.8186 0001432  76.3160 283.8000 15.31700712253296
STARLINK-3507           
1 51753U 22016AR  26263.25506136 -.00000009  00000+0  11060-4 0  9990
2 51753  53.1589 141.0335 0001265  93.4276 266.6871 15.33546355253271
STARLINK-3457           
1 51754U 22016AS  26263.32433204 -.00000407  00000+0 -91938-6 0  9991
2 51754  53.1597 140.1960 0001209  92.9731 267.1410 15.34385136253299
STARLINK-3460           
1 51755U 22016AT  26263.91274367  .00009879  00000+0  30310-3 0  9994
2 51755  53.1634 138.1434 0000729  97.0595 263.0491 15.34402647253375
STARLINK-3513           
1 51756U 22016AU  26263.92876833 -.00001373  00000+0 -30407-4 0  9993
2 51756  53.1548 137.8531 0001273  83.2886 276.8261 15.33560982253383
STARLINK-3459           
1 51757U 22016AV  26263.22978236 -.00001939  00000+0 -46280-4 0  9991
2 51757  53.1615 140.6377 0001176 104.9312 255.1821 15.34392142253289
STARLINK-3458           
1 51758U 22016AW  26263.10318159  .00001562  00000+0  55686-4 0  9991
2 51758  53.1591 141.3012 0001117  93.9307 266.1824 15.35397495254400
STARLINK-3456           
1 51759U 22016AX  26263.35585136  .00001440  00000+0  53772-4 0  9999
2 51759  53.1587 140.0456 0001190  95.7318 264.3820 15.34391657253304
STARLINK-3622           
1 51768U 22017A   26263.44222957  .00014804  00000+0  44837-3 0  9998
2 51768  53.1597 171.6543 0001123  79.9451 280.1678 15.34402134253625
STARLINK-3621           
1 51769U 22017B   26263.30631493  .00005031  00000+0  31570-3 0  9995
2 51769  53.2154 184.1962 0001664  80.7105 279.4076 15.10923724252007
STARLINK-3612           
1 51770U 22017C   26263.48380754  .00001311  00000+0  51165-4 0  9997
2 51770  53.1602 171.9489 0001027 105.7001 254.4114 15.33552447252191
STARLINK-3614           
1 51771U 22017D   26263.05280367  .00001795  00000+0  62358-4 0  9992
2 51771  53.1601 173.5964 0001408 112.1961 247.9192 15.35394414252123
STARLINK-3623           
1 51772U 22017E   26263.45277951  .00000150  00000+0  15569-4 0  9998
2 51772  53.1597 171.9117 0001074  91.8748 268.2377 15.34388317252175
STARLINK-3624           
1 51773U 22017F   26263.21849206  .00010325  00000+0  62792-3 0  9995
2 51773  53.1853 184.7344 0002468  85.5678 274.5597 15.10992554251985
STARLINK-3629           
1 51774U 22017G   26263.18913598  .00002607  00000+0  88231-4 0  9999
2 51774  53.1620 179.5113 0001085  92.4436 267.6691 15.34407567252011
STARLINK-3620           
1 51775U 22017H   26263.93962082  .00105626  00000+0  39026-3 0  9997
2 51775  53.2131 124.8653 0004133 141.9790 218.1529 15.87388492252892
STARLINK-3608           
1 51776U 22017J   26263.25029071  .00000886  00000+0  36305-4 0  9995
2 51776  53.1596 172.9002 0001140  90.6902 269.4232 15.35404724252114
STARLINK-3625           
1 51777U 22017K   26263.01552339 -.00002334  00000+0 -56011-4 0  9996
2 51777  53.1586 174.2004 0001306 101.8559 258.2590 15.35404649252106
STARLINK-3615           
1 51778U 22017L   26263.22627955  .00000173  00000+0  16273-4 0  9990
2 51778  53.1619 164.6506 0001300  85.8835 274.2317 15.34394348252070
STARLINK-3611           
1 51779U 22017M   26263.31257837  .00000223  00000+0  17296-4 0  9991
2 51779  53.1593 172.6175 0001195  96.0254 264.0885 15.35402150252129
STARLINK-3617           
1 51780U 22017N   26263.26993777  .00000713  00000+0  32253-4 0  9991
2 51780  53.1588 172.4655 0001054  95.2111 264.9012 15.34384553251971
STARLINK-3580           
1 51781U 22017P   26263.45491663  .00002525  00000+0  83273-4 0  9991
2 51781  53.1582 172.1252 0001244 117.7712 242.3417 15.35394083251995
STARLINK-3616           
1 51782U 22017Q   26263.18074687 -.00000504  00000+0 -37773-5 0  9997
2 51782  53.1605 179.5601 0001356  76.7930 283.3224 15.34394084251778
STARLINK-3628           
1 51783U 22017R   26262.94790463 -.00000361  00000+0  12700-6 0  9992
2 51783  53.1602 171.8928 0001339  80.7253 279.3900 15.31700269251956
STARLINK-3632           
1 51784U 22017S   26263.17654807  .00023193  00000+0  69745-3 0  9995
2 51784  53.1609 179.5729 0002101  74.1371 285.9863 15.34308567251863
STARLINK-3646           
1 51785U 22017T   26263.47457706  .00000462  00000+0  26639-4 0  9998
2 51785  53.1602 169.5286 0001164  92.3751 267.7384 15.31700588252038
STARLINK-3638           
1 51786U 22017U   26262.31344178  .00001100  00000+0  43721-4 0  9990
2 51786  53.1593 184.9158 0001385  85.1000 275.0161 15.34380394251710
STARLINK-3619           
1 51787U 22017V   26263.31512814 -.00000563  00000+0 -55124-5 0  9991
2 51787  53.1585 178.2387 0001320  90.1434 269.9720 15.34401000251898
STARLINK-3641           
1 51788U 22017W   26263.27997155 -.00001223  00000+0 -25058-4 0  9998
2 51788  53.1596 180.4025 0001258  92.0716 268.0431 15.34399681253509
STARLINK-3639           
1 51789U 22017X   26263.48807578 -.00000169  00000+0  61477-5 0  9994
2 51789  53.1590 180.1088 0001157  96.5309 263.5826 15.34386355251886
STARLINK-3631           
1 51790U 22017Y   26263.96871382  .00013193  00000+0  79361-3 0  9992
2 51790  53.2120 191.5863 0003031  91.8195 268.3145 15.11155160253465
STARLINK-3602           
1 51791U 22017Z   26263.46928466  .00002003  00000+0  72226-4 0  9996
2 51791  53.1599 180.0811 0001235  82.4136 277.7007 15.33542737253528
STARLINK-3626           
1 51792U 22017AA  26263.25252535 -.00000650  00000+0 -84289-5 0  9992
2 51792  53.1592 181.0561 0001389  75.0614 285.0542 15.33542375253540
STARLINK-3586           
1 51795U 22017AD  26263.26526593  .00000729  00000+0  32719-4 0  9999
2 51795  53.1593 180.4721 0001246  91.8049 268.3096 15.34392270253507
STARLINK-3634           
1 51798U 22017AG  26263.25639254 -.00001520  00000+0 -33863-4 0  9993
2 51798  53.1609 179.2026 0001393  82.8857 277.2304 15.34381815253562
STARLINK-3637           
1 51799U 22017AH  26263.46230135  .00000233  00000+0  18028-4 0  9996
2 51799  53.1594 178.2391 0001173  94.3271 265.7865 15.34391807253559
STARLINK-3592           
1 51801U 22017AK  26263.90611809  .00000022  00000+0  11799-4 0  9994
2 51801  53.1592 177.4759 0001310  88.1475 271.9677 15.34390913253603
STARLINK-3544           
1 51803U 22017AM  26262.27514684  .00000268  00000+0  19078-4 0  9998
2 51803  53.1613 183.7866 0001481  86.5006 273.6166 15.34390622253361
STARLINK-3601           
1 51804U 22017AN  26263.82301007  .00000985  00000+0  40294-4 0  9994
2 51804  53.1597 161.8612 0001295  89.4882 270.6269 15.34389041253764
STARLINK-3605           
1 51805U 22017AP  26263.01884692  .00001726  00000+0  63805-4 0  9999
2 51805  53.1605 166.1224 0001314  90.7197 269.3956 15.33545217253720
STARLINK-3606           
1 51807U 22017AR  26263.91499322 -.00000096  00000+0  82898-5 0  9996
2 51807  53.1640 169.4347 0001442  89.2374 270.8794 15.34387539253768
STARLINK-3609           
1 51808U 22017AS  26263.83739749 -.00064758  00000+0 -18991-2 0  9994
2 51808  53.1614 169.8139 0001259  85.3706 274.7441 15.34774950253607
STARLINK-3607           
1 51809U 22017AT  26262.27918284  .00000453  00000+0  25121-4 0  9990
2 51809  53.1605 177.7454 0001587  86.8910 273.2274 15.33544550253454
STARLINK-3613           
1 51810U 22017AU  26263.46161203  .00000399  00000+0  22959-4 0  9990
2 51810  53.1619 163.5891 0001346  84.1222 275.9934 15.34390351253630
STARLINK-3569           
1 51811U 22017AV  26263.04458255  .00029317  00000+0  87365-3 0  9993
2 51811  53.1572 171.9570 0001442 108.3224 251.7935 15.34464296253503
STARLINK-3610           
1 51812U 22017AW  26263.44488466  .00000444  00000+0  24285-4 0  9998
2 51812  53.1625 164.3116 0001137  93.6700 266.4432 15.34386344253626
STARLINK-3552           
1 51813U 22017AX  26263.43007782  .00000459  00000+0  24055-4 0  9997
2 51813  53.1611 163.7420 0001229  64.4824 295.6306 15.35399172253637
STARLINK-3599           
1 51814U 22017AY  26263.31897451  .00000353  00000+0  21023-4 0  9990
2 51814  53.1606 165.0244 0001263  91.8056 268.3091 15.35396389253602
STARLINK-3604           
1 51815U 22017AZ  26263.22534464 -.00000175  00000+0  61201-5 0  9999
2 51815  53.1593 161.6218 0001319  82.4436 277.6716 15.31701298253647
STARLINK-3542           
1 51852U 22022A   26263.54860384  .00001926  00000+0  68132-4 0  9997
2 51852  53.1589 209.1424 0001525  78.0024 282.1149 15.34396291251389
STARLINK-3541           
1 51854U 22022C   26263.91972721  .00017728  00000+0  76642-3 0  9990
2 51854  53.2176 207.9355 0004639  85.0963 275.0565 15.22551805252703
STARLINK-3545           
1 51855U 22022D   26263.47716340  .00000933  00000+0  38739-4 0  9991
2 51855  53.1591 209.5277 0001298  86.9109 273.2042 15.34393900252584
STARLINK-3568           
1 51856U 22022E   26263.55477007 -.00000682  00000+0 -10218-4 0  9990
2 51856  53.1586 210.6786 0001084  93.6493 266.4633 15.31693765252658
STARLINK-3571           
1 51857U 22022F   26263.47085692 -.00000950  00000+0 -18858-4 0  9993
2 51857  53.1587 210.9861 0001322 100.8091 259.3059 15.31702813252611
STARLINK-3563           
1 51858U 22022G   26263.49821053  .00002664  00000+0  89984-4 0  9995
2 51858  53.1594 209.6950 0001666 131.9740 228.1405 15.34395656252638
STARLINK-3560           
1 51859U 22022H   26263.44532886 -.00000778  00000+0 -13306-4 0  9995
2 51859  53.1600 202.0307 0001417  95.0464 265.0699 15.31706222252735
STARLINK-3559           
1 51860U 22022J   26263.47609583 -.00000241  00000+0  40065-5 0  9996
2 51860  53.1624 203.5231 0001632  96.7659 263.3530 15.34383258252679
STARLINK-3562           
1 51861U 22022K   26263.32689971  .00000991  00000+0  40472-4 0  9992
2 51861  53.1603 204.1822 0001338  79.8336 280.2817 15.34395051252565
STARLINK-3508           
1 51862U 22022L   26263.53281379  .00000720  00000+0  32449-4 0  9991
2 51862  53.1602 203.2140 0001408  92.9501 267.1663 15.34391452252739
STARLINK-3555           
1 51863U 22022M   26264.00002315 -.00023700  00000+0 -69237-3 0  9995
2 51863  53.1594 201.0840 0001379  87.7630  44.2113 15.34405310  5891
STARLINK-3548           
1 51864U 22022N   26263.33109942  .00000467  00000+0  24953-4 0  9995
2 51864  53.1588 204.1640 0001216  91.3532 268.7610 15.34397859252694
STARLINK-3503           
1 51865U 22022P   26263.33125023  .00000074  00000+0  13042-4 0  9995
2 51865  53.1603 204.3622 0001363  85.9738 274.1421 15.35406487252640
STARLINK-3553           
1 51866U 22022Q   26263.44647393 -.00005067  00000+0 -14275-3 0  9994
2 51866  53.1593 204.2498 0001105 130.2021 229.9079 15.33567119252658
STARLINK-3590           
1 51867U 22022R   26263.44436326  .00000727  00000+0  31750-4 0  9991
2 51867  53.1598 203.6868 0001329  96.4578 263.6576 15.35396446252669
STARLINK-3578           
1 51868U 22022S   26263.31767725 -.00000095  00000+0  81978-5 0  9995
2 51868  53.1617 204.2377 0001324  73.3028 286.8120 15.35406090252640
STARLINK-3588           
1 51869U 22022T   26263.48166063  .00000990  00000+0  39293-4 0  9997
2 51869  53.1599 204.0338 0001079 109.0362 251.0758 15.35398148252667
STARLINK-3591           
1 51870U 22022U   26263.56824694 -.00001832  00000+0 -41665-4 0  9993
2 51870  53.1607 203.0747 0001435  91.4607 268.6561 15.35374208252739
STARLINK-3567           
1 51871U 22022V   26263.48878194 -.00000092  00000+0  84002-5 0  9998
2 51871  53.1596 204.1143 0001125  97.6100 262.5031 15.34381727252773
STARLINK-3554           
1 51872U 22022W   26264.00002315 -.00020990  00000+0 -61181-3 0  9993
2 51872  53.1601 201.0325 0001221  86.8839 172.8646 15.34400005  5834
STARLINK-3582           
1 51873U 22022X   26263.36182416  .00021218  00000+0  79924-3 0  9999
2 51873  53.1990 192.8082 0006382 106.3901 253.7801 15.27053634252823
STARLINK-3574           
1 51874U 22022Y   26263.56756198 -.00000604  00000+0 -64076-5 0  9998
2 51874  53.1592 203.2307 0001395  81.7668 278.3494 15.35405250252672
STARLINK-3585           
1 51875U 22022Z   26262.31470025 -.00000025  00000+0  10203-4 0  9991
2 51875  53.1603 209.0648 0001231  96.4643 263.6501 15.35398017252491
STARLINK-3583           
1 51876U 22022AA  26263.56154264  .00000108  00000+0  14014-4 0  9999
2 51876  53.1599 203.9308 0001398  94.1365 265.9798 15.35395453252676
STARLINK-3556           
1 51877U 22022AB  26263.49804491  .00004282  00000+0  13789-3 0  9990
2 51877  53.1590 187.4128 0001666 120.8968 239.2199 15.34381703252893
STARLINK-3575           
1 51878U 22022AC  26263.94624408  .00000518  00000+0  25770-4 0  9991
2 51878  53.1593 202.1462 0001316  81.2528 278.8624 15.35402998252733
STARLINK-3572           
1 51879U 22022AD  26263.21700777  .00001090  00000+0  43387-4 0  9996
2 51879  53.1590 190.6898 0001354  88.5631 271.5527 15.34396824252823
STARLINK-3566           
1 51880U 22022AE  26263.55658586  .00024404  00000+0  96576-3 0  9996
2 51880  53.1586 206.4867 0004125  58.8981 301.2422 15.25334579252632
STARLINK-3504           
1 51881U 22022AF  26262.29670751  .00002711  00000+0  91392-4 0  9994
2 51881  53.1598 194.9811 0001498  85.3917 274.7257 15.34381282252734
STARLINK-3570           
1 51882U 22022AG  26263.51693542  .00001583  00000+0  62754-4 0  9990
2 51882  53.1601 189.6886 0001274  94.2208 265.8939 15.31709363252916
STARLINK-3576           
1 51883U 22022AH  26263.20440710  .00000671  00000+0  30991-4 0  9999
2 51883  53.1606 190.7546 0001315  80.7635 279.3517 15.34391540252816
STARLINK-3577           
1 51884U 22022AJ  26263.92939275  .00000616  00000+0  29370-4 0  9996
2 51884  53.1584 188.0561 0001363  91.2009 268.9150 15.34385367253003
STARLINK-3584           
1 51885U 22022AK  26263.18224271  .00001298  00000+0  50808-4 0  9995
2 51885  53.1590 191.3798 0001107  95.5051 264.6078 15.33545041252805
STARLINK-3565           
1 51886U 22022AL  26263.55086085  .00012100  00000+0  72173-3 0  9998
2 51886  53.1753 202.8631 0001882  74.9763 285.1438 15.11541443252684
STARLINK-3551           
1 51887U 22022AM  26262.29406270  .00000671  00000+0  31008-4 0  9994
2 51887  53.1606 193.0116 0001212  79.7987 280.3152 15.34389369252704
STARLINK-3536           
1 51888U 22022AN  26263.18944359  .00000204  00000+0  17531-4 0  9996
2 51888  53.1589 191.3841 0001288  93.9798 266.1352 15.33545774252811
STARLINK-3547           
1 51889U 22022AP  26263.45399147  .00000421  00000+0  23594-4 0  9993
2 51889  53.1594 188.2748 0001350  94.0072 266.1085 15.34385046252870
STARLINK-3549           
1 51891U 22022AR  26263.45181995  .00001923  00000+0  68058-4 0  9998
2 51891  53.1587 187.5978 0001420  72.1945 287.9212 15.34383432252933
STARLINK-3587           
1 51892U 22022AS  26263.06737582  .00000313  00000+0  20409-4 0  9995
2 51892  53.1593 190.0875 0001292  90.9373 269.1777 15.34387687252817
STARLINK-3579           
1 51893U 22022AT  26263.48809366  .00012459  00000+0  73345-3 0  9992
2 51893  53.2131 203.2991 0001717  64.6898 295.4274 15.11989330252738
STARLINK-3595           
1 51894U 22022AU  26262.47065267 -.00001308  00000+0 -27593-4 0  9993
2 51894  53.1597 192.8812 0001412  87.9005 272.2159 15.34382829252784
STARLINK-3594           
1 51895U 22022AV  26263.30901474  .00000300  00000+0  20022-4 0  9995
2 51895  53.1597 188.9522 0001408  77.4804 282.6356 15.34383190252859
STARLINK-3593           
1 51896U 22022AW  26263.21841539  .00000542  00000+0  27813-4 0  9994
2 51896  53.1599 191.1966 0001196  83.8202 276.2936 15.33552789252862
STARLINK-3598           
1 51897U 22022AX  26263.18076253 -.00000082  00000+0  87151-5 0  9996
2 51897  53.1604 188.9072 0001546  76.6948 283.4227 15.34384416252840
STARLINK-3597           
1 51898U 22022AY  26263.17445585 -.00000124  00000+0  74828-5 0  9998
2 51898  53.1598 188.9082 0001327  86.1436 273.9718 15.34385493252899
STARLINK-3700           
1 51956U 22025A   26263.31581990  .00003022  00000+0  10909-3 0  9990
2 51956  53.1583 187.8956 0002530  48.3235 311.7983 15.31717192250996
STARLINK-3694           
1 51957U 22025B   26263.57264364  .00000229  00000+0  19145-4 0  9990
2 51957  53.1607 209.9157 0001575  92.7504 267.3678 15.31700060250693
STARLINK-3692           
1 51958U 22025C   26263.30650254 -.00003020  00000+0 -85598-4 0  9998
2 51958  53.1595 187.8468 0001379 111.8851 248.2297 15.31699286250994
STARLINK-3704           
1 51959U 22025D   26263.56872637 -.00001981  00000+0 -52081-4 0  9993
2 51959  53.1603 210.5066 0001033  90.9247 269.1873 15.31708431250687
STARLINK-3691           
1 51960U 22025E   26263.48874315 -.00001112  00000+0 -24052-4 0  9994
2 51960  53.1607 210.1210 0001623  92.1728 267.9460 15.31698184250684
STARLINK-3697           
1 51962U 22025G   26263.87722042  .00020363  00000+0  66821-3 0  9994
2 51962  53.1590 195.9289 0002104  69.2640 290.8587 15.31599992250925
STARLINK-3675           
1 51963U 22025H   26262.45358404  .00000042  00000+0  13117-4 0  9998
2 51963  53.1607 191.8151 0001365  95.6414 264.4743 15.31698282250864
STARLINK-3690           
1 51964U 22025J   26263.21073659  .00000323  00000+0  22164-4 0  9994
2 51964  53.1605 199.0146 0001132  91.7640 268.3491 15.31697776250823
STARLINK-3696           
1 51965U 22025K   26263.47481851 -.00000289  00000+0  24486-5 0  9992
2 51965  53.1605 210.7341 0001388  85.7284 274.3876 15.31699556250677
STARLINK-3699           
1 51966U 22025L   26263.33496065 -.00000152  00000+0  68907-5 0  9996
2 51966  53.1598 211.1426 0001637  86.5117 273.6071 15.31702345250657
STARLINK-3681           
1 51968U 22025N   26263.20141539  .00000350  00000+0  23041-4 0  9995
2 51968  53.1613 199.0600 0001196  89.3869 270.7270 15.31701154250825
STARLINK-3680           
1 51969U 22025P   26263.21540375 -.00000240  00000+0  40406-5 0  9992
2 51969  53.1605 199.0378 0001329  86.7485 273.3669 15.31696152250813
STARLINK-3677           
1 51970U 22025Q   26263.49882363 -.00000374  00000+0 -28564-6 0  9991
2 51970  53.1605 210.8638 0001209  94.3819 265.7321 15.31698782250674
STARLINK-3669           
1 51971U 22025R   26263.29464865  .00000134  00000+0  16087-4 0  9990
2 51971  53.1611 198.8308 0001471  92.5345 267.5825 15.31710801250830
STARLINK-3671           
1 51972U 22025S   26263.15858224 -.00002060  00000+0 -54615-4 0  9993
2 51972  53.1590 212.3964 0001259  89.3970 270.7175 15.31708141250624
STARLINK-3679           
1 51973U 22025T   26263.32563265 -.00000698  00000+0 -10732-4 0  9998
2 51973  53.1599 211.1617 0001429  97.9094 262.2069 15.31705115250656
STARLINK-3672           
1 51974U 22025U   26264.00002315 -.00028421  00000+0 -90702-3 0  9997
2 51974  53.1579 208.2540 0001347  91.6427   3.3144 15.31718906  5789
STARLINK-3674           
1 51975U 22025V   26263.46701543 -.00000183  00000+0  58771-5 0  9992
2 51975  53.1608 197.3556 0001275  94.4386 265.6761 15.31697802250874
STARLINK-3660           
1 51977U 22025X   26263.32637439  .00021933  00000+0  71607-3 0  9997
2 51977  53.1588 211.6995 0001009 116.9044 243.2060 15.31716817250902
STARLINK-3649           
1 51980U 22025AA  26263.92402881 -.00029578  00000+0 -84688-3 0  9996
2 51980  53.1600 233.4043 0001414 118.9062 241.2083 15.35158110250654
STARLINK-3635           
1 51981U 22025AB  26263.48812503  .00000004  00000+0  11026-4 0  9992
2 51981  53.1593 235.5065 0001510  88.1776 271.9400 15.35393727250580
STARLINK-3655           
1 51983U 22025AD  26263.54819311  .00006461  00000+0  19322-3 0  9994
2 51983  53.1576 235.2128 0002033  67.1419 292.9798 15.35849441250595
STARLINK-3664           
1 51984U 22025AE  26263.33378672  .00000336  00000+0  20539-4 0  9990
2 51984  53.1601 236.3906 0001248  83.6878 276.4268 15.35400279250568
STARLINK-3651           
1 51985U 22025AF  26263.52728034  .00000305  00000+0  21593-4 0  9990
2 51985  53.1597 231.6600 0001186  82.3509 277.7627 15.31703340250643
STARLINK-3645           
1 51986U 22025AG  26263.56979695  .00000043  00000+0  12149-4 0  9992
2 51986  53.1589 235.1082 0001389  80.7536 279.3624 15.35396255250603
STARLINK-3644           
1 51987U 22025AH  26263.44739605 -.00000082  00000+0  87171-5 0  9997
2 51987  53.1588 227.8854 0001284  84.9105 275.2044 15.34392936250691
STARLINK-3640           
1 51988U 22025AJ  26263.62516621  .00003189  00000+0  11445-3 0  9998
2 51988  53.1581 231.2824 0001267  94.6571 265.4575 15.31708984250665
STARLINK-3642           
1 51989U 22025AK  26263.51042857 -.00002393  00000+0 -59711-4 0  9999
2 51989  53.1585 227.6055 0001174  93.7080 266.4056 15.34396683250709
STARLINK-3657           
1 51990U 22025AL  26263.94486129 -.00064800  00000+0 -18990-2 0  9995
2 51990  53.1616 211.2916 0001422  86.3403 273.7762 15.34796269250961
STARLINK-3652           
1 51991U 22025AM  26263.51465538 -.00000371  00000+0  16718-6 0  9992
2 51991  53.1579 227.7117 0001357  55.2733 304.8397 15.34391515250700
STARLINK-3643           
1 51992U 22025AN  26263.58855178  .00000357  00000+0  21697-4 0  9996
2 51992  53.1588 209.2288 0001398  89.1143 271.0020 15.34389378250534
STARLINK-3648           
1 51993U 22025AP  26263.62594708  .00000703  00000+0  31050-4 0  9990
2 51993  53.1595 234.8222 0001328  95.3679 264.7476 15.35399210250611
STARLINK-3647           
1 51994U 22025AQ  26263.47615702  .00001039  00000+0  41906-4 0  9996
2 51994  53.1612 213.4974 0001486  89.8164 270.3009 15.34395592250478
STARLINK-3636           
1 51995U 22025AR  26263.58271997  .00000480  00000+0  27221-4 0  9996
2 51995  53.1590 210.5352 0001226  89.2171 270.8971 15.31701005250511
STARLINK-3538           
1 51996U 22025AS  26263.46982923  .00010619  00000+0  33324-3 0  9997
2 51996  53.1591 209.9935 0002172 146.9889 213.1249 15.33599525250523
STARLINK-3589           
1 51997U 22025AT  26262.59888297 -.00000408  00000+0 -95338-6 0  9993
2 51997  53.1593 213.6800 0001271 100.1763 259.9383 15.34380763250385
STARLINK-3618           
1 51998U 22025AU  26263.58228525  .00000905  00000+0  37919-4 0  9995
2 51998  53.1593 209.5847 0000823  94.8796 265.2300 15.34387939250547
STARLINK-3653           
1 52000U 22025AW  26263.57950023  .00003688  00000+0  11651-3 0  9999
2 52000  53.1603 213.1413 0001147  98.8677 261.2456 15.35418465250498
STARLINK-3659           
1 52001U 22025AX  26263.58621280  .00002143  00000+0  72339-4 0  9997
2 52001  53.1587 213.1553 0001461  85.5470 274.5700 15.35401333250493
STARLINK-3668           
1 52002U 22025AY  26263.32700226 -.00001356  00000+0 -29009-4 0  9991
2 52002  53.1621 214.4240 0001428 109.3219 250.7938 15.34385396250453
STARLINK-3712           
1 52090U 22029C   26263.60011785  .00000662  00000+0  31458-4 0  9996
2 52090  53.1592 281.2898 0001316  84.2931 275.8222 15.33552913250258
STARLINK-3716           
1 52092U 22029E   26263.90491783  .00005495  00000+0  14586-3 0  9992
2 52092  53.1617 283.1175 0001740  77.3873 282.7326 15.39915832250257
STARLINK-3673           
1 52093U 22029F   26263.59010807  .00000110  00000+0  14380-4 0  9994
2 52093  53.1585 277.0919 0001160  84.4161 275.6974 15.34388427250311
STARLINK-3714           
1 52094U 22029G   26263.23552481 -.00000341  00000+0  10308-5 0  9999
2 52094  53.1591 282.6089 0001388  84.8433 275.2728 15.34386035250201
STARLINK-3701           
1 52095U 22029H   26263.59642767 -.00000188  00000+0  55562-5 0  9996
2 52095  53.1587 277.2077 0001040  90.2369 269.8753 15.34390068250318
STARLINK-3717           
1 52096U 22029J   26263.59448972  .00001315  00000+0  48602-4 0  9997
2 52096  53.1593 269.5301 0001158  87.5611 272.5525 15.35397606250403
STARLINK-3665           
1 52098U 22029L   26263.55288870 -.00000386  00000+0 -26171-6 0  9992
2 52098  53.1603 281.8136 0002607 143.8408 216.2771 15.34384015250249
STARLINK-3702           
1 52100U 22029N   26263.60274683  .00001747  00000+0  62838-4 0  9997
2 52100  53.1587 277.2848 0001246  85.6122 274.5023 15.34392803250316
STARLINK-3703           
1 52101U 22029P   26263.53818627  .00001571  00000+0  57648-4 0  9990
2 52101  53.1595 281.8776 0001182  84.3579 275.7559 15.34385997250232
STARLINK-3709           
1 52102U 22029Q   26263.54076405 -.00001527  00000+0 -35127-4 0  9993
2 52102  53.1568 269.6976 0001307  94.5660 265.5492 15.33537294250402
STARLINK-3705           
1 52103U 22029R   26262.75009268 -.00000151  00000+0  66694-5 0  9994
2 52103  53.1588 272.8732 0001288  89.6544 270.4606 15.34383819250286
STARLINK-3706           
1 52105U 22029T   26263.98137481  .00000357  00000+0  21724-4 0  9992
2 52105  53.1595 267.1187 0001375  87.1026 273.0134 15.34388816250470
STARLINK-3670           
1 52106U 22029U   26263.58383333  .00002221  00000+0  76881-4 0  9994
2 52106  53.1599 277.2915 0001586  44.8084 315.3047 15.34390713250296
STARLINK-3658           
1 52107U 22029V   26263.58636155  .00001018  00000+0  41267-4 0  9991
2 52107  53.1583 268.9672 0001086  92.6631 267.4496 15.34386364250417
STARLINK-3698           
1 52108U 22029W   26263.50139984  .00000805  00000+0  35818-4 0  9990
2 52108  53.1588 269.7822 0001522  81.8942 278.2233 15.33551285250390
STARLINK-3687           
1 52110U 22029Y   26263.57000630  .00001063  00000+0  43655-4 0  9990
2 52110  53.1587 269.5378 0001090  89.8058 270.3069 15.33535175250404
STARLINK-3708           
1 52111U 22029Z   26263.51071304 -.00003008  00000+0 -77954-4 0  9993
2 52111  53.1580 269.3253 0001149  72.4527 287.6601 15.34389351250409
STARLINK-3734           
1 52112U 22029AA  26263.96909264  .00000232  00000+0  19229-4 0  9993
2 52112  53.1630 247.1644 0001330  87.9270 272.1884 15.31702567250768
STARLINK-3736           
1 52113U 22029AB  26263.56744533 -.00000283  00000+0  27690-5 0  9995
2 52113  53.1603 269.0560 0001384  91.4039 268.7122 15.34387672250418
STARLINK-3737           
1 52114U 22029AC  26263.51281405  .00001352  00000+0  51125-4 0  9991
2 52114  53.1592 269.3018 0001203  87.7405 272.3735 15.34405692250405
STARLINK-3685           
1 52115U 22029AD  26263.98085864 -.00000074  00000+0  89632-5 0  9990
2 52115  53.1593 265.3299 0001285  92.0446 268.0704 15.34387092250500
STARLINK-3735           
1 52116U 22029AE  26263.57164435  .00001619  00000+0  59065-4 0  9999
2 52116  53.1592 269.0390 0001095 109.7397 250.3724 15.34387304250415
STARLINK-3738           
1 52117U 22029AF  26263.22704794  .00000586  00000+0  28472-4 0  9990
2 52117  53.1589 270.6402 0001139  77.9047 282.2083 15.34393756250376
STARLINK-3743           
1 52118U 22029AG  26263.23966559  .00000383  00000+0  22487-4 0  9996
2 52118  53.1614 270.5993 0001425  94.7821 265.3344 15.34387126250360
STARLINK-3558           
1 52119U 22029AH  26263.97456210  .00000817  00000+0  35316-4 0  9993
2 52119  53.1585 265.4470 0001271  87.3911 272.7237 15.34391894250504
STARLINK-3534           
1 52120U 22029AJ  26263.58164723  .00000815  00000+0  35269-4 0  9992
2 52120  53.1583 267.1498 0001552  58.5088 301.6066 15.34382298250454
STARLINK-3678           
1 52121U 22029AK  26263.58736380  .00002238  00000+0  75017-4 0  9993
2 52121  53.1603 267.3053 0001291  85.7433 274.3718 15.35415863250437
STARLINK-3726           
1 52122U 22029AL  26263.60031745  .00000658  00000+0  31349-4 0  9994
2 52122  53.1584 269.4501 0001060  78.6232 281.4889 15.33544728250416
STARLINK-3725           
1 52123U 22029AM  26263.55401845  .00000941  00000+0  37871-4 0  9992
2 52123  53.1636 269.2998 0000860  78.1304 281.9796 15.35400941250417
STARLINK-3727           
1 52125U 22029AP  26263.54955290 -.00002006  00000+0 -49705-4 0  9996
2 52125  53.1600 269.2978 0001300  70.3442 289.7700 15.33534466250414
STARLINK-3732           
1 52126U 22029AQ  26263.55234363  .00000631  00000+0  29009-4 0  9994
2 52126  53.1591 269.2346 0001543  96.6042 263.5137 15.35399311250402
STARLINK-3715           
1 52127U 22029AR  26263.56308782 -.00000272  00000+0  31004-5 0  9994
2 52127  53.1591 267.3108 0001299  69.1989 290.9153 15.35398655250436
STARLINK-3661           
1 52129U 22029AT  26263.55341127  .00000949  00000+0  69178-4 0  9997
2 52129  53.1611 272.2549 0001735  66.1959 293.9216 15.13430989250373
STARLINK-3711           
1 52131U 22029AV  26263.54226134  .00013287  00000+0  57743-3 0  9992
2 52131  53.2266 259.6208 0004236  71.1212 289.0246 15.22605476250566
STARLINK-3718           
1 52132U 22029AW  26263.54800623 -.00000410  00000+0 -98933-6 0  9999
2 52132  53.1593 267.2669 0001280  72.7612 287.3530 15.34385694250446
STARLINK-3707           
1 52133U 22029AX  26263.98293562  .00000678  00000+0  31199-4 0  9999
2 52133  53.1602 265.1604 0001180  75.2784 284.8349 15.34389294250519
STARLINK-3721           
1 52134U 22029AY  26262.74955459 -.00000446  00000+0 -20647-5 0  9995
2 52134  53.1603 270.9333 0001274  87.3436 272.7712 15.34387133250325
STARLINK-3720           
1 52136U 22029BA  26263.57353758  .00000563  00000+0  27051-4 0  9996
2 52136  53.1595 268.3159 0001090  79.0375 281.0750 15.35401371250439
STARLINK-3733           
1 52137U 22029BB  26263.49810223  .00000376  00000+0  22272-4 0  9995
2 52137  53.1611 269.3686 0001395  76.3629 283.7529 15.34391915250417
STARLINK-3723           
1 52138U 22029BC  26263.58713752  .00006364  00000+0  20460-3 0  9994
2 52138  53.1568 269.1394 0001238  82.5347 277.5795 15.33556484250425
STARLINK-3730           
1 52139U 22029BD  26263.01484048 -.00000294  00000+0  24457-5 0  9995
2 52139  53.1587 271.6412 0001240  92.9014 267.2131 15.34390905250330
STARLINK-3682           
1 52140U 22029BE  26263.58793469 -.00002082  00000+0 -50542-4 0  9990
2 52140  53.1608 267.1514 0001580 128.2564 231.8581 15.34377049250452
STARLINK-3761           
1 52262U 22041B   26263.44059837  .00001029  00000+0  41604-4 0  9995
2 52262  53.1609 307.6525 0001274  76.6174 283.4970 15.34388418243856
STARLINK-3786           
1 52263U 22041C   26263.59384686  .00000516  00000+0  27010-4 0  9990
2 52263  53.1611 307.1962 0001273  76.3793 283.7351 15.33548767243875
STARLINK-3795           
1 52264U 22041D   26263.79778107 -.00000500  00000+0 -36623-5 0  9994
2 52264  53.1600 296.5791 0001176  83.4331 276.6806 15.34389593244041
STARLINK-3740           
1 52265U 22041E   26263.57559931  .00000381  00000+0  22411-4 0  9997
2 52265  53.1592 299.4779 0001157  58.7768 301.3348 15.34397956243989
STARLINK-3739           
1 52266U 22041F   26263.85744818 -.00044734  00000+0 -25901-2 0  9996
2 52266  53.2132 311.6988 0000895 176.3714 183.7286 15.11788372243845
STARLINK-3748           
1 52267U 22041G   26264.00002315  .00044271  00000+0  13148-2 0  9998
2 52267  53.1590 297.6891 0001023  78.5349  49.1432 15.34373547  5898
STARLINK-3746           
1 52268U 22041H   26263.38854212  .00000571  00000+0  28045-4 0  9999
2 52268  53.1602 299.9365 0001192  94.4217 265.6921 15.34387750243963
STARLINK-3791           
1 52269U 22041J   26263.59383110 -.00000122  00000+0  73990-5 0  9990
2 52269  53.1633 307.4316 0001112  53.9458 306.1648 15.35399919243876
STARLINK-3804           
1 52270U 22041K   26263.44274774  .00000067  00000+0  13106-4 0  9990
2 52270  53.1612 308.0136 0000986  76.9435 283.1677 15.34384390243850
STARLINK-3788           
1 52271U 22041L   26262.65268864  .00000572  00000+0  28086-4 0  9990
2 52271  53.1613 311.5515 0001342  81.7961 278.3194 15.34386157243737
STARLINK-3781           
1 52272U 22041M   26263.58622007  .00001547  00000+0  61568-4 0  9992
2 52272  53.1590 300.5212 0001128  71.1687 288.9437 15.31714099243974
STARLINK-3782           
1 52273U 22041N   26263.80304537 -.00000175  00000+0  61290-5 0  9993
2 52273  53.1574 290.3850 0001256  76.2736 283.8405 15.31696650244134
STARLINK-3790           
1 52274U 22041P   26263.80064689 -.00000683  00000+0 -10258-4 0  9997
2 52274  53.1588 299.7733 0001052  79.3192 280.7928 15.31704061244005
STARLINK-3784           
1 52275U 22041Q   26263.43012503 -.00000154  00000+0  65873-5 0  9991
2 52275  53.1620 307.9503 0001311  78.2393 281.8757 15.34387857243856
STARLINK-3778           
1 52276U 22041R   26263.43192361 -.00004556  00000+0 -12720-3 0  9995
2 52276  53.1596 308.0787 0000790  57.4171 302.6908 15.33569103243853
STARLINK-3780           
1 52278U 22041T   26262.61092205 -.00053043  00000+0 -15261-2 0  9999
2 52278  53.1567 311.5314 0000831  91.4563 268.6535 15.35283224243730
STARLINK-3764           
1 52280U 22041V   26263.57688005  .00004605  00000+0  15988-3 0  9992
2 52280  53.1599 300.7073 0001198  66.7790 293.3337 15.31735700243972
STARLINK-3779           
1 52281U 22041W   26262.84654900 -.00000223  00000+0  45592-5 0  9998
2 52281  53.1611 310.8156 0001204  85.2030 274.9110 15.33546332243767
STARLINK-3783           
1 52282U 22041X   26263.38105250  .00000717  00000+0  33134-4 0  9993
2 52282  53.1596 292.3807 0001179  80.1908 279.9228 15.33551791244060
STARLINK-3789           
1 52283U 22041Y   26263.41503460  .00000833  00000+0  36651-4 0  9999
2 52283  53.1617 308.0549 0001176  74.9007 285.2126 15.33553099243857
STARLINK-3561           
1 52284U 22041Z   26263.59290509 -.00000027  00000+0  10327-4 0  9994
2 52284  53.1588 291.6411 0001272  87.7182 272.3967 15.34384901244095
STARLINK-3802           
1 52286U 22041AB  26263.58651235 -.00000010  00000+0  10829-4 0  9991
2 52286  53.1588 290.9766 0001238  87.5904 272.5241 15.34386804244107
STARLINK-3822           
1 52287U 22041AC  26263.41384680 -.00000249  00000+0  37492-5 0  9991
2 52287  53.1602 301.8596 0000941  61.9098 298.1998 15.31699447243949
STARLINK-3776           
1 52288U 22041AD  26263.58441330  .00000232  00000+0  18001-4 0  9991
2 52288  53.1593 291.0024 0001366  84.3199 275.7959 15.34388022244102
STARLINK-3751           
1 52289U 22041AE  26263.57001770  .00001088  00000+0  46821-4 0  9992
2 52289  53.1567 291.4632 0001892 125.4621 234.6558 15.31712945244093
STARLINK-3772           
1 52290U 22041AF  26263.58232103  .00000703  00000+0  31953-4 0  9994
2 52290  53.1597 291.0960 0001179  91.7060 268.4078 15.34389927244105
STARLINK-3753           
1 52292U 22041AH  26263.56759504  .00000539  00000+0  27072-4 0  9997
2 52292  53.1603 291.0545 0000718  72.9289 287.1792 15.34395171244105
STARLINK-3771           
1 52293U 22041AJ  26263.58020871  .00000131  00000+0  15028-4 0  9994
2 52293  53.1592 291.0159 0001308  85.8972 274.2180 15.34389582244109
STARLINK-3777           
1 52294U 22041AK  26263.54274770  .00001787  00000+0  65640-4 0  9993
2 52294  53.1603 291.6501 0001319  81.2883 278.8269 15.33561245244096
STARLINK-3765           
1 52295U 22041AL  26263.94712411  .00925110  43449-3  15842-2 0  9997
2 52295  53.1557 276.7819 0000992  97.1561 262.9583 16.01971967244338
STARLINK-3766           
1 52296U 22041AM  26263.22721453  .00000814  00000+0  35218-4 0  9993
2 52296  53.1594 292.6469 0001301  63.1270 296.9865 15.34394771244059
STARLINK-3758           
1 52297U 22041AN  26263.55466299  .00000324  00000+0  21170-4 0  9992
2 52297  53.1591 291.6454 0001290  84.8472 275.2678 15.33551126244095
STARLINK-3760           
1 52298U 22041AP  26263.80923111 -.00000221  00000+0  46049-5 0  9992
2 52298  53.1604 289.9225 0001327  82.8648 277.2506 15.34388021244142
STARLINK-3769           
1 52300U 22041AR  26263.80292990 -.00000156  00000+0  65083-5 0  9996
2 52300  53.1603 289.9615 0000961  73.8970 286.2139 15.34387601245369
STARLINK-3768           
1 52301U 22041AS  26263.55437551  .00000834  00000+0  36689-4 0  9994
2 52301  53.1588 291.7614 0001253  74.7085 285.4055 15.33550729244093
STARLINK-3564           
1 52302U 22041AT  26263.32003539 -.00000203  00000+0  52073-5 0  9992
2 52302  53.1587 280.6430 0001088  77.4893 282.6230 15.31700583244221
STARLINK-3742           
1 52303U 22041AU  26263.78800338 -.00001278  00000+0 -27550-4 0  9990
2 52303  53.1577 290.5363 0001410  83.1545 276.9618 15.33537001245359
STARLINK-3744           
1 52304U 22041AV  26263.78821144  .00001193  00000+0  46469-4 0  9993
2 52304  53.1588 280.7180 0001225  86.1908 273.9235 15.34374880244266
STARLINK-3724           
1 52305U 22041AW  26263.38753219 -.00001751  00000+0 -41923-4 0  9999
2 52305  53.1544 292.3687 0000844  84.5124 275.5974 15.33544276244072
STARLINK-3747           
1 52306U 22041AX  26263.52548093 -.00000303  00000+0  21655-5 0  9990
2 52306  53.1596 281.2529 0001294  79.9383 280.1765 15.34389406245453
STARLINK-3755           
1 52307U 22041AY  26263.60542404 -.00000111  00000+0  78398-5 0  9993
2 52307  53.1591 290.8993 0000966  67.4652 292.6452 15.34388705244110
STARLINK-3756           
1 52309U 22041BA  26263.24079961  .00000329  00000+0  22379-4 0  9995
2 52309  53.1599 280.9768 0001160  85.6902 274.4232 15.31698069245431
STARLINK-3688           
1 52310U 22041BB  26263.55773226  .00000204  00000+0  18358-4 0  9990
2 52310  53.1586 279.5029 0001383  87.4364 272.6796 15.31700071245489
STARLINK-3750           
1 52311U 22041BC  26263.56827439  .00002574  00000+0  89598-4 0  9994
2 52311  53.1589 281.6387 0001108  85.2053 274.9076 15.33541755245457
STARLINK-3752           
1 52312U 22041BD  26263.34898448  .00000592  00000+0  28657-4 0  9996
2 52312  53.1594 282.0809 0001193  77.2172 282.8964 15.34392427245438
STARLINK-3749           
1 52313U 22041BE  26263.26121880  .00000573  00000+0  28755-4 0  9995
2 52313  53.1583 282.9629 0001127  73.7702 286.3424 15.33552737245412
STARLINK-3889           
1 52331U 22045A   26264.00002315 -.00013446  00000+0 -37514-3 0  9990
2 52331  53.1590  49.4100 0001096  78.8714  65.3813 15.35408765  5711
STARLINK-3831           
1 52332U 22045B   26263.04324524  .00013094  00000+0  40833-3 0  9998
2 52332  53.1595  53.5639 0000892  77.0963 283.0139 15.33582611245010
STARLINK-3847           
1 52333U 22045C   26263.66650433  .00000046  00000+0  13251-4 0  9996
2 52333  53.1593  39.1650 0001144  81.1599 278.9532 15.31702822245267
STARLINK-3880           
1 52334U 22045D   26263.69005038 -.00003901  00000+0 -10730-3 0  9998
2 52334  53.1652  50.6457 0000582  55.2778 304.8279 15.33561908245103
STARLINK-3814           
1 52335U 22045E   26263.68210741  .00002518  00000+0  83062-4 0  9997
2 52335  53.1626  50.6364 0001378  86.6370 273.4791 15.35403814245116
STARLINK-3823           
1 52336U 22045F   26263.59987847  .00000424  00000+0  24202-4 0  9991
2 52336  53.1622  37.5771 0001089  88.3590 271.7537 15.33553886245292
STARLINK-3797           
1 52337U 22045G   26263.04318398  .00101148  00000+0  29015-2 0  9991
2 52337  53.1623  53.6416 0002979 110.8458 249.2864 15.35075602245012
STARLINK-3792           
1 52339U 22045J   26264.00002315 -.00013556  00000+0 -37831-3 0  9992
2 52339  53.1608  49.1600 0001166  67.6635 321.1329 15.35406775  5801
STARLINK-3818           
1 52340U 22045K   26263.81258444 -.00000096  00000+0  83052-5 0  9990
2 52340  53.1611  27.9298 0001018  88.8341 271.2778 15.34380457245434
STARLINK-3843           
1 52341U 22045L   26264.00002315 -.00016326  00000+0 -45806-3 0  9994
2 52341  53.1609  49.1563 0001075  74.3051 294.4433 15.35405399  5819
STARLINK-3850           
1 52342U 22045M   26263.65609849  .00000221  00000+0  17666-4 0  9999
2 52342  53.1603  34.7755 0001142  89.0259 271.0875 15.34393480245335
STARLINK-3849           
1 52343U 22045N   26264.00002315 -.00016332  00000+0 -45819-3 0  9997
2 52343  53.1591  49.2127 0001066  76.0911  88.9089 15.35406901  5804
STARLINK-3851           
1 52344U 22045P   26263.66033127 -.00029184  00000+0 -85241-3 0  9996
2 52344  53.1602  34.8671 0000959  39.2802 320.8270 15.34530223245330
STARLINK-3852           
1 52345U 22045Q   26263.83279183 -.00001832  00000+0 -47284-4 0  9996
2 52345  53.1609  32.2313 0001023  89.3839 270.7280 15.31706681245370
STARLINK-3812           
1 52346U 22045R   26263.09639631  .00000211  00000+0  18570-4 0  9997
2 52346  53.1615  35.6576 0001150  86.4467 273.6666 15.31699488245277
STARLINK-3826           
1 52347U 22045S   26263.92295314  .00000544  00000+0  27884-4 0  9993
2 52347  53.1612  27.9404 0001144  95.7890 264.3243 15.33546622245456
STARLINK-3829           
1 52348U 22045T   26263.93026743 -.00001183  00000+0 -23006-4 0  9997
2 52348  53.1615  28.8944 0001207 101.4181 258.6957 15.35390416245444
STARLINK-3819           
1 52349U 22045U   26263.94364304  .00001608  00000+0  57012-4 0  9991
2 52349  53.1612  27.4415 0001203  83.3552 276.7588 15.35397545245469
STARLINK-3754           
1 52350U 22045V   26263.91764148  .00003192  00000+0  10555-3 0  9990
2 52350  53.1631  27.4470 0002201  49.0191 311.1002 15.34406725245465
STARLINK-3838           
1 52352U 22045X   26263.58889422  .00000690  00000+0  31548-4 0  9994
2 52352  53.1613  35.3788 0001113  82.3444 277.7685 15.34394006245326
STARLINK-3807           
1 52353U 22045Y   26263.63558312  .00000835  00000+0  36704-4 0  9992
2 52353  53.1593  29.2716 0001223  84.8016 275.3126 15.33556480245410
STARLINK-3877           
1 52355U 22045AA  26263.92299075 -.00006612  00000+0 -18470-3 0  9994
2 52355  53.1606  33.8673 0000772  98.5066 261.6024 15.34404870245371
STARLINK-3801           
1 52356U 22045AB  26263.96385573  .00004585  00000+0  14677-3 0  9998
2 52356  53.1609  27.2430 0000961 147.7077 212.3985 15.34396636245472
STARLINK-3821           
1 52357U 22045AC  26263.58776969  .00001043  00000+0  41993-4 0  9998
2 52357  53.1610  29.0954 0000923  77.7799 282.3307 15.34391936245414
STARLINK-3837           
1 52358U 22045AD  26263.91872882 -.00000377  00000+0 -34300-7 0  9995
2 52358  53.1586  33.4146 0001083  82.7943 277.3183 15.34392112245383
STARLINK-3853           
1 52359U 22045AE  26263.59042459  .00000652  00000+0  32785-4 0  9995
2 52359  53.1622  33.3763 0000910  78.8573 281.2531 15.31683919245355
STARLINK-3728           
1 52361U 22045AG  26263.57255156 -.00004788  00000+0 -12630-3 0  9998
2 52361  53.1620  29.1142 0000991  82.7091 277.4024 15.35432449245413
STARLINK-3848           
1 52362U 22045AH  26263.88045860  .00000119  00000+0  15582-4 0  9994
2 52362  53.1620  17.6810 0001070  72.7060 287.4058 15.31703340245596
STARLINK-3830           
1 52363U 22045AJ  26263.62355759  .00000052  00000+0  12684-4 0  9994
2 52363  53.1603  29.4668 0001112  88.8861 271.2269 15.34385958245414
STARLINK-3820           
1 52364U 22045AK  26263.60836130 -.00000798  00000+0 -12955-4 0  9990
2 52364  53.1606  25.2097 0001032  87.8471 272.2650 15.33545701245468
STARLINK-3874           
1 52365U 22045AL  26263.59085670 -.00000106  00000+0  79856-5 0  9990
2 52365  53.1606  24.9523 0001076  68.6602 291.4516 15.34386945245468
STARLINK-3808           
1 52366U 22045AM  26263.96274496  .00002651  00000+0  89513-4 0  9994
2 52366  53.1612  23.2072 0000952  79.5963 280.5147 15.34414440245528
STARLINK-3817           
1 52367U 22045AN  26263.54093183  .00000277  00000+0  19764-4 0  9994
2 52367  53.1616  25.4710 0001083  82.9121 277.2004 15.33547088245457
STARLINK-3834           
1 52368U 22045AP  26263.62657215  .00000015  00000+0  11568-4 0  9990
2 52368  53.1594  24.7821 0001223  84.2049 275.9093 15.34391029245465
STARLINK-3841           
1 52369U 22045AQ  26263.90604790  .00005664  00000+0  17862-3 0  9999
2 52369  53.1592  23.5208 0001191  73.0840 287.0293 15.34405033245512
STARLINK-3827           
1 52370U 22045AR  26263.59306735  .00000158  00000+0  16140-4 0  9996
2 52370  53.1615  25.2059 0001285  87.1246 272.9904 15.33543325245465
STARLINK-3798           
1 52371U 22045AS  26263.48960307  .00000760  00000+0  36252-4 0  9991
2 52371  53.1613  21.8118 0001158  84.8875 275.2259 15.31708139245499
STARLINK-3796           
1 52372U 22045AT  26263.56884697 -.00000727  00000+0 -10376-4 0  9992
2 52372  53.1624  19.5580 0001660  62.7262 297.3909 15.34374140245538
STARLINK-3550           
1 52373U 22045AU  26263.93805565  .00001043  00000+0  42002-4 0  9992
2 52373  53.1625  15.6064 0000759  78.7886 281.3202 15.34402054245637
STARLINK-3762           
1 52374U 22045AV  26263.58978606 -.00000450  00000+0 -21862-5 0  9996
2 52374  53.1578  19.0532 0001142  82.7242 277.3891 15.34390624245550
STARLINK-3785           
1 52375U 22045AW  26263.88820554  .00000447  00000+0  24353-4 0  9999
2 52375  53.1617  18.0354 0000979  90.2356 269.8759 15.34390783245592
STARLINK-3805           
1 52377U 22045AY  26263.60976200 -.00001076  00000+0 -20703-4 0  9997
2 52377  53.1597  24.8591 0001710 108.5083 251.6106 15.34397483245468
STARLINK-3806           
1 52378U 22045AZ  26263.60135889  .00000516  00000+0  26421-4 0  9997
2 52378  53.1612  24.8996 0001179  87.5238 272.5900 15.34389222245470
STARLINK-3800           
1 52379U 22045BA  26263.90695952  .00036087  00000+0  10910-2 0  9999
2 52379  53.1600  21.1246 0003116 342.4336  17.6558 15.33901091245550
STARLINK-3793           
1 52380U 22045BB  26263.93636354  .00005307  00000+0  16799-3 0  9998
2 52380  53.1607   7.3308 0001294 103.1920 256.9227 15.34418251245744
STARLINK-3799           
1 52382U 22045BD  26264.00002315  .00130046  00000+0  18547-2 0  9994
2 52382  53.2120   2.1617 0002078  58.4486 233.9108 15.55390657  5887
STARLINK-3811           
1 52383U 22045BE  26263.55690686  .00000480  00000+0  25934-4 0  9996
2 52383  53.1588   9.5770 0001362 105.8783 254.2370 15.33544744245683
STARLINK-3909           
1 52452U 22049B   26264.00002315  .00107477  00000+0  30896-2 0  9999
2 52452  53.1595 268.7114 0001058  52.2368 338.2338 15.34977819  5770
STARLINK-3872           
1 52453U 22049C   26263.56643300  .00000482  00000+0  24729-4 0  9993
2 52453  53.1615 269.2477 0001311  85.9616 274.1537 15.35403004241595
STARLINK-3888           
1 52454U 22049D   26263.50114503  .00000312  00000+0  19856-4 0  9993
2 52454  53.1598 269.5100 0001263  72.9756 287.1385 15.35403349241585
STARLINK-3890           
1 52455U 22049E   26263.55429947  .00001538  00000+0  54995-4 0  9994
2 52455  53.1601 269.1982 0001189  86.0750 274.0389 15.35403981241594
STARLINK-3896           
1 52456U 22049F   26262.49214898 -.00000325  00000+0  12893-5 0  9990
2 52456  53.1608 272.5894 0001380  82.7497 277.3661 15.31698835241450
STARLINK-3899           
1 52457U 22049G   26264.00002315  .00030246  00000+0  87472-3 0  9996
2 52457  53.1600 267.7450 0001350  94.2274 288.5521 15.35391965  5731
STARLINK-3898           
1 52458U 22049H   26264.00002315  .00036517  00000+0  10865-2 0  9995
2 52458  53.1602 267.1249 0001413  82.6431 275.9117 15.34405496  5836
STARLINK-3856           
1 52459U 22049J   26263.66844699  .00000676  00000+0  31880-4 0  9995
2 52459  53.1578 253.1551 0001294  83.2831 276.8318 15.33554001241828
STARLINK-3900           
1 52461U 22049L   26263.67250196  .00005405  00000+0  17560-3 0  9995
2 52461  53.1579 243.2123 0001399  94.2787 265.8375 15.33538537241967
STARLINK-3903           
1 52462U 22049M   26263.70065644 -.00000104  00000+0  79263-5 0  9994
2 52462  53.1603 252.7251 0001448  87.1227 272.9942 15.35394787241832
STARLINK-3885           
1 52463U 22049N   26263.92638779 -.00002111  00000+0 -49598-4 0  9992
2 52463  53.1601 241.9916 0001178  88.7084 271.4054 15.35422658242004
STARLINK-3904           
1 52464U 22049P   26263.95547229  .00000161  00000+0  15531-4 0  9996
2 52464  53.1594 251.4322 0001286  79.2869 280.8279 15.35402457241871
STARLINK-3863           
1 52465U 22049Q   26263.35688289  .00000081  00000+0  13229-4 0  9996
2 52465  53.1596 244.8641 0001203  81.7122 278.4017 15.35400146241914
STARLINK-3873           
1 52467U 22049S   26263.93819176  .00000831  00000+0  35740-4 0  9998
2 52467  53.1591 251.4027 0001366  92.8910 267.2249 15.34389639241871
STARLINK-3864           
1 52468U 22049T   26263.26379405  .00000666  00000+0  30845-4 0  9998
2 52468  53.1604 255.1738 0001330  84.0048 276.1106 15.34390963241764
STARLINK-3828           
1 52469U 22049U   26263.96546717 -.00000914  00000+0 -16463-4 0  9996
2 52469  53.1591 251.6608 0001275  90.5800 269.5348 15.33540087241872
STARLINK-3859           
1 52470U 22049V   26263.97389875 -.00000015  00000+0  10697-4 0  9993
2 52470  53.1596 251.1557 0001358  87.6937 272.4221 15.34389113241883
STARLINK-3862           
1 52471U 22049W   26263.52237121  .00002181  00000+0  81983-4 0  9992
2 52471  53.1569 249.7013 0001341  80.9996 279.1157 15.31721636241864
STARLINK-3881           
1 52472U 22049X   26263.56118267  .00001165  00000+0  46746-4 0  9995
2 52472  53.1587 253.5934 0001228  88.7824 271.3319 15.33547444241814
STARLINK-3879           
1 52473U 22049Y   26263.97217213  .00001276  00000+0  50149-4 0  9997
2 52473  53.1595 251.8138 0001330  85.9760 274.1394 15.33539138241874
STARLINK-3882           
1 52475U 22049AA  26263.97179655  .00000567  00000+0  27933-4 0  9993
2 52475  53.1593 251.1660 0001260  86.3845 273.7302 15.34389131241880
STARLINK-3835           
1 52476U 22049AB  26263.93171675  .00004255  00000+0  13289-3 0  9990
2 52476  53.1636 242.1682 0001934 103.0692 257.0527 15.35384347243249
STARLINK-3860           
1 52477U 22049AC  26263.47164684  .00000239  00000+0  18219-4 0  9999
2 52477  53.1610 243.5003 0001243  96.8123 263.3021 15.34386996243188
STARLINK-3825           
1 52478U 22049AD  26263.97989696  .00000058  00000+0  12568-4 0  9993
2 52478  53.1597 252.0078 0001291  87.5688 272.5463 15.35405732243112
STARLINK-3878           
1 52479U 22049AE  26263.54104501  .00000686  00000+0  33863-4 0  9999
2 52479  53.1599 249.6934 0001247  81.9279 278.1864 15.31702910243103
STARLINK-3839           
1 52480U 22049AF  26263.96340139 -.00000566  00000+0 -56168-5 0  9999
2 52480  53.1593 251.2464 0001215  86.0907 274.0234 15.34386266241889
STARLINK-3813           
1 52482U 22049AH  26263.36249612 -.00000920  00000+0 -16648-4 0  9991
2 52482  53.1602 244.4769 0001211  85.1361 274.9779 15.33547116241924
STARLINK-3875           
1 52483U 22049AJ  26263.91707746 -.00094496  00000+0 -27788-2 0  9996
2 52483  53.1595 241.4200 0001193 149.0788 211.0286 15.34870036243259
STARLINK-3887           
1 52484U 22049AK  26263.71008672  .00000059  00000+0  12610-4 0  9997
2 52484  53.1589 252.5472 0001215  85.2074 274.9068 15.35395356241848
STARLINK-3913           
1 52485U 22049AL  26263.55667344  .00000976  00000+0  41011-4 0  9992
2 52485  53.1595 243.5168 0001326  87.3345 272.7809 15.33552371241956
STARLINK-3918           
1 52486U 22049AM  26263.23219254  .00000832  00000+0  35782-4 0  9990
2 52486  53.1593 254.6240 0001240  89.4530 270.6615 15.34386662241774
STARLINK-3902           
1 52487U 22049AN  26263.58510859  .00000550  00000+0  27422-4 0  9993
2 52487  53.1598 242.9709 0001284  87.3616 272.7534 15.34390273243206
STARLINK-3892           
1 52488U 22049AP  26263.98504352  .00000447  00000+0  24924-4 0  9998
2 52488  53.1609 251.5411 0001317  84.6153 275.5000 15.33551192241888
STARLINK-3923           
1 52489U 22049AQ  26263.66666819  .00000844  00000+0  36992-4 0  9990
2 52489  53.1573 253.0261 0001321  86.1737 273.9416 15.33552521241834
STARLINK-3914           
1 52490U 22049AR  26263.96981805  .00000332  00000+0  22462-4 0  9999
2 52490  53.1600 247.5957 0001435  76.7020 283.4142 15.31703990241932
STARLINK-3908           
1 52491U 22049AS  26263.78868810  .01083604  00000+0  30197-1 0  9995
2 52491  53.1549 248.5167 0003482 148.4147 211.7065 15.33494322241903
STARLINK-3916           
1 52492U 22049AT  26263.49685740  .00000409  00000+0  23242-4 0  9990
2 52492  53.1593 243.3809 0001488 127.9104 232.2034 15.34390288241954
STARLINK-3883           
1 52493U 22049AU  26263.56485259  .00000679  00000+0  30393-4 0  9996
2 52493  53.1593 243.6807 0001996  51.1893 308.9288 15.35399589241959
STARLINK-3857           
1 52494U 22049AV  26263.64504396  .00002124  00000+0  73998-4 0  9995
2 52494  53.1587 237.3856 0001438  87.4174 272.6993 15.34389255242052
STARLINK-3871           
1 52496U 22049AX  26263.95172657  .00000524  00000+0  26646-4 0  9992
2 52496  53.1612 235.2847 0001381  92.1005 268.0156 15.34390721242109
STARLINK-3884           
1 52497U 22049AY  26264.00002315  .00000932  00000+0  38707-4 0  9997
2 52497  53.1596 241.7346 0001420  93.9719 189.7987 15.34398937  5882
STARLINK-3925           
1 52498U 22049AZ  26263.58192188  .00001002  00000+0  40794-4 0  9996
2 52498  53.1599 237.0086 0001173  89.5887 270.5250 15.34387065242040
STARLINK-3866           
1 52500U 22049BB  26263.55644492  .00018017  00000+0  95129-3 0  9992
2 52500  53.1599 241.8172 0003578  61.6369 298.4986 15.15595829241974
STARLINK-3907           
1 52501U 22049BC  26264.00002315 -.00001306  00000+0 -27533-4 0  9996
2 52501  53.1603 241.7341 0001425  87.6890 230.9244 15.34399180  5883
STARLINK-3912           
1 52502U 22049BD  26263.63901137  .00003199  00000+0  10248-3 0  9999
2 52502  53.1590 236.7602 0001824  95.0010 265.1201 15.35428838242052
STARLINK-3861           
1 52503U 22049BE  26263.92959258 -.00004005  00000+0 -10389-3 0  9994
2 52503  53.1611 233.5957 0002171  80.2294 279.8954 15.35417823242128
STARLINK-3958           
1 52535U 22051C   26263.44759191  .00000490  00000+0  26222-4 0  9999
2 52535  53.1603 322.1581 0001200  62.1289 297.9835 15.33553826241015
STARLINK-3964           
1 52536U 22051D   26263.85093350  .00000172  00000+0  16238-4 0  9996
2 52536  53.1599 319.7375 0001121  84.7114 275.4017 15.34389175241087
STARLINK-3897           
1 52537U 22051E   26263.65140637  .00000631  00000+0  29804-4 0  9999
2 52537  53.1607 321.3659 0001215  82.9595 277.1546 15.34391789241045
STARLINK-3933           
1 52538U 22051F   26263.41337190  .00000141  00000+0  15306-4 0  9994
2 52538  53.1609 317.8803 0001127  91.1028 269.0104 15.34382658241072
STARLINK-3757           
1 52539U 22051G   26263.89412842  .00001326  00000+0  51641-4 0  9993
2 52539  53.1602 320.0804 0001863  82.3963 277.7251 15.33561873241087
STARLINK-3940           
1 52540U 22051H   26263.89304500 -.00000319  00000+0  17013-5 0  9994
2 52540  53.1602 320.2261 0001361  79.5993 280.5163 15.34381420241085
STARLINK-3845           
1 52541U 22051J   26263.44209281  .00000527  00000+0  26021-4 0  9994
2 52541  53.1602 326.3233 0001276  84.6718 275.4431 15.35399203240954
STARLINK-3937           
1 52542U 22051K   26263.41548805 -.00002640  00000+0 -67021-4 0  9995
2 52542  53.1598 318.0497 0001195  86.2888 273.8252 15.34400313241076
STARLINK-3926           
1 52543U 22051L   26263.44547491  .00002180  00000+0  75623-4 0  9993
2 52543  53.1631 322.3342 0001324  84.3199 275.7955 15.34410431241017
STARLINK-3944           
1 52544U 22051M   26263.91594775  .00000176  00000+0  17428-4 0  9995
2 52544  53.1656 332.1114 0000833  85.5937 274.5159 15.31695779240916
STARLINK-3948           
1 52546U 22051P   26263.41760789  .00002012  00000+0  70674-4 0  9995
2 52546  53.1604 318.1375 0001108  82.1997 277.9131 15.34389770241078
STARLINK-3931           
1 52548U 22051R   26263.44907538  .00002933  00000+0  10047-3 0  9994
2 52548  53.1600 322.0106 0000955  75.2803 284.8305 15.33544048241025
STARLINK-3935           
1 52549U 22051S   26263.40686049  .00000532  00000+0  26173-4 0  9993
2 52549  53.1601 322.2510 0001245  86.3501 273.7645 15.35398112241013
STARLINK-3965           
1 52550U 22051T   26263.87615123  .00002093  00000+0  73120-4 0  9999
2 52550  53.1602 319.6164 0001191  84.8395 275.2744 15.34378927241091
STARLINK-3969           
1 52551U 22051U   26263.86250697  .00001462  00000+0  55796-4 0  9998
2 52551  53.1603 320.1606 0000921  41.6509 318.4563 15.33533347241085
STARLINK-3966           
1 52552U 22051V   26263.38163470  .00000165  00000+0  17076-4 0  9996
2 52552  53.1584 322.3388 0000963  26.1530 333.9520 15.31712287241011
STARLINK-3770           
1 52554U 22051X   26263.88795251 -.00000236  00000+0  41581-5 0  9990
2 52554  53.1635 331.9676 0001213  85.9855 274.1286 15.31699601240915
STARLINK-3943           
1 52557U 22051AA  26263.53584325  .00001286  00000+0  49210-4 0  9994
2 52557  53.1603 321.9086 0001086  76.4242 283.6882 15.34392455241031
STARLINK-3953           
1 52559U 22051AC  26263.45408862  .00004138  00000+0  12956-3 0  9993
2 52559  53.1619 317.7795 0001712  83.2778 276.8420 15.35380702241075
STARLINK-3956           
1 52560U 22051AD  26263.43566138  .00001828  00000+0  63276-4 0  9999
2 52560  53.1623 318.3463 0001381  62.0477 298.0665 15.35413020241060
STARLINK-3955           
1 52561U 22051AE  26263.49273889  .00000245  00000+0  18404-4 0  9999
2 52561  53.1607 325.4572 0001350 159.2444 200.8614 15.34394631240971
STARLINK-3957           
1 52562U 22051AF  26263.45114632  .00001027  00000+0  41545-4 0  9997
2 52562  53.1615 307.9856 0001204  46.1162 313.9940 15.34394337241219
STARLINK-3942           
1 52563U 22051AG  26263.66349972  .00000244  00000+0  17894-4 0  9998
2 52563  53.1603 325.0623 0001135  58.2654 301.8459 15.35403870240992
STARLINK-3959           
1 52564U 22051AH  26263.41731989  .00001223  00000+0  51165-4 0  9992
2 52564  53.1620 334.8666 0001331  84.5768 275.5385 15.31701350240831
STARLINK-3911           
1 52565U 22051AJ  26263.42103099  .00001318  00000+0  51377-4 0  9999
2 52565  53.1607 318.2977 0001190  83.2272 276.8866 15.33557145241064
STARLINK-3938           
1 52566U 22051AK  26263.87734573  .00002385  00000+0  79215-4 0  9992
2 52566  53.1605 324.5734 0001141  81.2473 278.8659 15.35419546241023
STARLINK-3929           
1 52567U 22051AL  26263.44694949  .00000476  00000+0  25227-4 0  9991
2 52567  53.1600 308.0013 0001196  85.4421 274.6718 15.34387093241216
STARLINK-3930           
1 52568U 22051AM  26263.44906564  .00000339  00000+0  21168-4 0  9999
2 52568  53.1609 308.1271 0001278  72.8535 287.2608 15.34385004241218
STARLINK-3927           
1 52569U 22051AN  26263.41604130  .00001411  00000+0  57210-4 0  9990
2 52569  53.1597 310.6720 0001172  63.5441 296.5681 15.31714232241173
STARLINK-3901           
1 52574U 22051AQ  26263.58475021  .00026248  00000+0  27458-3 0  9994
2 52574  53.1589 301.7772 0002044  62.2945 297.8278 15.64292015241310
STARLINK-3932           
1 52576U 22051AS  26263.47640692  .00000107  00000+0  14304-4 0  9995
2 52576  53.1610 317.5711 0001250  78.5604 281.5539 15.34385493241089
STARLINK-3836           
1 52577U 22051AT  26263.39974067  .00000373  00000+0  22169-4 0  9996
2 52577  53.1603 323.8346 0001045  74.9202 285.1917 15.34390343240991
STARLINK-3833           
1 52578U 22051AU  26263.39351010  .00000055  00000+0  12773-4 0  9991
2 52578  53.1619 324.4629 0001336  86.8710 273.2445 15.34392029240985
STARLINK-3919           
1 52580U 22051AW  26263.91125970  .00000750  00000+0  35942-4 0  9991
2 52580  53.1607 331.9167 0001078  82.7121 277.4003 15.31696671240926
STARLINK-3915           
1 52581U 22051AX  26264.00002315  .00048414  00000+0  14364-2 0  9992
2 52581  53.1596 315.1229 0001194  82.0264 315.2978 15.34365515  5729
STARLINK-3895           
1 52583U 22051AZ  26263.44989880  .00000545  00000+0  26539-4 0  9994
2 52583  53.1610 316.7967 0001144  92.9481 267.1653 15.35388746241099
STARLINK-3922           
1 52584U 22051BA  26263.93053127 -.00068120  00000+0 -19961-2 0  9999
2 52584  53.1609 315.4361 0000907 102.1948 257.9157 15.34823451241159
STARLINK-3906           
1 52585U 22051BB  26263.40529414 -.00000544  00000+0 -16068-4 0  9992
2 52585  53.1617 324.3087 0001081  80.1130 279.9983 15.08831987240980
STARLINK-3910           
1 52586U 22051BC  26263.42307088  .00002400  00000+0  79622-4 0  9992
2 52586  53.1605 318.0699 0001097  78.8810 281.2317 15.35420997241076
STARLINK-3867           
1 52587U 22051BD  26263.85875075 -.00000340  00000+0  81698-6 0  9996
2 52587  53.1617 308.1858 0001213  78.4402 281.6736 15.31697952241252
STARLINK-3917           
1 52588U 22051BE  26263.38278443  .00001006  00000+0  39743-4 0  9992
2 52588  53.1612 318.6476 0001150  69.9491 290.1636 15.35402093241060
STARLINK-4019           
1 52598U 22052A   26263.88983106  .00007607  00000+0  22906-3 0  9993
2 52598  53.1593 114.3992 0001285  95.6455 264.4695 15.35359383241239
STARLINK-4024           
1 52599U 22052B   26263.95351948  .00000331  00000+0  22426-4 0  9990
2 52599  53.1580 107.2320 0001180  95.9046 264.2090 15.31700161241344
STARLINK-4026           
1 52600U 22052C   26263.32065368  .00000566  00000+0  30020-4 0  9991
2 52600  53.1592 112.6218 0001338  88.7604 271.3551 15.31702241241219
STARLINK-4027           
1 52601U 22052D   26263.15724833  .00002417  00000+0  80132-4 0  9998
2 52601  53.1613 117.1529 0001307  70.3063 289.8081 15.35415967241134
STARLINK-4012           
1 52602U 22052E   26263.15484343 -.00001763  00000+0 -39639-4 0  9999
2 52602  53.1601 117.1789 0000851 108.7136 251.3959 15.35402499241134
STARLINK-4016           
1 52603U 22052F   26263.29662111  .00000050  00000+0  13377-4 0  9993
2 52603  53.1583 109.7862 0001217  85.5610 274.5531 15.31704932241258
STARLINK-4013           
1 52604U 22052G   26263.91681654 -.00000409  00000+0 -81491-6 0  9990
2 52604  53.1611 113.4794 0001166  93.9200 266.1937 15.35395701240450
STARLINK-4000           
1 52605U 22052H   26263.28791923 -.00001083  00000+0 -20947-4 0  9998
2 52605  53.1593 116.3832 0001280  87.3414 272.7735 15.34383193240355
STARLINK-3928           
1 52606U 22052J   26263.18644390 -.00000617  00000+0 -14874-4 0  9997
2 52606  53.1610 121.7167 0001440  81.3271 278.7887 15.17583444240277
STARLINK-3947           
1 52607U 22052K   26263.89540497  .00000349  00000+0  23021-4 0  9993
2 52607  53.1592 115.9637 0001266  89.3544 270.7603 15.31703485240409
STARLINK-3979           
1 52608U 22052L   26264.00002315  .00046199  00000+0  13714-2 0  9999
2 52608  53.1595 113.7270 0001391  82.3632 113.6833 15.34368337  5788
STARLINK-3997           
1 52609U 22052M   26263.96029339  .00006564  00000+0  20553-3 0  9991
2 52609  53.1617 113.2267 0001508  85.2552 274.8623 15.34353910240462
STARLINK-3998           
1 52610U 22052N   26263.88883050 -.00000507  00000+0 -36277-5 0  9997
2 52610  53.1591 114.4709 0001155  93.1213 266.9922 15.35389311240424
STARLINK-3980           
1 52611U 22052P   26263.31921128 -.00000086  00000+0  84332-5 0  9991
2 52611  53.1592 117.3933 0001218  91.5297 268.5846 15.35391146240344
STARLINK-4002           
1 52612U 22052Q   26263.96238704  .00000089  00000+0  13771-4 0  9994
2 52612  53.1601 113.2173 0001180  92.5964 267.5174 15.34388701240465
STARLINK-3982           
1 52614U 22052S   26263.56255898  .00098657  00000+0  12206-2 0  9993
2 52614  53.2083  13.1076 0000866 219.4675 140.6276 15.59338388241841
STARLINK-4011           
1 52615U 22052T   26263.21252084  .00000715  00000+0  31408-4 0  9995
2 52615  53.1591 117.4840 0001015 101.0741 259.0376 15.35401111240326
STARLINK-3996           
1 52617U 22052V   26263.02676386  .00035628  00000+0  22261-2 0  9997
2 52617  53.1607 116.0489 0002640  98.9157 261.2134 15.09153477240327
STARLINK-3983           
1 52618U 22052W   26263.28399222 -.00001384  00000+0 -28762-4 0  9995
2 52618  53.1589 103.5470 0001176  97.7816 262.3320 15.35401357240523
STARLINK-3741           
1 52619U 22052X   26263.92133018  .00000327  00000+0  20818-4 0  9994
2 52619  53.1599  97.6724 0001044  97.6925 262.4197 15.34388198240668
STARLINK-3975           
1 52620U 22052Y   26264.00002315  .00047759  00000+0  13726-2 0  9999
2 52620  53.1612 113.7042 0001132  76.6777  29.3543 15.35372832  5897
STARLINK-3984           
1 52621U 22052Z   26262.95801733  .00000077  00000+0  13125-4 0  9990
2 52621  53.1592 105.2327 0001026 102.7037 257.4081 15.35397076240472
STARLINK-4008           
1 52622U 22052AA  26263.32604282 -.00003014  00000+0 -75510-4 0  9995
2 52622  53.1585 117.1990 0001201  76.2428 283.8709 15.35409590240348
STARLINK-3986           
1 52623U 22052AB  26263.94980063  .00000052  00000+0  12409-4 0  9993
2 52623  53.1591 100.0827 0001337  79.6545 280.4609 15.35396195240633
STARLINK-3988           
1 52625U 22052AD  26263.94245033  .00000028  00000+0  11721-4 0  9995
2 52625  53.1590 100.0745 0001231  87.1582 272.9561 15.35395591240633
STARLINK-3990           
1 52626U 22052AE  26263.95546719  .00000044  00000+0  12440-4 0  9999
2 52626  53.1602  99.3353 0000943  85.0998 275.0113 15.34389438240640
STARLINK-3992           
1 52627U 22052AF  26263.26457505 -.00001180  00000+0 -22901-4 0  9995
2 52627  53.1585 103.7756 0001384  75.2737 284.8420 15.35409943240532
STARLINK-4001           
1 52628U 22052AG  26263.96153647  .00001279  00000+0  47566-4 0  9994
2 52628  53.1587 114.0954 0001212  93.1782 266.9360 15.35400216240447
STARLINK-4022           
1 52629U 22052AH  26264.00002315  .00078784  00000+0  45869-2 0  9993
2 52629  53.1599 111.6254 0001396 312.3133 141.8797 15.11339810  5816
STARLINK-3989           
1 52630U 22052AJ  26263.00077517  .00000339  00000+0  22695-4 0  9995
2 52630  53.1582 102.1028 0001292  90.5301 269.5849 15.31698318240529
STARLINK-3794           
1 52631U 22052AK  26263.92348198  .00000090  00000+0  13801-4 0  9996
2 52631  53.1612  98.0481 0001151  95.4079 264.7055 15.34384129240677
STARLINK-3995           
1 52632U 22052AL  26263.13389445  .00000267  00000+0  34857-4 0  9990
2 52632  53.1588 115.5668 0001419  90.8991 269.2163 15.08833664240350
STARLINK-3994           
1 52633U 22052AM  26263.83965914  .00079088  00000+0  48450-2 0  9998
2 52633  53.1594 112.3837 0001545  47.5553 312.5569 15.09490218240463
STARLINK-3974           
1 52634U 22052AN  26263.25942073  .00001673  00000+0  58840-4 0  9997
2 52634  53.1591 103.8150 0001133  98.2444 261.8688 15.35403335240527
STARLINK-3978           
1 52635U 22052AP  26263.92608153  .00001336  00000+0  54812-4 0  9991
2 52635  53.1590  89.0809 0001420  84.7345 275.3818 15.31703649240793
STARLINK-3967           
1 52636U 22052AQ  26263.94306705 -.00000256  00000+0  35570-5 0  9994
2 52636  53.1600 101.0177 0001257  88.2332 271.8815 15.35392736240627
STARLINK-3961           
1 52637U 22052AR  26263.91674893  .00000741  00000+0  35638-4 0  9990
2 52637  53.1604  89.0640 0001408  86.1595 273.9567 15.31702626241591
STARLINK-3941           
1 52638U 22052AS  26263.92550605 -.00001541  00000+0 -34470-4 0  9990
2 52638  53.1590  97.4427 0001551  91.2844 268.8336 15.34393959241488
STARLINK-3968           
1 52639U 22052AT  26263.09188916  .00000992  00000+0  40503-4 0  9992
2 52639  53.1592  93.9616 0001140  86.8131 273.3002 15.34391218241459
STARLINK-3977           
1 52640U 22052AU  26263.89324782  .00001316  00000+0  48628-4 0  9992
2 52640  53.1595  90.2615 0001131  96.8093 263.3039 15.35395396240765
STARLINK-3991           
1 52641U 22052AV  26263.89344044 -.00000499  00000+0 -43300-5 0  9992
2 52641  53.1593  89.0748 0001122  93.2074 266.9056 15.31698375240797
STARLINK-3971           
1 52642U 22052AW  26263.13430918  .00000173  00000+0  15876-4 0  9999
2 52642  53.1592  93.4393 0001148  86.9845 273.1289 15.35398370240654
STARLINK-3963           
1 52643U 22052AX  26263.88878939 -.00000600  00000+0 -75607-5 0  9997
2 52643  53.1600  89.1635 0001197  90.7758 269.3380 15.31699403240786
STARLINK-3985           
1 52644U 22052AY  26263.90526045  .00000402  00000+0  22435-4 0  9997
2 52644  53.1596  90.4658 0001383  82.9483 277.1677 15.35395309240762
STARLINK-3973           
1 52645U 22052AZ  26262.23885752  .00000643  00000+0  32480-4 0  9994
2 52645  53.1594  96.6756 0001166  90.8105 269.3030 15.31704741240537
STARLINK-3832           
1 52646U 22052BA  26263.90577386 -.00000111  00000+0  79699-5 0  9996
2 52646  53.1596  89.8860 0001301  93.2974 266.8177 15.33543884240784
STARLINK-3854           
1 52648U 22052BC  26263.26504410  .00000967  00000+0  40719-4 0  9993
2 52648  53.1591  93.0340 0001298  85.2009 274.9141 15.33551703240674
STARLINK-3868           
1 52649U 22052BD  26263.93070298  .00001555  00000+0  61831-4 0  9992
2 52649  53.1591  88.8057 0001171  88.2002 271.9134 15.31718945240803
STARLINK-3891           
1 52650U 22052BE  26263.92012990 -.00006369  00000+0 -17747-3 0  9994
2 52650  53.1617  81.4307 0000854  81.0044 279.1055 15.34409010240901
STARLINK-4004           
1 52656U 22053A   26263.54114902  .00000563  00000+0  27046-4 0  9997
2 52656  53.1610 347.2211 0001230  76.1946 283.9194 15.35396514240690
STARLINK-4084           
1 52657U 22053B   26263.85363119  .00001288  00000+0  53249-4 0  9997
2 52657  53.1621 344.1391 0001382  76.0322 284.0833 15.31705620241065
STARLINK-4082           
1 52658U 22053C   26263.90440298 -.00000086  00000+0  12675-4 0  9992
2 52658  53.1621 357.1043 0001171  87.2698 272.8428 15.08829180240707
STARLINK-3960           
1 52659U 22053D   26263.50764358  .00000211  00000+0  17748-4 0  9990
2 52659  53.1617 347.6715 0001149  79.2711 280.8421 15.33549970240790
STARLINK-4081           
1 52660U 22053E   26263.51804140  .00001060  00000+0  45913-4 0  9995
2 52660  53.1603 345.7206 0001185  84.0649 276.0487 15.31703286240716
STARLINK-4044           
1 52662U 22053G   26263.91248033  .00000780  00000+0  33278-4 0  9993
2 52662  53.1625 353.8450 0001188  90.9016 269.2124 15.35395696240561
STARLINK-4037           
1 52663U 22053H   26263.91275963  .00000226  00000+0  17406-4 0  9996
2 52663  53.1607 353.8912 0001440  85.2409 274.8759 15.35395606240566
STARLINK-4070           
1 52664U 22053J   26263.88967898 -.00000181  00000+0  67083-5 0  9996
2 52664  53.1618 357.1689 0001072  89.9085 270.2029 15.08830063240515
STARLINK-4064           
1 52665U 22053K   26263.93751376  .00000613  00000+0  56594-4 0  9998
2 52665  53.1617 356.9523 0000916  99.5692 260.5403 15.08834816240525
STARLINK-4079           
1 52666U 22053L   26263.57681982  .00000523  00000+0  50967-4 0  9992
2 52666  53.1627 358.1909 0001300  75.8352 284.2784 15.08838142240472
STARLINK-4076           
1 52667U 22053M   26263.93383681 -.00000334  00000+0 -28700-5 0  9991
2 52667  53.1632 356.9727 0001334  66.2437 293.8694 15.08837119240523
STARLINK-4067           
1 52668U 22053N   26263.88623439  .00000617  00000+0  31651-4 0  9994
2 52668  53.1613 343.9930 0001179  97.6532 262.4603 15.31700015240708
STARLINK-3972           
1 52669U 22053P   26263.50972350  .00000114  00000+0  14491-4 0  9998
2 52669  53.1607 347.4953 0000580  61.6063 298.4998 15.34383750240613
STARLINK-4075           
1 52670U 22053Q   26263.74616510 -.00001285  00000+0 -62677-4 0  9990
2 52670  53.1595 357.8819 0001401  75.9301 284.1846 15.08824952240498
STARLINK-4071           
1 52671U 22053R   26263.85286675  .00004483  00000+0  29947-3 0  9991
2 52671  53.1644 357.3373 0001436  47.6725 312.4388 15.08854690240508
STARLINK-4073           
1 52672U 22053S   26263.93015594 -.00000418  00000+0 -81417-5 0  9999
2 52672  53.1596 356.9910 0001282  67.6969 292.4158 15.08837709240513
STARLINK-3976           
1 52673U 22053T   26263.49025873 -.00000702  00000+0 -92181-5 0  9998
2 52673  53.1624 348.1989 0001262  79.2963 280.8182 15.35393868240607
STARLINK-3936           
1 52674U 22053U   26264.00002315  .00078185  00000+0  26031-2 0  9999
2 52674  53.1591 322.9622 0001369  92.9399 160.6637 15.30462526  5813
STARLINK-3934           
1 52675U 22053V   26263.91274246  .00000672  00000+0  33393-4 0  9990
2 52675  53.1599 338.0037 0000945  68.6500 291.4603 15.31706197240771
STARLINK-4006           
1 52676U 22053W   26263.95332669  .00000386  00000+0  21972-4 0  9991
2 52676  53.1599 346.0671 0000627  88.7158 271.3917 15.35378107240678
STARLINK-4074           
1 52678U 22053Y   26263.85754553 -.00000002  00000+0  11703-4 0  9999
2 52678  53.1627 341.1607 0001622  57.7425 302.3734 15.31698899240723
STARLINK-4031           
1 52679U 22053Z   26264.00002315  .00048616  00000+0  16812-2 0  9996
2 52679  53.1595 344.8849 0000725 108.4329 326.6575 15.29450428  5818
STARLINK-3774           
1 52680U 22053AA  26264.00002315  .00048486  00000+0  17889-2 0  9998
2 52680  53.1590 344.8559 0001795  69.7170 302.1313 15.27327855  5818
STARLINK-4068           
1 52681U 22053AB  26263.50798300  .00001542  00000+0  61432-4 0  9996
2 52681  53.1619 342.7819 0001251  75.8010 284.3130 15.31702019240638
STARLINK-4017           
1 52682U 22053AC  26264.00002315  .00048813  00000+0  19334-2 0  9991
2 52682  53.1612 345.3751 0002263 108.4303  36.6505 15.24968232  5814
STARLINK-4014           
1 52684U 22053AE  26264.00002315  .00048565  00000+0  18134-2 0  9994
2 52684  53.1610 345.2384 0000815 110.2476 124.5153 15.26932587  5810
STARLINK-4029           
1 52685U 22053AF  26263.50264128  .00025541  00000+0  98471-3 0  9993
2 52685  53.1574 347.1096 0001888 120.6214 239.4971 15.26184049240555
STARLINK-4005           
1 52686U 22053AG  26264.00002315  .00048789  00000+0  17086-2 0  9999
2 52686  53.1605 344.8404 0001647  73.6782  65.3333 15.29037626  5815
STARLINK-3981           
1 52687U 22053AH  26264.00002315  .00050899  00000+0  16698-2 0  9993
2 52687  53.1609 344.8333 0001288  87.4040 136.3336 15.31136085  5759
STARLINK-4032           
1 52688U 22053AJ  26264.00002315  .00048790  00000+0  18419-2 0  9994
2 52688  53.1612 344.9808 0002153 108.4780 359.6809 15.26566018  5717
STARLINK-4035           
1 52690U 22053AL  26263.86681800 -.00000241  00000+0  39540-5 0  9993
2 52690  53.1607 342.2869 0001271  82.6743 277.4400 15.26513262240655
STARLINK-3993           
1 52692U 22053AN  26264.00002315  .00050790  00000+0  16641-2 0  9997
2 52692  53.1611 345.0155 0001423  77.8181  73.0672 15.31179108  5712
STARLINK-3946           
1 52693U 22053AP  26264.00002315  .00044613  00000+0  17107-2 0  9993
2 52693  53.1590 344.8611 0000776 125.1267 205.2138 15.26089315  5816
STARLINK-4072           
1 52694U 22053AQ  26263.91558648 -.00004487  00000+0 -11773-3 0  9999
2 52694  53.1573 332.9070 0001534  77.4490 282.6685 15.35418369240828
STARLINK-4041           
1 52695U 22053AR  26263.89931758  .00000118  00000+0  25519-4 0  9993
2 52695  53.1620 351.9235 0001082  82.4924 277.6190 15.08831953240566
STARLINK-4018           
1 52697U 22053AT  26263.48948968  .00001172  00000+0  44489-4 0  9999
2 52697  53.1618 347.9512 0001064  77.2168 282.8954 15.35396731240588
STARLINK-4030           
1 52698U 22053AU  26263.85641352  .00003949  00000+0  12803-3 0  9996
2 52698  53.1623 345.8645 0001167  85.0492 275.0644 15.34379159240630
STARLINK-3987           
1 52699U 22053AV  26263.47436521  .00001123  00000+0  44375-4 0  9997
2 52699  53.1604 329.5823 0001044  80.6098 279.5023 15.34396006240858
STARLINK-4034           
1 52700U 22053AW  26263.93629347  .00001010  00000+0  41021-4 0  9991
2 52700  53.1608 345.7362 0001029  66.1225 293.9885 15.34400118240651
STARLINK-4033           
1 52702U 22053AY  26263.92577755  .00001151  00000+0  45204-4 0  9990
2 52702  53.1604 345.7426 0001077  89.9317 270.1810 15.34389706240652
STARLINK-4020           
1 52703U 22053AZ  26263.45393398 -.00000220  00000+0  46116-5 0  9999
2 52703  53.1619 326.1724 0001458  85.4061 274.7109 15.35400199239620
STARLINK-3999           
1 52704U 22053BA  26263.88164766  .00000307  00000+0  19706-4 0  9991
2 52704  53.1601 325.1026 0001158  86.3983 273.7152 15.35397665240954
STARLINK-3844           
1 52705U 22053BB  26263.48923085 -.00000154  00000+0  65000-5 0  9995
2 52705  53.1602 325.6303 0001354  83.5574 276.5583 15.35397960240915
STARLINK-3970           
1 52706U 22053BC  26263.45565848 -.00001069  00000+0 -19725-4 0  9991
2 52706  53.1613 326.0911 0001277  74.3201 285.7943 15.35408585240904
STARLINK-4007           
1 52707U 22053BD  26263.42929102  .00010315  00000+0  58563-3 0  9990
2 52707  53.2170 337.2439 0001899  49.6683 310.4477 15.13484217240812
STARLINK-3962           
1 52708U 22053BE  26263.47608556  .00000487  00000+0  24861-4 0  9997
2 52708  53.1607 325.9739 0001100  80.6921 279.4206 15.35400488241119
STARLINK-4091           
1 52830U 22062A   26263.61510150  .00000342  00000+0  22777-4 0  9995
2 52830  53.1590 228.2963 0001324  91.1550 268.9603 15.31701898235351
STARLINK-4089           
1 52831U 22062B   26263.56383949  .00000132  00000+0  16024-4 0  9999
2 52831  53.1581 228.5711 0001127  62.3644 297.7472 15.31699251235343
STARLINK-4083           
1 52832U 22062C   26263.55451067 -.00000251  00000+0  36828-5 0  9994
2 52832  53.1586 228.5535 0001282  82.7874 277.3273 15.31699531235340
STARLINK-4086           
1 52833U 22062D   26263.62932285  .00021364  00000+0  83526-3 0  9991
2 52833  53.1544 231.1498 0003394  50.5723 309.5576 15.25821791235314
STARLINK-4108           
1 52834U 22062E   26263.93669670 -.00000551  00000+0 -59997-5 0  9995
2 52834  53.1585 226.7907 0001290  96.7869 263.3279 15.31700332235402
STARLINK-4080           
1 52835U 22062F   26263.54052922  .00000241  00000+0  19519-4 0  9998
2 52835  53.1588 228.6261 0001263  93.1297 266.9849 15.31701208235344
STARLINK-4043           
1 52836U 22062G   26264.00002315 -.00022840  00000+0 -72607-3 0  9999
2 52836  53.1599 206.8700 0001222  82.5547 140.1233 15.31717618  5817
STARLINK-4036           
1 52837U 22062H   26263.91600927  .00000669  00000+0  30926-4 0  9994
2 52837  53.1586 226.1072 0001250  90.1550 269.9596 15.34392202235415
STARLINK-4092           
1 52838U 22062J   26263.92737275  .00000192  00000+0  17946-4 0  9991
2 52838  53.1594 226.8419 0001252  89.1604 270.9541 15.31701811235405
STARLINK-4048           
1 52839U 22062K   26263.52188364  .00001622  00000+0  64037-4 0  9999
2 52839  53.1587 228.7066 0001244 102.4600 257.6540 15.31699262235343
STARLINK-4049           
1 52840U 22062L   26262.50848471  .00034137  00000+0  10977-2 0  9999
2 52840  53.1612 208.0263 0002309  60.5407 299.5825 15.31963402235550
STARLINK-4065           
1 52841U 22062M   26263.51882884  .00005557  00000+0  17552-3 0  9999
2 52841  53.1596 227.3908 0001401  79.6280 280.4881 15.34391739235365
STARLINK-4046           
1 52842U 22062N   26263.90758157  .00001066  00000+0  42686-4 0  9996
2 52842  53.1612 226.0192 0000890  92.5456 267.5648 15.34395545235418
STARLINK-4188           
1 52843U 22062P   26263.64307249 -.00000056  00000+0  99537-5 0  9997
2 52843  53.1600 228.2360 0001215  82.1330 277.9810 15.31704614235363
STARLINK-4208           
1 52844U 22062Q   26263.63302066  .00002821  00000+0  97006-4 0  9998
2 52844  53.1585 226.6103 0001309  65.9260 294.1880 15.33571896235384
STARLINK-4168           
1 52845U 22062R   26263.63374245 -.00000245  00000+0  38840-5 0  9998
2 52845  53.1591 228.2054 0001553  92.4776 267.6404 15.31700712235367
STARLINK-4212           
1 52846U 22062S   26263.92274354 -.00000066  00000+0  96573-5 0  9999
2 52846  53.1598 227.0946 0001491  89.2955 270.8217 15.31704252235402
STARLINK-4206           
1 52847U 22062T   26263.62443570 -.00001674  00000+0 -38462-4 0  9994
2 52847  53.1599 228.8959 0001189  87.8054 272.3085 15.34375461235358
STARLINK-4202           
1 52848U 22062U   26263.95226359  .00001925  00000+0  68150-4 0  9999
2 52848  53.1598 227.8920 0001164  96.4478 263.6657 15.34377590235391
STARLINK-4197           
1 52849U 22062V   26263.60292463 -.00000103  00000+0  79451-5 0  9996
2 52849  53.1593 217.4285 0001388  93.4778 266.6384 15.35396254235506
STARLINK-4187           
1 52850U 22062W   26263.89941797  .00000337  00000+0  22621-4 0  9994
2 52850  53.1567 227.0289 0001697  74.0795 286.0393 15.31701180235406
STARLINK-3809           
1 52851U 22062X   26263.59386061  .00001411  00000+0  52931-4 0  9990
2 52851  53.1565 213.1958 0001431  87.4027 272.7139 15.34380134235568
STARLINK-4184           
1 52852U 22062Y   26263.36112555 -.00000054  00000+0  95434-5 0  9990
2 52852  53.1596 218.0165 0001168  85.6865 274.4271 15.34394113235472
STARLINK-4204           
1 52854U 22062AA  26264.00002315 -.00022641  00000+0 -66086-3 0  9992
2 52854  53.1605 215.0335 0001324  95.2287 254.0647 15.34403980  5895
STARLINK-4209           
1 52855U 22062AB  26263.48164536  .00000175  00000+0  17407-4 0  9998
2 52855  53.1587 216.8938 0001123  92.0188 268.0942 15.31701748235501
STARLINK-4201           
1 52856U 22062AC  26263.59172336 -.00000857  00000+0 -14742-4 0  9996
2 52856  53.1594 217.5174 0001126  82.0561 278.0569 15.33549208235506
STARLINK-4199           
1 52857U 22062AD  26263.52720650  .00000452  00000+0  24519-4 0  9990
2 52857  53.1599 217.9416 0001236 105.1196 254.9943 15.34385330235490
STARLINK-4198           
1 52858U 22062AE  26263.58500987  .00001186  00000+0  47383-4 0  9995
2 52858  53.1601 217.5060 0001325  93.4047 266.7107 15.33546588235507
STARLINK-4196           
1 52859U 22062AF  26263.36248246 -.00000318  00000+0  16603-5 0  9998
2 52859  53.1598 218.3780 0001047  80.4329 279.6792 15.33550322235471
STARLINK-4191           
1 52860U 22062AG  26263.60103367  .00001312  00000+0  48514-4 0  9990
2 52860  53.1598 216.9444 0001251  91.9323 268.1823 15.35393481235518
STARLINK-4112           
1 52861U 22062AH  26263.49955521  .00000458  00000+0  26533-4 0  9992
2 52861  53.1599 213.8084 0001333  87.9620 272.1534 15.31702362235558
STARLINK-4010           
1 52862U 22062AJ  26263.56233471  .00002355  00000+0  80811-4 0  9991
2 52862  53.1598 213.3177 0001184  95.6998 264.4140 15.34399033235562
STARLINK-4270           
1 52863U 22062AK  26263.57754728  .00001013  00000+0  41115-4 0  9990
2 52863  53.1608 217.0200 0001451  90.1937 269.9232 15.34390063235514
STARLINK-4267           
1 52864U 22062AL  26263.51656320 -.00062713  00000+0 -18464-2 0  9999
2 52864  53.1690 217.2834 0002338  83.7637 276.3632 15.34634271235508
STARLINK-4274           
1 52865U 22062AM  26263.56914292  .00000807  00000+0  35040-4 0  9995
2 52865  53.1611 217.0661 0001336  89.5092 270.6064 15.34392330235518
STARLINK-4272           
1 52866U 22062AN  26263.50443369  .00000528  00000+0  27384-4 0  9994
2 52866  53.1598 217.9996 0001105  86.8823 273.2305 15.33549214235497
STARLINK-4126           
1 52867U 22062AP  26263.46987843  .00000359  00000+0  21779-4 0  9994
2 52867  53.1596 213.7281 0001471  86.8194 273.2977 15.34392651235558
STARLINK-4261           
1 52868U 22062AQ  26263.90735019  .00000293  00000+0  19299-4 0  9991
2 52868  53.1588 216.3118 0001100  91.5422 268.5707 15.35389043235554
STARLINK-4266           
1 52869U 22062AR  26263.95990190  .00000310  00000+0  20332-4 0  9990
2 52869  53.1584 203.2758 0001292  88.1818 271.9333 15.34384375235734
STARLINK-4207           
1 52871U 22062AT  26263.53496641  .00000822  00000+0  35463-4 0  9998
2 52871  53.1577 203.6082 0001357  93.3513 266.7645 15.34391401235696
STARLINK-4213           
1 52872U 22062AU  26263.22241464  .00000056  00000+0  13574-4 0  9994
2 52872  53.1586 206.5525 0001267  79.7408 280.3737 15.31705691235626
STARLINK-4211           
1 52873U 22062AV  26263.56013402  .00000471  00000+0  25080-4 0  9997
2 52873  53.1616 203.1353 0001373  99.2346 260.8812 15.34387056235709
STARLINK-4193           
1 52875U 22062AX  26263.49080866 -.00000215  00000+0  47697-5 0  9995
2 52875  53.1589 203.4560 0001478  97.9267 262.1903 15.34374724235698
STARLINK-4200           
1 52876U 22062AY  26263.56725650  .00000932  00000+0  41798-4 0  9991
2 52876  53.1593 204.5600 0001164 101.9599 258.1533 15.31702547235685
STARLINK-4214           
1 52877U 22062AZ  26263.56704494 -.00000003  00000+0  11038-4 0  9999
2 52877  53.1603 205.6060 0001152  85.3728 274.7406 15.34386395235670
STARLINK-4171           
1 52878U 22062BA  26263.48449048  .00000408  00000+0  23231-4 0  9998
2 52878  53.1592 203.4563 0001358  93.9033 266.2125 15.34386132235699
STARLINK-4139           
1 52879U 22062BB  26263.45928644  .00000251  00000+0  18569-4 0  9994
2 52879  53.1592 203.6548 0001728  87.9221 272.1979 15.34389718235694
STARLINK-4186           
1 52880U 22062BC  26263.53072701  .00000576  00000+0  28180-4 0  9999
2 52880  53.1605 203.3469 0001357  82.3301 277.7855 15.34392689235703
STARLINK-4181           
1 52882U 22062BE  26263.48178223  .00004567  00000+0  18306-3 0  9993
2 52882  53.1535 212.2677 0002105  66.0738 294.0482 15.26972689235570
STARLINK-4260           
1 52986U 22076A   26263.56795203 -.00001952  00000+0 -45070-4 0  9991
2 52986  53.1592 283.6586 0001304 102.8149 257.3000 15.35399429232473
STARLINK-4259           
1 52987U 22076B   26263.56681688 -.00002185  00000+0 -58614-4 0  9990
2 52987  53.1544 297.4493 0001512 121.6985 238.4164 15.31715256232285
STARLINK-4291           
1 52988U 22076C   26263.23292266  .00000147  00000+0  15803-4 0  9992
2 52988  53.1599 285.1663 0001199  83.4326 276.6813 15.33548543232420
STARLINK-4293           
1 52989U 22076D   26263.94549927  .00493538  11914-3  86792-3 0  9994
2 52989  53.2102 256.3142 0001970  55.3277 304.7941 16.01488998232905
STARLINK-4286           
1 52990U 22076E   26263.79954525 -.00001537  00000+0 -33162-4 0  9993
2 52990  53.1601 292.6306 0001407  90.7820 269.3344 15.35391291232376
STARLINK-4285           
1 52991U 22076F   26263.60395069  .00000002  00000+0  11210-4 0  9990
2 52991  53.1581 293.5800 0001354  83.1374 276.9783 15.34386007232340
STARLINK-4269           
1 52992U 22076G   26263.42233422 -.00000453  00000+0 -28343-5 0  9993
2 52992  53.1590 298.1321 0001035  83.5708 276.5411 15.31703993232260
STARLINK-4256           
1 52994U 22076J   26263.56597208  .00000481  00000+0  25381-4 0  9992
2 52994  53.1585 283.0592 0001062  73.3779 286.7340 15.34397748232482
STARLINK-4296           
1 52995U 22076K   26263.37300396  .00000889  00000+0  36398-4 0  9994
2 52995  53.1593 284.0652 0001220  89.2331 270.8812 15.35398183232456
STARLINK-4295           
1 52996U 22076L   26263.56185191  .00000559  00000+0  27704-4 0  9995
2 52996  53.1586 283.7733 0001478  69.9949 290.1213 15.34389350232477
STARLINK-4254           
1 52998U 22076N   26263.23188448  .00000165  00000+0  16033-4 0  9995
2 52998  53.1595 284.6408 0001165  87.5516 272.5620 15.34389381232433
STARLINK-4217           
1 52999U 22076P   26263.54074436  .00000669  00000+0  30930-4 0  9992
2 52999  53.1574 283.1793 0001369  86.2399 273.8760 15.34394422232489
STARLINK-4194           
1 53000U 22076Q   26263.55545934  .00000957  00000+0  39466-4 0  9996
2 53000  53.1591 283.1115 0001174  84.8640 275.2497 15.34386465232488
STARLINK-4190           
1 53001U 22076R   26263.57411245 -.00001659  00000+0 -36669-4 0  9990
2 53001  53.1590 283.4252 0001371  66.0357 294.0790 15.35395619232486
STARLINK-4121           
1 53002U 22076S   26263.08640599  .00001253  00000+0  46818-4 0  9998
2 53002  53.1597 285.9106 0001232  73.1870 286.9268 15.35408252232404
STARLINK-4255           
1 53003U 22076T   26263.79078848  .00000329  00000+0  20884-4 0  9997
2 53003  53.1596 282.0165 0001309  87.3011 272.8141 15.34388129232511
STARLINK-4253           
1 53004U 22076U   26263.87296026 -.00000012  00000+0  11390-4 0  9999
2 53004  53.1588 290.0836 0001339  81.7629 278.3524 15.31697026232414
STARLINK-4288           
1 53005U 22076V   26263.78667404  .00000352  00000+0  21558-4 0  9995
2 53005  53.1579 282.7365 0000944  71.2641 288.8464 15.34388260232519
STARLINK-4290           
1 53006U 22076W   26263.22893567  .00000769  00000+0  32950-4 0  9996
2 53006  53.1583 285.5638 0001378  80.0268 280.0891 15.35400575232427
STARLINK-4215           
1 53007U 22076X   26263.35491302  .00000104  00000+0  13888-4 0  9994
2 53007  53.1609 285.0880 0001295  85.1714 274.9437 15.35399002232443
STARLINK-4275           
1 53008U 22076Y   26263.55275586  .00000616  00000+0  28565-4 0  9997
2 53008  53.1582 283.4353 0001369 106.0674 254.0479 15.35402746232480
STARLINK-4277           
1 53009U 22076Z   26263.54655805  .00000439  00000+0  23482-4 0  9999
2 53009  53.1594 281.3139 0001275  75.6116 284.5028 15.35403170232504
STARLINK-4263           
1 53010U 22076AA  26263.58705889  .00000068  00000+0  13161-4 0  9994
2 53010  53.1588 283.6629 0001117  86.8848 273.2283 15.34391947232481
STARLINK-4265           
1 53011U 22076AB  26263.59483293  .00000941  00000+0  38981-4 0  9995
2 53011  53.1591 280.9485 0001078  62.2128 297.8984 15.34392666232514
STARLINK-4271           
1 53012U 22076AC  26263.57932873 -.00000399  00000+0 -10969-5 0  9993
2 53012  53.1603 291.4124 0001042  74.1383 285.9733 15.31705397232372
STARLINK-4177           
1 53013U 22076AD  26263.55345517 -.00048779  00000+0 -14290-2 0  9997
2 53013  53.1638 273.7505 0001714 110.1702 249.9486 15.34679150232611
STARLINK-4183           
1 53014U 22076AE  26263.59116022  .00000728  00000+0  31785-4 0  9999
2 53014  53.1595 278.0395 0001169  88.7528 271.3609 15.35394416232558
STARLINK-4262           
1 53015U 22076AF  26263.59297896  .00000372  00000+0  21581-4 0  9997
2 53015  53.1613 281.0921 0001489  81.5441 278.5731 15.35401937232517
STARLINK-4283           
1 53016U 22076AG  26263.55699751  .00000388  00000+0  24268-4 0  9992
2 53016  53.1582 276.5558 0001200  67.9287 292.1842 15.31698974232571
STARLINK-4281           
1 53017U 22076AH  26263.96906971  .00000305  00000+0  24551-4 0  9997
2 53017  53.1826 246.5266 0001268  84.2241 275.8903 15.26517719233053
STARLINK-4279           
1 53018U 22076AJ  26263.58861019  .00000704  00000+0  34434-4 0  9993
2 53018  53.1632 253.9765 0001343  74.6696 285.4454 15.31703781232909
STARLINK-4282           
1 53019U 22076AK  26263.23639060  .00000379  00000+0  22846-4 0  9997
2 53019  53.1598 284.6686 0001169  81.5465 278.5669 15.33550354232438
STARLINK-4287           
1 53020U 22076AL  26263.51825206  .00000238  00000+0  17726-4 0  9994
2 53020  53.1610 282.0012 0001291  86.4562 273.6588 15.35398920232491
STARLINK-4216           
1 53022U 22076AN  26263.22452008 -.00000082  00000+0  87010-5 0  9992
2 53022  53.1592 278.9212 0001302  84.0500 276.0651 15.34388131232510
STARLINK-4284           
1 53023U 22076AP  26264.00002315  .00041802  00000+0  12423-2 0  9999
2 53023  53.1576 279.0436 0001352  90.6276 209.6135 15.34378298  5724
STARLINK-4289           
1 53024U 22076AQ  26263.23229833 -.00000051  00000+0  94350-5 0  9994
2 53024  53.1602 282.6406 0001201  79.1039 281.0100 15.35398277232463
STARLINK-4218           
1 53025U 22076AR  26263.59946968 -.00003880  00000+0 -10662-3 0  9995
2 53025  53.1611 281.4468 0001231  76.6599 283.4540 15.33569989232513
STARLINK-4119           
1 53026U 22076AS  26263.55165856  .00000102  00000+0  15053-4 0  9993
2 53026  53.1571 273.9906 0001391  85.9925 274.1236 15.31697211232613
STARLINK-4158           
1 53027U 22076AT  26263.59110399  .00000382  00000+0  22449-4 0  9997
2 53027  53.1597 273.0837 0001183  86.5284 273.5854 15.34390298232639
STARLINK-4143           
1 53029U 22076AV  26263.58432156  .00000284  00000+0  19550-4 0  9996
2 53029  53.1592 269.5005 0001183  87.0474 273.0664 15.34392379232670
STARLINK-4160           
1 53030U 22076AW  26263.59740841 -.00001137  00000+0 -22543-4 0  9998
2 53030  53.1579 273.0449 0001102  88.3550 271.7579 15.34389098232639
STARLINK-4137           
1 53031U 22076AX  26263.58936119  .00001387  00000+0  50653-4 0  9991
2 53031  53.1576 269.6576 0001169  79.9635 280.1500 15.35396963232674
STARLINK-4115           
1 53032U 22076AY  26263.58479484  .00003524  00000+0  11536-3 0  9990
2 53032  53.1582 273.0053 0001501  95.3578 264.7596 15.34408026232631
STARLINK-4167           
1 53033U 22076AZ  26263.60373630  .00000887  00000+0  37398-4 0  9994
2 53033  53.1598 273.2095 0001249  85.1819 274.9326 15.34390300232618
STARLINK-4151           
1 53034U 22076BA  26263.51750798 -.00000186  00000+0  57652-5 0  9998
2 53034  53.1659 267.7471 0001391  83.8806 276.2354 15.31707729232690
STARLINK-4157           
1 53035U 22076BB  26263.31540805  .00001197  00000+0  45212-4 0  9993
2 53035  53.1601 275.7457 0001217  82.3693 277.7449 15.35402547232567
STARLINK-4155           
1 53036U 22076BC  26264.00002315  .00031639  00000+0  91438-3 0  9994
2 53036  53.1600 272.5945 0001550  85.5052  94.9235 15.35390921  5841
STARLINK-4153           
1 53037U 22076BD  26263.58681321  .00002590  00000+0  85122-4 0  9995
2 53037  53.1592 273.9717 0001048  72.2550 287.8567 15.35403355232616
STARLINK-4156           
1 53038U 22076BE  26263.57222245  .00007760  00000+0  24068-3 0  9996
2 53038  53.1589 273.2159 0001775 110.1109 250.0085 15.34383817232622
STARLINK-4362           
1 53043U 22077A   26263.48039551  .00000161  00000+0  73134-5 0  9997
2 53043  97.2850  78.2843 0001343  89.8947 270.2450 15.33436063230296
STARLINK-4350           
1 53045U 22077C   26263.92234788  .00000215  00000+0  89882-5 0  9994
2 53045  97.2852  79.6620 0001603  87.9454 272.1972 15.33437455230420
STARLINK-4331           
1 53046U 22077D   26263.94412143 -.00000619  00000+0 -16865-4 0  9990
2 53046  97.2833  79.6397 0002217  96.5112 263.6383 15.33423347230426
STARLINK-4352           
1 53047U 22077E   26263.91542944  .00000942  00000+0  31519-4 0  9991
2 53047  97.2844  78.7468 0001474  93.0101 267.1310 15.33439485230364
STARLINK-4355           
1 53048U 22077F   26263.46283923  .00000678  00000+0  23341-4 0  9991
2 53048  97.2857  79.2136 0001272  93.7563 266.3825 15.33438548230341
STARLINK-4345           
1 53049U 22077G   26263.47767808  .00000987  00000+0  32916-4 0  9993
2 53049  97.2845  78.2593 0001688  89.0237 271.1199 15.33438265230289
STARLINK-4343           
1 53050U 22077H   26263.91147096  .00000360  00000+0  13471-4 0  9995
2 53050  97.2852  79.6668 0001360  88.0253 272.1145 15.33437432230413
STARLINK-4336           
1 53051U 22077J   26263.43961162  .00000315  00000+0  12097-4 0  9994
2 53051  97.2847  78.3024 0001407  92.8386 267.3018 15.33433611230287
STARLINK-4341           
1 53052U 22077K   26263.47495787  .00000252  00000+0  10146-4 0  9997
2 53052  97.2843  78.2692 0001536  88.8091 271.3327 15.33437733230282
STARLINK-4337           
1 53053U 22077L   26263.95621527  .00001864  00000+0  60058-4 0  9991
2 53053  97.2862  78.8165 0001327  92.2117 267.9277 15.33439093230366
STARLINK-4339           
1 53054U 22077M   26263.54712906  .00000042  00000+0  36188-5 0  9994
2 53054  97.2855  79.2448 0000977 101.8500 258.2852 15.33436412230354
STARLINK-4338           
1 53055U 22077N   26263.95498167  .00000289  00000+0  11283-4 0  9991
2 53055  97.2853  79.5882 0001882  85.1654 274.9804 15.33433519230412
STARLINK-4314           
1 53056U 22077P   26263.96041146  .00000912  00000+0  30599-4 0  9998
2 53056  97.2850  79.7380 0001484  87.7780 272.3632 15.33429864230421
STARLINK-4252           
1 53057U 22077Q   26263.44924703 -.00001104  00000+0 -31897-4 0  9999
2 53057  97.2847  79.1900 0001468  92.0464 268.0946 15.33434489230340
STARLINK-4317           
1 53058U 22077R   26263.92086934  .00000702  00000+0  24064-4 0  9997
2 53058  97.2854  78.7133 0001527  88.0036 272.1382 15.33435766230369
STARLINK-4320           
1 53059U 22077S   26263.49399024  .00000433  00000+0  15741-4 0  9990
2 53059  97.2848  78.3502 0001325  89.8700 270.2694 15.33437948230293
STARLINK-4305           
1 53060U 22077T   26263.44504810  .00000854  00000+0  28786-4 0  9998
2 53060  97.2849  78.2802 0001544  89.6371 270.5048 15.33438410230283
STARLINK-4308           
1 53061U 22077U   26263.49671078  .00000366  00000+0  13664-4 0  9992
2 53061  97.2857  78.3424 0001496  88.1796 271.9618 15.33437362230299
STARLINK-4311           
1 53062U 22077V   26263.91270219 -.00022288  00000+0 -68811-3 0  9994
2 53062  97.2843  78.7092 0000905  96.4743 263.6602 15.33536321230351
STARLINK-4307           
1 53063U 22077W   26263.95774248 -.00035451  00000+0 -10943-2 0  9998
2 53063  97.2860  79.6326 0000477 197.2825 162.8402 15.33637102102003
STARLINK-4313           
1 53064U 22077X   26263.92506785  .00001483  00000+0  48260-4 0  9996
2 53064  97.2850  79.6125 0001512 100.3945 259.7468 15.33433030230418
STARLINK-4312           
1 53065U 22077Y   26263.90727389  .00001111  00000+0  36737-4 0  9994
2 53065  97.2855  78.7039 0001622  88.2952 271.8477 15.33438536230356
STARLINK-4309           
1 53066U 22077Z   26263.92358609  .00002785  00000+0  88563-4 0  9994
2 53066  97.2850  78.6841 0001587  91.4946 268.6479 15.33439853230350
STARLINK-4325           
1 53068U 22077AB  26263.92778472  .00000308  00000+0  11883-4 0  9990
2 53068  97.2856  79.5915 0001496  90.2005 269.9409 15.33436701230415
STARLINK-4323           
1 53069U 22077AC  26263.48855494  .00001175  00000+0  38728-4 0  9992
2 53069  97.2830  78.3332 0002060  92.0702 268.0777 15.33438871230294
STARLINK-4342           
1 53070U 22077AD  26263.74017705 -.00003478  00000+0 -10547-3 0  9996
2 53070  97.2844  79.3891 0001100  38.9809 321.1513 15.33439042230383
STARLINK-4328           
1 53071U 22077AE  26263.49276561  .00000269  00000+0  10678-4 0  9995
2 53071  97.2837  79.2458 0002259  83.2170 276.9329 15.33428343230355
STARLINK-4344           
1 53072U 22077AF  26263.91690634  .00000954  00000+0  31884-4 0  9997
2 53072  97.2852  79.5946 0001637  94.4471 265.6959 15.33437047230417
STARLINK-4346           
1 53073U 22077AG  26263.49685034  .00010563  00000+0  42707-3 0  9991
2 53073  97.6334  94.7371 0005131 264.9821  95.0830 15.24913355230946
STARLINK-4348           
1 53075U 22077AJ  26263.95893599  .00000815  00000+0  27581-4 0  9994
2 53075  97.2845  78.7473 0001519  88.1134 272.0283 15.33438805230362
STARLINK-4347           
1 53076U 22077AK  26263.91816321 -.00000897  00000+0 -25485-4 0  9992
2 53076  97.2865  78.6575 0001413  96.1855 263.9549 15.33427221230352
STARLINK-4322           
1 53078U 22077AM  26263.44776835 -.00007289  00000+0 -22361-3 0  9998
2 53078  97.2844  78.2230 0001375  84.0419 276.0981 15.33452135230283
STARLINK-4327           
1 53079U 22077AN  26263.45196310  .00000704  00000+0  24139-4 0  9993
2 53079  97.2854  79.1240 0001506  89.0463 271.0952 15.33439518230346
STARLINK-4330           
1 53080U 22077AP  26263.44381035  .00000154  00000+0  71017-5 0  9991
2 53080  97.2847  79.1679 0001351  97.0836 263.0560 15.33439868230341
STARLINK-4326           
1 53081U 22077AQ  26263.92904119 -.00001660  00000+0 -49124-4 0  9997
2 53081  97.2829  78.7671 0001580  84.8300 275.3123 15.33421869230368
STARLINK-4321           
1 53082U 22077AR  26263.49127093  .00001542  00000+0  50112-4 0  9994
2 53082  97.2851  78.2936 0001559  98.9784 261.1635 15.33430068230295
STARLINK-4251           
1 53083U 22077AS  26263.44653113 -.00000125  00000+0 -15472-5 0  9996
2 53083  97.2848  79.0956 0001650  97.4272 262.7158 15.33434947230344
STARLINK-4319           
1 53084U 22077AT  26263.94138098  .00000553  00000+0  19450-4 0  9994
2 53084  97.2856  79.6665 0001646  86.9175 273.2256 15.33436288230422
STARLINK-4324           
1 53085U 22077AU  26263.45740124  .00000859  00000+0  28946-4 0  9999
2 53085  97.2858  79.0988 0001476  88.9601 271.1811 15.33438004230347
STARLINK-4318           
1 53086U 22077AV  26263.45320648  .00000091  00000+0  51622-5 0  9991
2 53086  97.2846  78.1886 0002004 104.8214 255.3251 15.33436929230287
STARLINK-4333           
1 53088U 22077AX  26263.44233099 -.00000318  00000+0 -75177-5 0  9990
2 53088  97.2843  78.1914 0001601  83.8900 276.2525 15.33442956230281
STARLINK-4150           
1 53134U 22083C   26263.94428613  .00001005  00000+0  40889-4 0  9995
2 53134  53.1622   3.5350 0001200  80.6988 279.4151 15.34391512230889
STARLINK-4023           
1 53135U 22083D   26263.87437174 -.00000536  00000+0 -47494-5 0  9990
2 53135  53.1614   1.6234 0001033  76.1447 283.9670 15.34384616231890
STARLINK-4152           
1 53136U 22083E   26264.00002315 -.00017360  00000+0 -50381-3 0  9992
2 53136  53.1605   3.3014 0001218  85.1341 188.1781 15.34401305  5831
STARLINK-4145           
1 53137U 22083F   26263.92725656  .00000031  00000+0  11797-4 0  9997
2 53137  53.1615   4.1733 0001181  98.1590 261.9547 15.35397236230871
STARLINK-4141           
1 53138U 22083G   26263.76483228  .00000217  00000+0  18753-4 0  9991
2 53138  53.1614   2.6006 0001114  83.6112 276.5017 15.31704235231650
STARLINK-4185           
1 53139U 22083H   26263.75987463  .00000534  00000+0  26928-4 0  9996
2 53139  53.1610   8.1793 0001238  91.8316 268.2829 15.34395357230804
STARLINK-4170           
1 53140U 22083J   26263.91713267  .00000791  00000+0  33589-4 0  9991
2 53140  53.1624   4.1857 0000955 105.7356 254.3752 15.35398996230873
STARLINK-4103           
1 53141U 22083K   26263.84917272  .00000169  00000+0  16122-4 0  9999
2 53141  53.1613   1.8634 0001002  83.1753 276.9363 15.34390454230905
STARLINK-4101           
1 53142U 22083L   26263.84714424 -.00000045  00000+0  98227-5 0  9995
2 53142  53.1639   2.4391 0001441  55.2488 304.8651 15.34391086230906
STARLINK-4102           
1 53143U 22083M   26264.00002315  .00052812  00000+0  12000-2 0  9994
2 53143  53.1604   7.3872 0001307  94.7796  94.8527 15.42525456  5826
STARLINK-4100           
1 53144U 22083N   26263.84136179 -.00000239  00000+0  40626-5 0  9997
2 53144  53.1626   2.4470 0000879  62.5246 297.5845 15.33553957230896
STARLINK-4106           
1 53145U 22083P   26263.89607881  .00000459  00000+0  26542-4 0  9999
2 53145  53.1611   5.0824 0001038  72.5039 287.6076 15.31703015230865
STARLINK-4094           
1 53147U 22083R   26263.89118348  .00000111  00000+0  14426-4 0  9999
2 53147  53.1615   1.5702 0000817  92.2716 267.8380 15.34388596231564
STARLINK-4021           
1 53149U 22083T   26263.90217610 -.00000054  00000+0  95323-5 0  9998
2 53149  53.1626 353.6594 0001348  77.3348 282.7806 15.34385318231022
STARLINK-4040           
1 53151U 22083V   26263.91669452 -.00000124  00000+0  73524-5 0  9994
2 53151  53.1618 354.8420 0001249  81.7270 278.3874 15.35397051231002
STARLINK-4045           
1 53152U 22083W   26264.06910029  .00750639  34680-3  56361-3 0  9996
2 53152  53.2092 309.8579 0002855  36.4739 323.6492 16.14760443231654
STARLINK-4098           
1 53153U 22083X   26263.94371188  .00001741  00000+0  62678-4 0  9997
2 53153  53.1617   1.3644 0001192  76.4907 283.6228 15.34390117230916
STARLINK-4077           
1 53154U 22083Y   26263.93660159 -.00000229  00000+0  43567-5 0  9994
2 53154  53.1611 359.8359 0001323  93.2768 266.8386 15.35396506230932
STARLINK-4088           
1 53155U 22083Z   26263.54239218 -.00000015  00000+0  10710-4 0  9996
2 53155  53.1627   3.2061 0001387  86.8737 273.2425 15.34387244231490
STARLINK-4087           
1 53156U 22083AA  26263.54028524  .00000289  00000+0  19694-4 0  9995
2 53156  53.1593   3.1836 0001426  82.1353 277.9811 15.34388441230858
STARLINK-4054           
1 53158U 22083AC  26263.91731998 -.00000033  00000+0  99496-5 0  9991
2 53158  53.1603 354.2206 0000985  98.1460 261.9655 15.35401090231013
STARLINK-4111           
1 53159U 22083AD  26263.75491396 -.00016564  00000+0 -46696-3 0  9998
2 53159  53.1646   2.5522 0000650  17.7632 342.3394 15.35270277230881
STARLINK-4096           
1 53160U 22083AE  26263.92690144  .00000454  00000+0  24600-4 0  9992
2 53160  53.1608   1.3789 0001600  97.1394 262.9790 15.34389690230916
STARLINK-4055           
1 53161U 22083AF  26263.72051466 -.00003090  00000+0 -77699-4 0  9996
2 53161  53.1597 355.4390 0001804  85.8674 274.2535 15.35393534230989
STARLINK-4114           
1 53162U 22083AG  26263.92181259  .00000052  00000+0  13443-4 0  9993
2 53162  53.1603 355.8200 0001304  67.6850 292.4289 15.31698408230994
STARLINK-4104           
1 53163U 22083AH  26263.92064530  .00000221  00000+0  17676-4 0  9996
2 53163  53.1630   1.6435 0001297  82.4340 277.6810 15.34380975230918
STARLINK-4116           
1 53164U 22083AJ  26263.84130391 -.00002541  00000+0 -64084-4 0  9991
2 53164  53.1603   3.8549 0001817  73.6648 286.4554 15.34399164230878
STARLINK-4090           
1 53165U 22083AK  26263.85693029 -.00000570  00000+0 -54463-5 0  9996
2 53165  53.1610   1.9987 0001039  89.1851 270.9271 15.35396697230903
STARLINK-4110           
1 53166U 22083AL  26264.00002315  .00082765  00000+0  21993-2 0  9990
2 53166  53.1606 331.3370 0001578  88.1010  26.9140 15.37563284  5712
STARLINK-3683           
1 53167U 22083AM  26263.84089007  .00000167  00000+0  15695-4 0  9995
2 53167  53.1628 346.7047 0001108  77.8391 282.2736 15.35397755231102
STARLINK-4105           
1 53168U 22083AN  26263.92307640 -.00001294  00000+0 -28021-4 0  9992
2 53168  53.1603   1.6715 0001045  82.0396 278.0725 15.33544943230918
STARLINK-4117           
1 53169U 22083AP  26263.87152027 -.00000231  00000+0  43268-5 0  9994
2 53169  53.1610 341.0895 0000953  82.0718 278.0391 15.31696654231186
STARLINK-4095           
1 53170U 22083AQ  26264.00002315  .00021358  00000+0  83575-3 0  9991
2 53170  53.1591   0.8339 0001484  61.3243  18.2748 15.25795161  5817
STARLINK-4052           
1 53171U 22083AR  26263.45270300 -.00000524  00000+0 -41334-5 0  9994
2 53171  53.1660 326.4200 0000932  63.5905 296.5194 15.35401321231354
STARLINK-4299           
1 53172U 22083AS  26263.51962168 -.00000061  00000+0  97920-5 0  9999
2 53172  53.1621 352.5089 0001275  77.0395 283.0749 15.31702463230994
STARLINK-4300           
1 53173U 22083AT  26263.84646329  .00000749  00000+0  32408-4 0  9995
2 53173  53.1603 330.1388 0001117  76.9207 283.1921 15.35379120231330
STARLINK-4205           
1 53174U 22083AU  26263.54579077  .00000147  00000+0  16501-4 0  9996
2 53174  53.1609   3.7278 0001299  76.1485 283.9661 15.31701344230846
STARLINK-4292           
1 53175U 22083AV  26263.59178668  .00002199  00000+0  76219-4 0  9994
2 53175  53.1605   8.9483 0001055  85.4744 274.6379 15.34392587230772
STARLINK-4294           
1 53176U 22083AW  26263.91346607 -.00000680  00000+0 -10151-4 0  9999
2 53176  53.1608 340.8816 0001145  80.2825 279.8306 15.31703823231197
STARLINK-4298           
1 53177U 22083AX  26264.00002315  .00039724  00000+0  11816-2 0  9992
2 53177  53.1598 329.7280 0000908  91.9932 278.1562 15.34373794  5896
STARLINK-4280           
1 53178U 22083AY  26264.00002315  .00016622  00000+0  78222-3 0  9990
2 53178  53.1604   6.2714 0001788  84.0862 348.4041 15.19688186  5818
STARLINK-4276           
1 53179U 22083AZ  26263.43016600  .00000221  00000+0  17690-4 0  9990
2 53179  53.1601 317.7104 0001105  77.5487 282.5639 15.34391293231473
STARLINK-4258           
1 53180U 22083BA  26263.85624127 -.00000530  00000+0 -47758-5 0  9991
2 53180  53.1602 316.1004 0001167  87.2457 272.8679 15.33542846231535
STARLINK-4278           
1 53182U 22083BC  26263.87778753  .00000970  00000+0  39844-4 0  9992
2 53182  53.1607 327.6364 0001101  82.1225 277.9903 15.34395514231370
STARLINK-4268           
1 53183U 22083BD  26263.85882259  .00000711  00000+0  31273-4 0  9999
2 53183  53.1604 320.1654 0001122  83.7311 276.3820 15.35403404231475
STARLINK-4257           
1 53184U 22083BE  26263.43216882 -.00000122  00000+0  78375-5 0  9999
2 53184  53.1622 319.1604 0001406  82.5743 277.5418 15.31702735231460
STARLINK-4391           
1 53189U 22084A   26263.86524918  .00000321  00000+0  12262-4 0  9996
2 53189  97.2838 319.6066 0001400  93.0957 267.0446 15.33437273229486
STARLINK-4332           
1 53190U 22084B   26262.38341454 -.00000848  00000+0 -23948-4 0  9995
2 53190  97.2817 318.1736 0000958  85.0025 275.1328 15.33422974229253
STARLINK-4369           
1 53191U 22084C   26263.13862172  .00000329  00000+0  11387-4 0  9991
2 53191  97.4750 327.2275 0000688 130.0086 230.1219 15.36966848228951
STARLINK-4375           
1 53192U 22084D   26263.90332581  .00004929  00000+0  15487-3 0  9997
2 53192  97.2847 319.5460 0001227  83.4360 276.7022 15.33452102229479
STARLINK-4351           
1 53193U 22084E   26263.41244046  .00005214  00000+0  16387-3 0  9990
2 53193  97.2838 318.2289 0001471 106.5646 253.5758 15.33417478229690
STARLINK-4382           
1 53194U 22084F   26263.28338867  .00000668  00000+0  23015-4 0  9996
2 53194  97.2838 319.0145 0001535  92.4471 267.6947 15.33438637228719
STARLINK-4403           
1 53197U 22084J   26263.41785794  .00001888  00000+0  60806-4 0  9993
2 53197  97.2836 318.1988 0000983 106.0101 254.1250 15.33432669228675
STARLINK-4385           
1 53198U 22084K   26263.30093796  .00001581  00000+0  51294-4 0  9997
2 53198  97.2839 318.0634 0002420 128.8346 231.3113 15.33440915229317
STARLINK-4395           
1 53199U 22084L   26263.90060598 -.00000127  00000+0 -16013-5 0  9996
2 53199  97.2840 319.5295 0001754  89.0228 271.1215 15.33432807228804
STARLINK-4417           
1 53200U 22084M   26263.38942707  .00000334  00000+0  12668-4 0  9991
2 53200  97.2839 319.1560 0001662  88.8282 271.3151 15.33438378229396
STARLINK-4405           
1 53201U 22084N   26264.00002315  .00823979  00000+0  15299-1 0  9992
2 53201  97.4975 329.7106 0001508  77.4638  50.7642 15.46688316  5839
STARLINK-4411           
1 53202U 22084P   26263.00003472  .00054849  00000+0  16908-2 0  9998
2 53202  97.2845 318.6487 0001394  86.5998   0.3255 15.33410167  5818
STARLINK-4409           
1 53203U 22084Q   26263.90603326  .00000445  00000+0  16111-4 0  9993
2 53203  97.2842 319.6547 0001326  90.4340 269.7054 15.33439256228819
STARLINK-4410           
1 53204U 22084R   26263.42856446  .00000169  00000+0  69358-5 0  9999
2 53204  97.4719 327.2627 0001316 125.3109 234.8258 15.36963104229647
STARLINK-4397           
1 53205U 22084S   26263.45740053  .00000971  00000+0  32395-4 0  9990
2 53205  97.2838 319.1890 0001501  98.5318 261.6095 15.33440537228743
STARLINK-4408           
1 53206U 22084T   26263.85887679  .00651527  20452-3  10440-2 0  9992
2 53206  97.2721 323.7738 0002070  40.3839 319.7595 16.03655450229080
STARLINK-4413           
1 53207U 22084U   26263.58371569  .00001723  00000+0  55684-4 0  9990
2 53207  97.2844 318.3891 0001372  85.9341 274.2058 15.33441022228701
STARLINK-4425           
1 53208U 22084V   26264.00002315  .01052201  00000+0  19940-1 0  9999
2 53208  97.2807 318.8396 0001572  67.6809   1.6831 15.45894784  5775
STARLINK-4423           
1 53209U 22084W   26263.92902698  .00001206  00000+0  39691-4 0  9999
2 53209  97.2847 318.6911 0001037 111.8601 248.2752 15.33436669228756
STARLINK-4427           
1 53210U 22084X   26263.59187201  .00001304  00000+0  42724-4 0  9999
2 53210  97.2839 318.3949 0001212  95.1139 265.0242 15.33438738229247
STARLINK-4416           
1 53212U 22084Z   26263.88700080  .00000228  00000+0  93782-5 0  9994
2 53212  97.2823 319.6647 0001360  82.5404 277.5993 15.33436830228803
STARLINK-4414           
1 53213U 22084AA  26263.87737052  .00001334  00000+0  43646-4 0  9995
2 53213  97.2841 318.7343 0001748  90.3376 269.8067 15.33441653229279
STARLINK-4353           
1 53214U 22084AB  26263.87192960  .00004400  00000+0  13866-3 0  9996
2 53214  97.2842 318.6095 0001733  99.1031 261.0408 15.33413903228744
STARLINK-4335           
1 53215U 22084AC  26263.59606951  .00000622  00000+0  21606-4 0  9990
2 53215  97.2844 319.2701 0001332  92.7360 267.4035 15.33437877229289
STARLINK-4376           
1 53216U 22084AD  26263.89911506  .00000826  00000+0  27924-4 0  9994
2 53216  97.2848 318.7155 0001105  93.2196 266.9173 15.33440248228756
STARLINK-4384           
1 53218U 22084AF  26264.00002315  .00056721  00000+0  17482-2 0  9990
2 53218  97.2847 319.6780 0001669  85.2568  13.3454 15.33407212  5461
STARLINK-4373           
1 53219U 22084AG  26263.60152703  .00013023  00000+0  40586-3 0  9993
2 53219  97.2846 319.2456 0001660  81.7144 278.4287 15.33378693228767
STARLINK-4363           
1 53220U 22084AH  26263.37979330  .00000700  00000+0  24023-4 0  9999
2 53220  97.2851 318.1800 0001444  97.2676 262.8731 15.33437141229191
STARLINK-4377           
1 53221U 22084AJ  26263.40971774  .00001959  00000+0  63006-4 0  9999
2 53221  97.2840 318.2746 0001149 102.8431 257.2941 15.33439184228687
STARLINK-4356           
1 53224U 22084AM  26263.90727490  .00000212  00000+0  88977-5 0  9997
2 53224  97.2841 318.6807 0000912 103.5093 256.6252 15.33436618228757
STARLINK-4358           
1 53225U 22084AN  26263.87612389  .00000865  00000+0  29120-4 0  9992
2 53225  97.2843 319.6171 0001398  88.3587 271.7816 15.33438573228815
STARLINK-4359           
1 53226U 22084AP  26263.89096659  .00001904  00000+0  61294-4 0  9994
2 53226  97.2837 318.6889 0001741  84.1001 276.0440 15.33447222228756
STARLINK-4366           
1 53227U 22084AQ  26262.92992444  .00000346  00000+0  13051-4 0  9992
2 53227  97.2848 318.5856 0001474  93.7282 266.4129 15.33444042228666
STARLINK-4365           
1 53228U 22084AR  26263.88008313 -.00000129  00000+0 -16815-5 0  9995
2 53228  97.2837 318.7025 0000971 100.4232 259.7120 15.33437610228756
STARLINK-4367           
1 53229U 22084AS  26264.00002315  .00090459  00000+0  29015-2 0  9993
2 53229  97.2844 319.7605 0001078 109.8354 311.0240 15.31971698  5820
STARLINK-4364           
1 53230U 22084AT  26263.89244491 -.00000015  00000+0  18556-5 0  9995
2 53230  97.2835 319.5946 0001266  97.1775 262.9611 15.33432763228812
STARLINK-4370           
1 53231U 22084AU  26263.42477252  .00000897  00000+0  30099-4 0  9990
2 53231  97.2845 319.1449 0001136  95.7361 264.4011 15.33437895228743
STARLINK-4371           
1 53232U 22084AV  26262.39552740  .00000708  00000+0  24276-4 0  9993
2 53232  97.2833 317.1807 0001407  94.8045 265.3358 15.33435044228521
STARLINK-4372           
1 53233U 22084AW  26263.58643565  .00000801  00000+0  27136-4 0  9994
2 53233  97.2842 318.3095 0001457  92.1064 268.0346 15.33438132228709
STARLINK-4368           
1 53234U 22084AX  26263.94248766 -.00007135  00000+0 -19526-3 0  9991
2 53234  97.4710 328.6304 0001340 100.5260 259.6135 15.37005390230138
STARLINK-4056           
1 53242U 22086A   26263.60152551 -.00004354  00000+0 -11797-3 0  9993
2 53242  53.1610  35.2510 0001175 120.1909 239.9210 15.34356119230858
STARLINK-4047           
1 53243U 22086B   26263.64609523 -.00000103  00000+0  79459-5 0  9992
2 53243  53.1611  35.6113 0001295  80.0857 280.0292 15.35417812230870
STARLINK-4125           
1 53244U 22086C   26263.94539394  .00000079  00000+0  14299-4 0  9995
2 53244  53.1607  34.7484 0001215  72.8237 287.2898 15.31699790230896
STARLINK-4131           
1 53246U 22086E   26263.36280506 -.00000313  00000+0  16763-5 0  9992
2 53246  53.1590  37.4713 0001228  82.6416 277.4725 15.31695916229698
STARLINK-4061           
1 53247U 22086F   26263.87522874  .00000566  00000+0  27135-4 0  9999
2 53247  53.1626  34.1584 0001182  72.0710 288.0422 15.35395140230894
STARLINK-4135           
1 53248U 22086G   26263.54849984  .00000092  00000+0  14746-4 0  9996
2 53248  53.1609  33.6109 0001188  81.1146 278.9990 15.31696372230876
STARLINK-4128           
1 53249U 22086H   26263.60222231  .00003038  00000+0  10954-3 0  9993
2 53249  53.1625  24.5977 0001179 104.1942 255.9191 15.31724225230706
STARLINK-4059           
1 53250U 22086J   26263.56986817 -.00007133  00000+0 -20009-3 0  9991
2 53250  53.1601  25.0456 0000764 122.8585 237.2491 15.34415126230682
STARLINK-4129           
1 53251U 22086K   26263.49210221 -.00000176  00000+0  59320-5 0  9992
2 53251  53.1609  25.4106 0001052  65.6628 294.4485 15.34388242230664
STARLINK-4132           
1 53252U 22086L   26263.94249058  .00000495  00000+0  27719-4 0  9992
2 53252  53.1614  23.1498 0001198  74.3360 285.7774 15.31705107230755
STARLINK-4133           
1 53253U 22086M   26263.61788635 -.00003862  00000+0 -10613-3 0  9993
2 53253  53.1585  24.8087 0001250  73.0941 287.0198 15.33555428230683
STARLINK-4134           
1 53254U 22086N   26263.82346858  .00001405  00000+0  57034-4 0  9992
2 53254  53.1612  32.2972 0001025  74.6693 285.4422 15.31704020230619
STARLINK-4142           
1 53255U 22086P   26263.58017841  .00001300  00000+0  62163-4 0  9996
2 53255  53.1592  34.4835 0001291  84.8208 275.2939 15.26520557230546
STARLINK-4147           
1 53256U 22086Q   26264.00002315 -.00027994  00000+0 -84276-3 0  9992
2 53256  53.1590  34.9340 0001268  72.0893 265.0056 15.33557296  5819
STARLINK-4144           
1 53257U 22086R   26263.93067626 -.00003861  00000+0 -11270-3 0  9991
2 53257  53.1615  31.8207 0001159 110.4900 249.6226 15.31705658230611
STARLINK-4127           
1 53258U 22086S   26263.93533496  .00010756  00000+0  35781-3 0  9997
2 53258  53.1574  31.7749 0001488  42.7300 317.3817 15.31705992230612
STARLINK-4140           
1 53259U 22086T   26263.92601242  .00000762  00000+0  36293-4 0  9998
2 53259  53.1624  31.8195 0000982  86.7333 273.3780 15.31706197230615
STARLINK-4062           
1 53261U 22086V   26263.92074868  .00000940  00000+0  38967-4 0  9997
2 53261  53.1613  23.4478 0001110  82.4378 277.6751 15.34397558230731
STARLINK-4085           
1 53262U 22086W   26263.58204073  .00001031  00000+0  42678-4 0  9999
2 53262  53.1623  25.5199 0000983  79.4236 280.6877 15.33552395230679
STARLINK-4130           
1 53263U 22086X   26263.91233524 -.00000019  00000+0  10574-4 0  9996
2 53263  53.1610  23.4546 0001017  89.6655 270.4464 15.34388815230737
STARLINK-3950           
1 53264U 22086Y   26263.59303933 -.00000123  00000+0  74884-5 0  9994
2 53264  53.1614  25.6209 0000746  64.0288 296.0791 15.34388001230676
STARLINK-4097           
1 53265U 22086Z   26263.60496385 -.00000260  00000+0  34395-5 0  9996
2 53265  53.1616  25.8540 0001156  81.1578 278.9556 15.35395754230679
STARLINK-4058           
1 53266U 22086AA  26263.90018754 -.00000237  00000+0  41278-5 0  9992
2 53266  53.1618  24.1075 0000966  96.2584 263.8528 15.33545694230725
STARLINK-4060           
1 53267U 22086AB  26263.96487038 -.00004794  00000+0 -13086-3 0  9991
2 53267  53.1624  23.2110 0001295  64.0521 296.0615 15.34393612230742
STARLINK-4109           
1 53268U 22086AC  26263.58877530  .00000842  00000+0  36070-4 0  9997
2 53268  53.1619  25.1145 0001376  63.9848 296.1296 15.34387969230683
STARLINK-4122           
1 53272U 22086AG  26263.58028382 -.00000051  00000+0  96143-5 0  9996
2 53272  53.1605  12.9947 0001201  84.5921 275.5219 15.34389905230841
STARLINK-4051           
1 53273U 22086AH  26263.88714577  .00000209  00000+0  17336-4 0  9998
2 53273  53.1609  12.2650 0001396  98.2876 261.8284 15.34381659230877
STARLINK-4050           
1 53274U 22086AJ  26263.89479410  .00001627  00000+0  60795-4 0  9996
2 53274  53.1610  12.1910 0001138  74.0503 286.0625 15.33544181230880
STARLINK-4179           
1 53275U 22086AK  26264.00002315 -.00026335  00000+0 -77100-3 0  9999
2 53275  53.1594  11.7198 0001457  89.2033 198.0161 15.34399649  5880
STARLINK-4174           
1 53276U 22086AL  26263.82611788 -.00000255  00000+0  35915-5 0  9991
2 53276  53.1599  11.8485 0001434 101.3687 258.7477 15.34387945230871
STARLINK-4178           
1 53277U 22086AM  26263.82342815  .00015580  00000+0  51435-3 0  9993
2 53277  53.1613  14.8528 0001564 115.8634 244.2529 15.31601556230834
STARLINK-4180           
1 53278U 22086AN  26263.59067920  .00000988  00000+0  43604-4 0  9995
2 53278  53.1601  15.4494 0001150  86.4625 273.6508 15.31702765230809
STARLINK-4169           
1 53280U 22086AQ  26263.42016534  .00007359  00000+0  15419-3 0  9996
2 53280  53.1632 331.3245 0001616  72.9848 287.1337 15.46537184231419
STARLINK-4164           
1 53282U 22086AS  26263.92793234  .00015475  00000+0  48216-3 0  9991
2 53282  53.1614  11.9640 0000797 132.8568 227.2502 15.33463596230885
STARLINK-4175           
1 53283U 22086AT  26263.92109715 -.00002040  00000+0 -47579-4 0  9995
2 53283  53.1633  12.0400 0001770  98.5312 261.5892 15.35397720230880
STARLINK-4173           
1 53285U 22086AV  26263.91671580 -.00032151  00000+0 -92215-3 0  9992
2 53285  53.1622  11.4254 0001337  90.7373 269.3783 15.35147324230888
STARLINK-4165           
1 53286U 22086AW  26263.89364658  .00002785  00000+0  10146-3 0  9996
2 53286  53.1610  14.0287 0001330  77.7344 282.3807 15.31703750230842
STARLINK-4107           
1 53287U 22086AX  26263.90797942  .00055563  00000+0  16626-2 0  9995
2 53287  53.1606  12.1564 0001114  84.1472 275.9657 15.34034577230870
STARLINK-4162           
1 53288U 22086AY  26263.81259636 -.00000288  00000+0  26520-5 0  9991
2 53288  53.1610  12.1561 0001053  85.4592 274.6531 15.35396803230862
STARLINK-4176           
1 53289U 22086AZ  26263.90486606 -.00000021  00000+0  10524-4 0  9992
2 53289  53.1611   7.5230 0001100  85.7522 274.3606 15.34388944230938
STARLINK-4149           
1 53290U 22086BA  26263.95703659  .00009292  00000+0  55641-3 0  9995
2 53290  53.2165  26.4129 0001189 122.6448 237.4660 15.11674896230688
STARLINK-4166           
1 53291U 22086BB  26263.92092304  .00003904  00000+0  12270-3 0  9996
2 53291  53.1616   7.6226 0000878  73.4533 286.6566 15.35416083230937
STARLINK-4159           
1 53292U 22086BC  26263.91017090  .00000387  00000+0  22582-4 0  9995
2 53292  53.1636  11.4846 0001115  78.4501 281.6626 15.34391628230888
STARLINK-4148           
1 53293U 22086BD  26263.87282830  .00003162  00000+0  10467-3 0  9999
2 53293  53.1602   3.6756 0001272  60.7138 299.3992 15.34401942230983
STARLINK-4146           
1 53294U 22086BE  26263.55750713 -.00000493  00000+0 -32417-5 0  9992
2 53294  53.1601   6.3185 0001033  82.6830 277.4291 15.35400113230963
STARLINK-4522           
1 53388U 22097A   26263.44661905  .00000546  00000+0  26555-4 0  9992
2 53388  53.1606 322.6221 0001056  60.7413 299.3696 15.35404577228345
STARLINK-4523           
1 53389U 22097B   26263.45571828  .00000337  00000+0  20573-4 0  9990
2 53389  53.1612 322.0527 0000915  74.3606 285.7498 15.35401691228178
STARLINK-4517           
1 53390U 22097C   26263.87266257 -.00000314  00000+0  19131-5 0  9990
2 53390  53.1603 320.3459 0001048  83.7207 276.3916 15.35395197228381
STARLINK-4521           
1 53391U 22097D   26262.78900181  .00001709  00000+0  66792-4 0  9993
2 53391  53.1590 322.2420 0001175  93.2658 266.8478 15.31710207228110
STARLINK-4535           
1 53392U 22097E   26263.86569035 -.00000037  00000+0  10566-4 0  9995
2 53392  53.1601 317.6586 0001198  92.3515 267.7623 15.31697201228279
STARLINK-4530           
1 53393U 22097F   26263.47719065  .00000626  00000+0  28840-4 0  9990
2 53393  53.1612 321.5568 0001197  87.9081 272.2059 15.35399557228184
STARLINK-4544           
1 53394U 22097G   26263.42465445  .00000484  00000+0  27365-4 0  9999
2 53394  53.1603 307.9289 0001279  79.7050 280.4095 15.31703774228377
STARLINK-4534           
1 53395U 22097H   26262.64450910  .00000818  00000+0  38116-4 0  9991
2 53395  53.1608 322.8820 0001412  81.2840 278.8322 15.31702465227935
STARLINK-4524           
1 53396U 22097J   26263.87208457 -.00009470  00000+0 -26055-3 0  9998
2 53396  53.1614 320.6889 0001652 102.1892 257.9296 15.35439506228071
STARLINK-4515           
1 53397U 22097K   26264.00002315  .00043371  00000+0  12887-2 0  9993
2 53397  53.1586 319.7299 0001110  94.2015  21.0634 15.34367967  5801
STARLINK-4512           
1 53398U 22097L   26263.46461665  .00001250  00000+0  46730-4 0  9996
2 53398  53.1608 321.7943 0000922  89.9131 270.1978 15.35403328228028
STARLINK-4528           
1 53399U 22097M   26263.45381827 -.00000399  00000+0 -68237-6 0  9990
2 53399  53.1599 321.6134 0001044  84.4173 275.6949 15.34403328228028
STARLINK-4520           
1 53400U 22097N   26263.45961396 -.00000054  00000+0  93639-5 0  9998
2 53400  53.1601 321.8816 0001139  85.6695 274.4438 15.35402458228025
STARLINK-4525           
1 53401U 22097P   26263.43007488  .00000292  00000+0  20196-4 0  9990
2 53401  53.1619 322.2494 0001155  78.7474 281.3658 15.33548596228010
STARLINK-4499           
1 53402U 22097Q   26263.44285756 -.00000023  00000+0  10448-4 0  9990
2 53402  53.1607 318.3047 0001178  81.5047 278.6090 15.34389322228077
STARLINK-4507           
1 53403U 22097R   26263.46946582  .00000012  00000+0  12140-4 0  9992
2 53403  53.1613 319.0474 0001216  84.1269 275.9871 15.31700323228066
STARLINK-4509           
1 53404U 22097S   26263.38260715  .00000090  00000+0  14675-4 0  9992
2 53404  53.1591 307.3555 0001169  81.6202 278.4932 15.31698623228210
STARLINK-4510           
1 53405U 22097T   26264.00002315  .00045429  00000+0  13488-2 0  9997
2 53405  53.1595 319.0301 0001272  87.0599 226.1760 15.34369448  5819
STARLINK-4533           
1 53406U 22097U   26263.16821177  .00000203  00000+0  18299-4 0  9997
2 53406  53.1608 308.3493 0001129  64.7941 295.3177 15.31701727228186
STARLINK-4491           
1 53408U 22097W   26264.00002315  .00074260  00000+0  31221-2 0  9990
2 53408  53.1607 315.6951 0001818  60.0595 147.5530 15.22763176  5816
STARLINK-4490           
1 53409U 22097X   26263.35811695 -.00001276  00000+0 -26663-4 0  9992
2 53409  53.1589 294.7243 0001019  74.8778 285.2338 15.34380726228391
STARLINK-4492           
1 53410U 22097Y   26264.00002315  .00082375  00000+0  34396-2 0  9995
2 53410  53.1584 315.3852 0001309  79.2967 304.4870 15.22944232  5815
STARLINK-4497           
1 53411U 22097Z   26264.00002315  .00079003  00000+0  36766-2 0  9993
2 53411  53.1586 315.9434 0000809  85.3545 331.9416 15.19256264  5665
STARLINK-4496           
1 53412U 22097AA  26264.00002315  .00122442  00000+0  39362-2 0  9995
2 53412  53.1616 314.9762 0000862 151.3112 143.6122 15.31346501  5611
STARLINK-4500           
1 53413U 22097AB  26263.84920038 -.00000546  00000+0 -16229-4 0  9999
2 53413  53.1616 317.3510 0001044  84.6342 275.4769 15.08830256228118
STARLINK-4304           
1 53414U 22097AC  26263.58564498  .00010495  00000+0  32194-3 0  9995
2 53414  53.1590 307.4475 0001266  78.0612 282.0533 15.34337824228220
STARLINK-4479           
1 53415U 22097AD  26262.76738682  .00000392  00000+0  24404-4 0  9994
2 53415  53.1614 310.2257 0001454  72.7982 287.3178 15.31705298228097
STARLINK-4480           
1 53416U 22097AE  26264.00002315  .00080477  00000+0  32674-2 0  9999
2 53416  53.1606 315.2271 0002307  94.9297 167.8690 15.23901314  5769
STARLINK-4484           
1 53417U 22097AF  26264.00002315  .00083018  00000+0  30168-2 0  9990
2 53417  53.1603 315.0145 0000483 136.6503 198.5461 15.27576890  5816
STARLINK-4481           
1 53418U 22097AG  26263.55764035 -.00000436  00000+0 -17881-5 0  9999
2 53418  53.1595 293.1270 0001084  74.8672 285.2450 15.34385799228431
STARLINK-4476           
1 53419U 22097AH  26263.85460540  .00000140  00000+0  15291-4 0  9999
2 53419  53.1604 306.3968 0001118  87.0581 273.0550 15.34392151228242
STARLINK-4552           
1 53420U 22097AJ  26263.44640014  .00002311  00000+0  79558-4 0  9990
2 53420  53.1591 306.1379 0001170  84.3466 275.7670 15.34384396228214
STARLINK-4545           
1 53421U 22097AK  26263.60632367  .00000289  00000+0  21082-4 0  9992
2 53421  53.1605 306.3408 0001163  76.9512 283.1619 15.31705611228228
STARLINK-4546           
1 53422U 22097AL  26263.38338101 -.00000088  00000+0  85214-5 0  9993
2 53422  53.1585 306.5328 0001162  82.8182 277.2953 15.34387051228229
STARLINK-4539           
1 53423U 22097AM  26263.38186064  .00000552  00000+0  29536-4 0  9992
2 53423  53.1604 304.3069 0001203  85.5866 274.5272 15.31701151228238
STARLINK-4532           
1 53424U 22097AN  26263.58301843  .00000446  00000+0  26141-4 0  9990
2 53424  53.1587 306.4348 0000896  76.4294 283.6807 15.31696995228248
STARLINK-4531           
1 53425U 22097AP  26263.44255211  .00000533  00000+0  28941-4 0  9990
2 53425  53.1595 304.7555 0001389  68.8294 291.2856 15.31699160228226
STARLINK-4558           
1 53426U 22097AQ  26263.25510388  .00000683  00000+0  31361-4 0  9995
2 53426  53.1601 294.7940 0001062  73.7163 286.3956 15.34393058228371
STARLINK-4543           
1 53429U 22097AT  26263.79418749  .00000297  00000+0  19417-4 0  9994
2 53429  53.1599 292.4702 0001339  85.5970 274.5186 15.35395320228453
STARLINK-4538           
1 53430U 22097AU  26263.37776167 -.00000348  00000+0  94275-6 0  9996
2 53430  53.1598 294.1412 0001187  82.4283 277.6855 15.35397039228372
STARLINK-4548           
1 53431U 22097AV  26263.58532441 -.00000012  00000+0  10553-4 0  9998
2 53431  53.1598 293.3085 0001186  76.0100 284.1035 15.35400656228425
STARLINK-4557           
1 53432U 22097AW  26263.57868089  .00000966  00000+0  39722-4 0  9994
2 53432  53.1596 293.2634 0001205  89.4524 270.6617 15.34391451228420
STARLINK-4549           
1 53433U 22097AX  26263.41388629  .00000145  00000+0  15073-4 0  9997
2 53433  53.1595 299.9945 0001244  82.7842 277.3302 15.35398921228290
STARLINK-4542           
1 53435U 22097AZ  26263.56815656  .00000330  00000+0  20923-4 0  9996
2 53435  53.1583 293.1968 0001452  48.6660 311.4467 15.34393627228402
STARLINK-4527           
1 53436U 22097BA  26263.56808156 -.00006969  00000+0 -18884-3 0  9992
2 53436  53.1607 293.1946 0001831 102.0354 258.0854 15.35431312228425
STARLINK-4526           
1 53438U 22097BC  26263.36643626  .00000769  00000+0  33899-4 0  9995
2 53438  53.1598 294.0698 0001071  78.5667 281.5456 15.34395087228404
STARLINK-4519           
1 53439U 22097BD  26263.23406201  .00000329  00000+0  20870-4 0  9995
2 53439  53.1586 294.6614 0001157  69.5940 290.5186 15.34392132228380
STARLINK-4415           
1 53465U 22099A   26263.58843911 -.00000403  00000+0 -10146-4 0  9997
2 53465  97.2851  21.1846 0001079  87.0679 273.0688 15.33438717225547
STARLINK-4398           
1 53466U 22099B   26263.57531460  .00000219  00000+0  83397-5 0  9992
2 53466  97.4705  30.4459 0000554 104.9874 255.1431 15.36967484225867
STARLINK-4394           
1 53467U 22099C   26264.00002315  .01180526  00000+0  23841-1 0  9999
2 53467  97.5424  34.2316 0001738  95.2213 317.0394 15.43695411  5885
STARLINK-4400           
1 53468U 22099D   26264.00002315  .00640659  00000+0  29851-1 0  9994
2 53468  97.2848  17.8753 0001612  87.7254  99.3191 15.17688828  5696
STARLINK-4399           
1 53469U 22099E   26263.59115699  .00000372  00000+0  13851-4 0  9996
2 53469  97.2860  21.3129 0000927  96.1761 263.9588 15.33437766225563
STARLINK-4393           
1 53470U 22099F   26264.00002315 -.00014239  00000+0 -65597-3 0  9997
2 53470  97.2846  17.8653 0002815  93.7120  80.0607 15.20202866  5801
STARLINK-4316           
1 53471U 22099G   26263.28119486  .00000639  00000+0  22124-4 0  9992
2 53471  97.2854  20.9606 0001054  91.6721 268.4643 15.33437980225517
STARLINK-4447           
1 53472U 22099H   26264.00002315 -.00027356  00000+0 -13416-2 0  9995
2 53472  97.2846  17.8313 0001481 105.4231  20.2605 15.18177933  5793
STARLINK-4383           
1 53473U 22099J   26263.24511850 -.00000218  00000+0 -37461-5 0  9997
2 53473  97.4912  29.2236 0001536  94.4679 265.6741 15.36975312225758
STARLINK-4445           
1 53474U 22099K   26264.00002315 -.00023439  00000+0 -10646-2 0  9997
2 53474  97.2849  17.8972 0002177 116.2489 237.0114 15.20798764  5806
STARLINK-4389           
1 53475U 22099L   26263.91670139  .00848083  00000+0  16075-1 0  9991
2 53475  97.4950  31.1912 0001492  93.5944 106.2724 15.46014450  5723
STARLINK-4378           
1 53476U 22099M   26263.91670139 -.00017095  00000+0 -95867-3 0  9993
2 53476  97.2840  17.8758 0001883  93.5339 181.8466 15.13348504  5581
STARLINK-4433           
1 53478U 22099P   26263.91670139  .00737785  00000+0  31853-1 0  9991
2 53478  97.2852  17.7135 0001726  88.6210 220.2505 15.20008510  5730
STARLINK-4436           
1 53479U 22099Q   26263.30295072 -.00000858  00000+0 -24256-4 0  9992
2 53479  97.2861  20.9112 0001190 103.2037 256.9338 15.33442837225516
STARLINK-4442           
1 53480U 22099R   26263.49884730  .00659732  25375-3  53880-3 0  9998
2 53480  97.6071  36.6639 0004873 319.2807  40.8113 16.14178539226212
STARLINK-4302           
1 53481U 22099S   26263.91670139  .00039884  00000+0  96776-3 0  9997
2 53481  97.5130  31.1213 0001700 101.9412 171.6524 15.40931459  5771
STARLINK-4360           
1 53482U 22099T   26263.91670139 -.00039100  00000+0 -20006-2 0  9993
2 53482  97.2824  17.7873 0001210  96.4537  94.9401 15.16777719  5583
STARLINK-4426           
1 53484U 22099V   26263.25944420  .00000705  00000+0  24167-4 0  9990
2 53484  97.2862  20.9554 0000997  96.8448 263.2908 15.33435060225514
STARLINK-4430           
1 53485U 22099W   26263.91670139  .00624311  00000+0  29038-1 0  9991
2 53485  97.2847  17.7826 0001629  90.0102 109.1246 15.17808771  5783
STARLINK-4431           
1 53486U 22099X   26263.30233508  .00015286  00000+0  42569-3 0  9991
2 53486  97.4959  31.1382 0001096 139.4527 220.6799 15.36897023225879
STARLINK-4432           
1 53487U 22099Y   26263.57213973 -.00002271  00000+0 -68050-4 0  9991
2 53487  97.2885  21.2772 0001256  89.5090 270.6296 15.33441722225568
STARLINK-4421           
1 53488U 22099Z   26263.57756447 -.00000090  00000+0 -46512-6 0  9998
2 53488  97.2856  21.2826 0000918  93.5327 266.6021 15.33438181225565
STARLINK-4392           
1 53489U 22099AA  26263.91670139 -.00012973  00000+0 -63080-3 0  9999
2 53489  97.2852  17.8499 0002549  23.1863 325.8935 15.18316557  5333
STARLINK-4387           
1 53490U 22099AB  26263.91670139  .00828675  30906-3  19775-2 0  9996
2 53490  97.6070  32.8234 0001628  69.7455 279.7186 15.96659070  5842
STARLINK-4450           
1 53491U 22099AC  26263.95288465  .00055959  00000+0  15380-2 0  9991
2 53491  97.4996  31.9169 0000909 104.6047 255.5298 15.37018609225989
STARLINK-4451           
1 53492U 22099AD  26263.87777791  .05068905  26350-5  54441-3 0  9992
2 53492  97.5860  34.8013 0010617 290.9595  69.0566 16.37369898226139
STARLINK-4340           
1 53494U 22099AF  26263.29479189  .00000124  00000+0  61688-5 0  9995
2 53494  97.2854  20.8828 0001456  89.3489 270.7920 15.33437683225512
STARLINK-4429           
1 53495U 22099AG  26263.91670139 -.00020832  00000+0 -96861-3 0  9992
2 53495  97.2861  17.7728 0002247 111.7611 156.6474 15.19968343  5788
STARLINK-4453           
1 53497U 22099AJ  26263.91670139  .00733005  00000+0  28591-1 0  9998
2 53497  97.2854  17.7798 0001647  87.6138 212.7870 15.23513318  5784
STARLINK-4439           
1 53498U 22099AK  26263.27303779  .00000946  00000+0  31628-4 0  9990
2 53498  97.2859  20.8949 0001164  99.5423 260.5952 15.33437935225514
STARLINK-4454           
1 53499U 22099AL  26263.91670139  .00414908  67979-4  12757-2 0  9999
2 53499  97.6009  33.4536 0001333  89.7340  41.5922 15.91808256  5821
STARLINK-4434           
1 53501U 22099AN  26263.08140636  .00000221  00000+0  84039-5 0  9996
2 53501  97.4899  30.3605 0000183  47.1171 313.0088 15.36968766225810
STARLINK-4435           
1 53502U 22099AP  26263.25883886  .00000513  00000+0  16470-4 0  9994
2 53502  97.4893  31.7961 0001073  91.1230 269.0137 15.36968192225929
STARLINK-4448           
1 53504U 22099AR  26263.59765790 -.00000527  00000+0 -12311-4 0  9993
2 53504  97.5050  31.1676 0001372  82.8690 277.2710 15.36970477225908
STARLINK-4446           
1 53505U 22099AS  26263.49160689  .00478778  11815-3  52271-3 0  9992
2 53505  97.6019  45.7844 0006476 254.0324 106.0246 16.09785914226792
STARLINK-4443           
1 53508U 22099AV  26263.23497534  .00000097  00000+0  53405-5 0  9996
2 53508  97.2852  20.9144 0001703  88.9605 271.1833 15.33435948225518
STARLINK-4402           
1 53509U 22099AW  26263.91670139  .00101972  00000+0  68220-3 0  9999
2 53509  97.6051  34.5155 0001455  73.1343 298.1591 15.74990757  5959
STARLINK-4503           
1 53528U 22101B   26263.59160535  .00000324  00000+0  38440-4 0  9993
2 53528  53.1602 278.5091 0001117  85.6496 274.4623 15.08841513225588
STARLINK-4478           
1 53529U 22101C   26263.57323454  .00012803  00000+0  64146-3 0  9999
2 53529  53.2132 271.4729 0002451  13.5889 346.5173 15.17717908225699
STARLINK-4482           
1 53530U 22101D   26263.59898266 -.00000641  00000+0 -22157-4 0  9997
2 53530  53.1615 278.6968 0001233  62.8799 297.2318 15.08835650225580
STARLINK-4487           
1 53531U 22101E   26263.58740956 -.00000145  00000+0  70926-5 0  9995
2 53531  53.1587 267.3929 0001365  79.1391 280.9765 15.31700505225745
STARLINK-4483           
1 53532U 22101F   26263.54743945  .00000175  00000+0  29066-4 0  9993
2 53532  53.1601 278.7119 0001148  77.9049 282.2071 15.08829537225583
STARLINK-4493           
1 53533U 22101G   26263.23320120  .00000044  00000+0  13191-4 0  9993
2 53533  53.1587 269.1191 0001172  78.8847 281.2286 15.31701170225691
STARLINK-4138           
1 53535U 22101J   26263.51717347 -.00060242  00000+0 -17660-2 0  9998
2 53535  53.1643 269.4810 0000198 198.3504 161.7491 15.34756722225711
STARLINK-4053           
1 53536U 22101K   26263.53784618  .00000431  00000+0  25642-4 0  9999
2 53536  53.1606 255.6029 0001273  90.9282 269.1865 15.31704593225900
STARLINK-4120           
1 53537U 22101L   26263.57385209 -.00017153  00000+0 -49906-3 0  9996
2 53537  53.1638 269.0878 0001102 125.5045 234.6060 15.34313977225729
STARLINK-4123           
1 53539U 22101N   26263.56113574 -.00000037  00000+0  10043-4 0  9994
2 53539  53.1604 269.0870 0001015  97.9264 262.1854 15.34392097225721
STARLINK-4486           
1 53540U 22101P   26263.54936277  .00000164  00000+0  28383-4 0  9993
2 53540  53.1601 269.0558 0001339  78.4668 281.6474 15.08831388226406
STARLINK-4485           
1 53541U 22101Q   26263.59527510 -.00000252  00000+0  22801-5 0  9994
2 53541  53.1605 278.4932 0001082  91.1994 268.9121 15.08832573226280
STARLINK-4489           
1 53542U 22101R   26263.27216176  .00000659  00000+0  30643-4 0  9995
2 53542  53.1573 254.8234 0001237  82.9706 277.1438 15.34392428226584
STARLINK-4297           
1 53543U 22101S   26263.96550032 -.00000381  00000+0 -13793-6 0  9997
2 53543  53.1595 251.2451 0001333  87.4906 272.6250 15.34387682226690
STARLINK-4303           
1 53544U 22101T   26263.57680617 -.00000149  00000+0  67280-5 0  9998
2 53544  53.1566 253.2466 0001027 109.0090 251.1024 15.34388985226612
STARLINK-4475           
1 53545U 22101U   26263.52849405 -.00001099  00000+0 -21413-4 0  9999
2 53545  53.1601 253.5377 0001213  85.2355 274.8786 15.34384882226623
STARLINK-4477           
1 53546U 22101V   26263.22371150 -.00000077  00000+0  88777-5 0  9995
2 53546  53.1603 244.6750 0001503  94.1589 265.9585 15.34387395226037
STARLINK-4474           
1 53547U 22101W   26263.58733294 -.00001408  00000+0 -30560-4 0  9992
2 53547  53.1611 253.2740 0001709  67.2716 292.8468 15.34381825226618
STARLINK-4513           
1 53548U 22101X   26263.55572094  .00000346  00000+0  39844-4 0  9991
2 53548  53.1597 268.6712 0001256  81.0537 279.0597 15.08834666225721
STARLINK-4514           
1 53551U 22101AA  26263.23276730 -.00000285  00000+0  27078-5 0  9998
2 53551  53.1586 258.9521 0001427  72.7535 287.3623 15.34386315226497
STARLINK-4495           
1 53552U 22101AB  26263.54467937  .00000338  00000+0  39355-4 0  9992
2 53552  53.1602 268.7221 0001325  83.6092 276.5050 15.08833835226375
STARLINK-4501           
1 53553U 22101AC  26263.53730326 -.00000049  00000+0  14990-4 0  9995
2 53553  53.1602 268.6296 0001213  78.1721 281.9407 15.08832856226380
STARLINK-4506           
1 53554U 22101AD  26262.54469449 -.00000240  00000+0  30273-5 0  9997
2 53554  53.1610 273.2291 0001152  95.6975 264.4148 15.08814078225578
STARLINK-4504           
1 53555U 22101AE  26263.54835661  .00000395  00000+0  42901-4 0  9992
2 53555  53.1607 268.7056 0001199  66.9107 293.2011 15.08837191226382
STARLINK-4505           
1 53556U 22101AF  26263.59619815 -.00000078  00000+0  13184-4 0  9999
2 53556  53.1598 268.4904 0001245  75.0075 285.1054 15.08832689225730
STARLINK-4502           
1 53557U 22101AG  26263.54099013  .00001762  00000+0  12878-3 0  9995
2 53557  53.1598 268.7386 0001191  75.4522 284.6601 15.08843440226379
STARLINK-4494           
1 53558U 22101AH  26263.53481806  .00000713  00000+0  32228-4 0  9997
2 53558  53.1595 253.6960 0001201  86.2157 273.8983 15.34393813226594
STARLINK-4564           
1 53560U 22101AK  26263.35926484 -.00000134  00000+0  74365-5 0  9993
2 53560  53.1583 250.4503 0001279  78.0347 282.0798 15.31699094225960
STARLINK-4563           
1 53561U 22101AL  26263.69077523  .00000509  00000+0  26221-4 0  9994
2 53561  53.1585 256.4777 0001295  86.3952 273.7199 15.34392032225916
STARLINK-4565           
1 53562U 22101AM  26263.24475370  .00001074  00000+0  42941-4 0  9993
2 53562  53.1570 244.8319 0001312  90.3926 269.7227 15.34393589226691
STARLINK-4561           
1 53563U 22101AN  26263.56832547  .00001163  00000+0  45541-4 0  9990
2 53563  53.1586 243.2927 0001242  88.4644 271.6501 15.34396946226084
STARLINK-4577           
1 53564U 22101AP  26263.97177251  .00000204  00000+0  17170-4 0  9992
2 53564  53.1571 241.5436 0001339  91.7119 268.4037 15.34390829226145
STARLINK-4575           
1 53565U 22101AQ  26263.96545599  .00000252  00000+0  18599-4 0  9995
2 53565  53.1566 241.5029 0001233  94.3046 265.8097 15.34394845226801
STARLINK-4576           
1 53566U 22101AR  26263.96755923  .00001103  00000+0  43777-4 0  9992
2 53566  53.1581 241.5215 0001228  91.2689 268.8454 15.34393171226833
STARLINK-4585           
1 53567U 22101AS  26263.49910209 -.00000260  00000+0  33931-5 0  9997
2 53567  53.1581 249.9010 0001251  77.5088 282.6053 15.31697963225982
STARLINK-4583           
1 53568U 22101AT  26263.59568305 -.00000269  00000+0  31625-5 0  9992
2 53568  53.1585 243.4610 0001247  96.0545 264.0600 15.34385510226776
STARLINK-4582           
1 53569U 22101AU  26263.98018709  .00000407  00000+0  23185-4 0  9998
2 53569  53.1574 241.5959 0001299  82.1885 277.9265 15.34387376226817
STARLINK-4550           
1 53570U 22101AV  26263.66234170  .00000753  00000+0  34241-4 0  9996
2 53570  53.1582 243.1706 0001317  91.9265 268.1889 15.33544500226780
STARLINK-4584           
1 53571U 22101AW  26262.55561069  .00000124  00000+0  14800-4 0  9995
2 53571  53.1590 248.3490 0001247  88.0726 272.0419 15.34387043226611
STARLINK-4555           
1 53572U 22101AX  26263.49477481  .00000596  00000+0  28796-4 0  9996
2 53572  53.1585 243.5440 0001312  86.2686 273.8467 15.34389468226071
STARLINK-4559           
1 53574U 22101AZ  26263.56622224  .00000293  00000+0  19800-4 0  9993
2 53574  53.1586 243.2787 0001289  86.6250 273.4900 15.34392090226083
STARLINK-4551           
1 53575U 22101BA  26263.55360008  .00000503  00000+0  26034-4 0  9993
2 53575  53.1579 243.2037 0001235  85.4539 274.6605 15.34389264226772
STARLINK-4581           
1 53576U 22101BB  26263.55968083  .00000100  00000+0  14992-4 0  9994
2 53576  53.1593 249.5609 0001264  76.4941 283.6201 15.31699819226816
STARLINK-4553           
1 53577U 22101BC  26263.94648804  .00008427  00000+0  26018-3 0  9995
2 53577  53.1606 241.3860 0001251  94.5215 265.5930 15.34407791226965
STARLINK-4556           
1 53578U 22101BD  26263.95493412  .00000373  00000+0  22167-4 0  9994
2 53578  53.1581 241.4376 0001262  81.8428 278.2718 15.34392362226140
STARLINK-4580           
1 53579U 22101BE  26263.65240543  .00000364  00000+0  21918-4 0  9990
2 53579  53.1581 243.1038 0001305  93.0310 267.0842 15.34386755226095
STARLINK-4691           
1 53588U 22104A   26263.91889953  .00000730  00000+0  31821-4 0  9997
2 53588  53.1609  82.4333 0000866 112.4124 247.6971 15.35402998225633
STARLINK-4673           
1 53589U 22104B   26263.04177075  .00000746  00000+0  33225-4 0  9994
2 53589  53.1611  75.6670 0001036  88.5999 271.5122 15.34390118225507
STARLINK-4689           
1 53590U 22104C   26263.88818676 -.00000453  00000+0 -28416-5 0  9991
2 53590  53.1619  50.2288 0001174  82.1585 277.9550 15.31702449225961
STARLINK-4674           
1 53591U 22104D   26263.13755692  .00004009  00000+0  12577-3 0  9996
2 53591  53.1591  77.6607 0000852  87.3036 272.8064 15.35401381225508
STARLINK-4672           
1 53592U 22104E   26263.18373541  .00000127  00000+0  14534-4 0  9994
2 53592  53.1597  75.1327 0001132  91.7439 268.3693 15.35400998225528
STARLINK-4684           
1 53595U 22104H   26262.92496285  .00000730  00000+0  35282-4 0  9992
2 53595  53.1595  78.4794 0001189  87.6390 272.4748 15.31700773225454
STARLINK-4676           
1 53598U 22104L   26263.91670139  .00113982  00000+0  41571-2 0  9997
2 53598  53.1592  84.0024 0000949 139.6958 135.4733 15.27281649  5701
STARLINK-4677           
1 53600U 22104N   26263.91646555  .00000873  00000+0  36990-4 0  9991
2 53600  53.1617  73.9767 0001455  87.8227 272.2943 15.34390922225272
STARLINK-4675           
1 53601U 22104P   26263.90741884  .00000086  00000+0  13363-4 0  9997
2 53601  53.1596  71.8240 0001239  86.1441 273.9704 15.35398785225305
STARLINK-4648           
1 53602U 22104Q   26263.88221679  .00000059  00000+0  12880-4 0  9993
2 53602  53.1603  71.6132 0001199  84.3824 275.7315 15.34392286225300
STARLINK-4692           
1 53603U 22104R   26263.91670139  .00079631  00000+0  45062-2 0  9995
2 53603  53.1600  82.1820 0002119  70.4409   9.5993 15.12358786  5806
STARLINK-4690           
1 53604U 22104S   26263.77087999  .00000432  00000+0  23928-4 0  9998
2 53604  53.1600  72.3375 0001295  89.7769 270.3382 15.34394300225281
STARLINK-4590           
1 53606U 22104U   26263.72776140 -.00001076  00000+0 -20719-4 0  9990
2 53606  53.1605  66.3637 0001097  85.5574 274.5554 15.34381982225245
STARLINK-4591           
1 53607U 22104V   26263.19195418  .00001003  00000+0  40843-4 0  9993
2 53607  53.1610  68.7946 0001296  84.0476 276.0674 15.34387783225286
STARLINK-4647           
1 53608U 22104W   26263.11427578  .00000256  00000+0  18719-4 0  9997
2 53608  53.1588  69.6413 0001352  88.8800 271.2357 15.34385455225140
STARLINK-4660           
1 53609U 22104X   26263.91055870 -.00000111  00000+0  78529-5 0  9995
2 53609  53.1588  65.4586 0001175  83.4682 276.6454 15.34386830225390
STARLINK-4610           
1 53610U 22104Y   26263.90764896  .00000031  00000+0  12774-4 0  9990
2 53610  53.1599  70.9758 0001143  91.0006 269.1126 15.31701123225190
STARLINK-4658           
1 53612U 22104AA  26263.18622813  .00001011  00000+0  39881-4 0  9991
2 53612  53.1609  69.3743 0001200  92.4714 267.6426 15.35392858225152
STARLINK-4655           
1 53613U 22104AB  26263.90535495 -.00000552  00000+0 -49171-5 0  9996
2 53613  53.1604  66.0430 0001204  88.5843 271.5298 15.35394764225269
STARLINK-4605           
1 53616U 22104AE  26263.92628712  .00000515  00000+0  26384-4 0  9993
2 53616  53.1616  59.5099 0001151  79.5012 280.6121 15.34394122225467
STARLINK-4609           
1 53619U 22104AH  26263.10586098  .00001956  00000+0  69035-4 0  9996
2 53619  53.1619  69.5808 0000954  84.0830 276.0281 15.34388267225145
STARLINK-4615           
1 53620U 22104AJ  26263.88959822 -.00000015  00000+0  10702-4 0  9995
2 53620  53.1594  65.9411 0001133  81.3687 278.7444 15.34384874225374
STARLINK-4608           
1 53621U 22104AK  26263.88119693 -.00001135  00000+0 -22460-4 0  9999
2 53621  53.1705  65.8926 0001698  42.5958 317.5176 15.34386828225268
STARLINK-4568           
1 53622U 22104AL  26262.87888527  .00000494  00000+0  25756-4 0  9993
2 53622  53.1611  70.3037 0001204  84.5992 275.5148 15.34393417225226
STARLINK-4573           
1 53623U 22104AM  26263.97533589 -.00000260  00000+0  34102-5 0  9999
2 53623  53.1608  61.5635 0001626 116.8940 243.2228 15.31699760225441
STARLINK-4596           
1 53624U 22104AN  26263.71898281  .00002277  00000+0  85084-4 0  9998
2 53624  53.1573  62.8085 0001255  82.5371 277.5773 15.31716425225400
STARLINK-4554           
1 53626U 22104AQ  26263.19799003  .00000063  00000+0  13245-4 0  9995
2 53626  53.1591  69.4569 0001067  92.8926 267.2198 15.33550029225273
STARLINK-4595           
1 53627U 22104AR  26263.60169669 -.00000085  00000+0  86173-5 0  9997
2 53627  53.1614  66.9916 0001079  74.0334 286.0788 15.34388985225349
STARLINK-4600           
1 53628U 22104AS  26263.61177679  .00000424  00000+0  23068-4 0  9998
2 53628  53.1604  67.0537 0001203  89.5573 270.5568 15.35402598225347
STARLINK-4602           
1 53629U 22104AT  26263.93999958  .00000914  00000+0  38184-4 0  9995
2 53629  53.1598  65.5459 0000851  61.6465 298.4623 15.34395474225394
STARLINK-4598           
1 53630U 22104AU  26263.91670139  .01358602  00000+0  21035-1 0  9997
2 53630  53.1603  55.0259 0000558  78.0624 127.3406 15.50961938  5418
STARLINK-4599           
1 53631U 22104AV  26263.93681658 -.00000066  00000+0  90032-5 0  9993
2 53631  53.1602  65.5289 0001121  88.1927 271.9204 15.35401186225392
STARLINK-4606           
1 53632U 22104AW  26263.73770054  .00000813  00000+0  34213-4 0  9998
2 53632  53.1609  60.6533 0001197  87.6225 272.4916 15.35403283225774
STARLINK-4593           
1 53633U 22104AX  26263.58590217  .00000421  00000+0  23610-4 0  9997
2 53633  53.1583  61.1264 0001213  60.4865 299.6259 15.34395633225422
STARLINK-4592           
1 53634U 22104AY  26263.91670139  .00047730  00000+0  14162-2 0  9991
2 53634  53.1599  59.5619 0001199  81.2801 318.7312 15.34368555  5881
STARLINK-4586           
1 53636U 22104BA  26263.96621293  .00001918  00000+0  67952-4 0  9990
2 53636  53.1650  59.2372 0001183  76.3671 283.7463 15.34371216225810
STARLINK-4396           
1 53637U 22104BB  26263.17191388  .00000398  00000+0  22316-4 0  9997
2 53637  53.1610  63.5115 0001139  88.2573 271.8561 15.35395830225685
STARLINK-4594           
1 53638U 22104BC  26263.92021580  .00001217  00000+0  45786-4 0  9994
2 53638  53.1602  59.6583 0001059  91.3856 268.7268 15.35403189225802
STARLINK-4422           
1 53639U 22104BD  26263.91670139  .01159874  00000+0  30572-1 0  9992
2 53639  53.1860  34.7711 0001466  61.2202 333.3879 15.35051865  5756
STARLINK-4597           
1 53640U 22104BE  26263.59642346  .00000448  00000+0  24388-4 0  9999
2 53640  53.1600  61.1929 0000714 117.8447 242.2628 15.34399572225752
STARLINK-4588           
1 53641U 22104BF  26263.69887898  .00002017  00000+0  76720-4 0  9995
2 53641  53.1592  56.9072 0001312  89.2779 270.8373 15.31706835225822
STARLINK-4622           
1 53648U 22105A   26263.58490862  .00000194  00000+0  17331-4 0  9999
2 53648  97.2847 137.4167 0002286  87.8702 272.2787 15.05654411222568
STARLINK-4386           
1 53649U 22105B   26263.89862688  .00394716  76714-4  49359-3 0  9993
2 53649  97.5799 156.4648 0002936 161.7482 198.3905 16.07688968223492
STARLINK-4380           
1 53650U 22105C   26263.91996805  .00000519  00000+0  39896-4 0  9998
2 53650  97.2857 137.7161 0002028  85.8944 274.2515 15.05654490222602
STARLINK-4388           
1 53651U 22105D   26263.92569336 -.00000134  00000+0 -14152-5 0  9999
2 53651  97.5164 153.4826 0001973  89.2033 270.9437 15.36965483223322
STARLINK-4374           
1 53652U 22105E   26263.91670139  .00027213  00000+0  14638-2 0  9994
2 53652  97.2807 137.7590 0002314  79.4342  58.5148 15.14823284  5786
STARLINK-4390           
1 53653U 22105F   26263.49309137  .00461692  10691-3  55481-3 0  9991
2 53653  97.5874 154.8338 0002113 161.6505 198.4853 16.08329189223357
STARLINK-4420           
1 53654U 22105G   26263.93771643  .00001454  00000+0  47363-4 0  9992
2 53654  97.2846 140.6620 0001280  87.6011 272.5378 15.33443316222805
STARLINK-4470           
1 53655U 22105H   26263.91980648 -.00002210  00000+0 -58922-4 0  9994
2 53655  97.4891 152.3682 0001353  88.9915 271.1484 15.36979759223266
STARLINK-4466           
1 53656U 22105J   26263.57936943 -.00000015  00000+0  28481-5 0  9994
2 53656  97.2839 137.3855 0001897  77.2409 282.9031 15.05654160222555
STARLINK-4452           
1 53658U 22105L   26263.89420185  .00001458  00000+0  47479-4 0  9995
2 53658  97.2847 140.5651 0001620  90.8699 269.2729 15.33438771222799
STARLINK-4473           
1 53660U 22105N   26263.90335443 -.00000076  00000+0 -13948-5 0  9994
2 53660  97.2831 137.6977 0002124  76.5892 283.5572 15.05652820222606
STARLINK-4472           
1 53661U 22105P   26263.60151342 -.00000083  00000+0 -18653-5 0  9992
2 53661  97.2862 137.3533 0001792  54.0780 306.0614 15.05661393222550
STARLINK-4357           
1 53662U 22105Q   26263.91331233  .00012112  00000+0  32320-3 0  9995
2 53662  97.4933 151.6094 0003611 117.1647 242.9966 15.38274684223220
STARLINK-4457           
1 53663U 22105R   26263.60053118  .00001010  00000+0  33610-4 0  9994
2 53663  97.2821 140.3411 0003317  80.3627 279.7990 15.33450087222755
STARLINK-4471           
1 53664U 22105S   26263.90780282  .00000208  00000+0  87759-5 0  9999
2 53664  97.2831 140.6695 0002092  87.2124 272.9358 15.33436389222809
STARLINK-4334           
1 53665U 22105T   26263.91670139  .01333135  00000+0  21997-1 0  9997
2 53665  97.5160 152.5109 0000898  98.5526  81.0279 15.49267926  5775
STARLINK-4406           
1 53667U 22105V   26263.91670139  .00092552  00000+0  87541-3 0  9992
2 53667  97.5981 152.2279 0001506  95.6105 251.0491 15.66689013  5871
STARLINK-4458           
1 53668U 22105W   26263.91670139  .01334558  00000+0  23454-1 0  9990
2 53668  97.4994 152.3912 0001719  83.9254 217.4942 15.47440106  5729
STARLINK-4464           
1 53669U 22105X   26263.91670139  .00213286  21047-4  41688-3 0  9994
2 53669  97.5847 155.4787 0003757 148.8442 223.2654 16.00210826  6018
STARLINK-4459           
1 53670U 22105Y   26263.55705595  .00000381  00000+0  14141-4 0  9997
2 53670  97.2840 140.2157 0001785  96.0739 264.0707 15.33436495222744
STARLINK-4440           
1 53671U 22105Z   26263.59320956  .00000161  00000+0  15067-4 0  9990
2 53671  97.2853 137.3291 0002305  80.6994 279.4495 15.05656225222553
STARLINK-4428           
1 53672U 22105AA  26263.96150376 -.00000055  00000+0  89223-7 0  9990
2 53672  97.2837 137.7341 0002111  80.5038 279.6428 15.05650636222614
STARLINK-4620           
1 53674U 22105AC  26263.90058107 -.00000577  00000+0 -36068-4 0  9991
2 53674  97.2839 137.6596 0001894  84.6927 275.4516 15.05652239222600
STARLINK-4617           
1 53675U 22105AD  26263.95130527  .00000507  00000+0  18043-4 0  9998
2 53675  97.2843 140.7329 0001720  90.6249 269.5191 15.33435697222811
STARLINK-4621           
1 53676U 22105AE  26263.88120465  .00000478  00000+0  37051-4 0  9998
2 53676  97.2872 137.6803 0002001  65.9144 294.2293 15.05649793222606
STARLINK-4579           
1 53677U 22105AF  26263.59783745  .00001135  00000+0  37479-4 0  9998
2 53677  97.2849 140.3039 0001527  91.0408 269.1010 15.33438598222752
STARLINK-4632           
1 53679U 22105AH  26263.60873059  .00003405  00000+0  10775-3 0  9991
2 53679  97.2842 140.2830 0001833  82.0913 278.0538 15.33438727222754
STARLINK-4630           
1 53680U 22105AJ  26263.94042942  .00001168  00000+0  38501-4 0  9991
2 53680  97.2849 140.7277 0001877  88.2016 271.9442 15.33434187222812
STARLINK-4438           
1 53682U 22105AL  26263.58424349  .00000445  00000+0  16099-4 0  9993
2 53682  97.2842 140.2866 0001816  90.5440 269.6011 15.33438325222753
STARLINK-4625           
1 53683U 22105AM  26263.60705507  .00000645  00000+0  48582-4 0  9999
2 53683  97.2855 137.4302 0001745  75.7988 284.3433 15.05659228222561
STARLINK-4624           
1 53684U 22105AN  26263.60982179  .00000534  00000+0  40888-4 0  9990
2 53684  97.2851 137.3804 0002059  80.0270 280.1190 15.05659408222537
STARLINK-4626           
1 53685U 22105AP  26263.91442388 -.00000439  00000+0 -26486-4 0  9992
2 53685  97.2843 137.6144 0002292  72.4652 287.6826 15.05659230222606
STARLINK-4467           
1 53686U 22105AQ  26263.90611650  .00000268  00000+0  22502-4 0  9995
2 53686  97.2840 137.6187 0002615  81.3538 278.7986 15.05654867222601
STARLINK-4569           
1 53687U 22105AR  26263.96761992  .00000822  00000+0  27778-4 0  9993
2 53687  97.2845 140.6823 0001828  88.8508 271.2944 15.33437001222817
STARLINK-4571           
1 53688U 22105AS  26263.55721802  .00000276  00000+0  23057-4 0  9994
2 53688  97.2839 137.3142 0002110  71.1812 288.9645 15.05652266222551
STARLINK-4570           
1 53690U 22105AU  26263.61259295  .00000429  00000+0  33619-4 0  9991
2 53690  97.2850 137.3926 0001909  80.4860 279.6584 15.05658938222560
STARLINK-4560           
1 53691U 22105AV  26263.94586762 -.00000295  00000+0 -68027-5 0  9995
2 53691  97.2846 140.6970 0001710  91.3847 268.7592 15.33435324222817
STARLINK-4572           
1 53692U 22105AW  26263.94128994  .00026213  00000+0  84679-3 0  9990
2 53692  97.5939 154.4845 0002363  92.1767 267.9745 15.32084014223348
STARLINK-4566           
1 53693U 22105AX  26263.23621855 -.00015216  00000+0 -46918-3 0  9994
2 53693  97.2857 139.9722 0002071  57.8158 302.3286 15.33494058222702
STARLINK-4725           
1 53700U 22107A   26263.13666710  .00002062  00000+0  69981-4 0  9992
2 53700  53.1626  87.4117 0000996  63.1602 296.9503 15.35407480224256
STARLINK-4711           
1 53701U 22107B   26263.23677407  .00000365  00000+0  21386-4 0  9990
2 53701  53.1638  86.6191 0001348  90.2575 269.8583 15.35398697224273
STARLINK-4724           
1 53702U 22107C   26263.17805679 -.00008234  00000+0 -22516-3 0  9998
2 53702  53.1602  63.5800 0001240  79.6931 280.4212 15.35433825224624
STARLINK-4731           
1 53703U 22107D   26263.89547471  .00000278  00000+0  19388-4 0  9993
2 53703  53.1618  83.6216 0001428  91.5975 268.5191 15.34384845224376
STARLINK-4714           
1 53704U 22107E   26263.90837682  .00000446  00000+0  26138-4 0  9990
2 53704  53.1599  73.8811 0001245  88.3796 271.7348 15.31703885224353
STARLINK-4717           
1 53705U 22107F   26263.89594635  .00001309  00000+0  48411-4 0  9994
2 53705  53.1608  83.6261 0000825  90.7024 269.4074 15.35406347224376
STARLINK-4716           
1 53706U 22107G   26263.91670139  .00090843  00000+0  25954-2 0  9998
2 53706  53.1605  83.7184 0001537  85.1321 296.2321 15.35260780  5827
STARLINK-4667           
1 53707U 22107H   26263.17827400  .00007131  00000+0  22210-3 0  9993
2 53707  53.1597  62.8797 0001054  88.1828 271.9296 15.34383428224609
STARLINK-4694           
1 53708U 22107J   26263.59676280 -.00001328  00000+0 -27161-4 0  9993
2 53708  53.1594  61.9304 0001116  87.4235 272.6896 15.35399937224656
STARLINK-4685           
1 53709U 22107K   26263.87628356  .00000441  00000+0  23544-4 0  9990
2 53709  53.1600  82.1962 0001269  90.0332 270.0816 15.35394337224087
STARLINK-4627           
1 53711U 22107M   26263.90439641 -.00001986  00000+0 -47678-4 0  9995
2 53711  53.1619  76.0356 0000807 111.2811 248.8278 15.34394620224173
STARLINK-4683           
1 53712U 22107N   26263.92858733  .00000578  00000+0  28226-4 0  9997
2 53712  53.1574  81.8268 0000780 114.2670 245.8414 15.34392574224115
STARLINK-4686           
1 53715U 22107R   26263.87608648  .00000183  00000+0  16569-4 0  9991
2 53715  53.1606  82.2492 0001282  81.1693 278.9455 15.34385652224091
STARLINK-4699           
1 53716U 22107S   26263.93958912 -.00000301  00000+0  22137-5 0  9993
2 53716  53.1596  83.3364 0001193  89.4162 270.6977 15.34385480224078
STARLINK-4695           
1 53718U 22107U   26263.11899928 -.00001828  00000+0 -47128-4 0  9998
2 53718  53.1590  89.5634 0001247  89.1333 270.9811 15.31709810223915
STARLINK-4644           
1 53719U 22107V   26263.88010796  .00001250  00000+0  48128-4 0  9999
2 53719  53.1615  60.0323 0001351  82.3156 277.8000 15.34390094224401
STARLINK-4642           
1 53720U 22107W   26263.12172578  .00002919  00000+0  97508-4 0  9994
2 53720  53.1584  85.3646 0001056  89.2810 270.8314 15.34390468223989
STARLINK-4707           
1 53721U 22107X   26263.88288628  .00000334  00000+0  21044-4 0  9993
2 53721  53.1595  83.6967 0001196  87.5674 272.5466 15.34379355224073
STARLINK-4700           
1 53722U 22107Y   26263.87655332  .00000386  00000+0  22556-4 0  9999
2 53722  53.1602  83.6554 0001300  92.0031 268.1121 15.34390208224068
STARLINK-4705           
1 53723U 22107Z   26263.89887471 -.00000543  00000+0 -46607-5 0  9994
2 53723  53.1604  83.7936 0001225  87.1995 272.9148 15.35396650224213
STARLINK-4663           
1 53724U 22107AA  26263.89392155 -.00004275  00000+0 -11186-3 0  9993
2 53724  53.1582  82.3553 0000938  94.4281 265.6829 15.35361171224099
STARLINK-4697           
1 53726U 22107AC  26262.89530632  .00000916  00000+0  38263-4 0  9990
2 53726  53.1597  88.2020 0001237  83.8541 276.2603 15.34385036223929
STARLINK-4701           
1 53727U 22107AD  26263.87866290  .00001148  00000+0  45121-4 0  9991
2 53727  53.1601  83.6695 0001180  94.2600 265.8538 15.34388345224212
STARLINK-4640           
1 53728U 22107AE  26263.88651514  .00000696  00000+0  31750-4 0  9994
2 53728  53.1578  81.6106 0001279  91.7045 268.4104 15.34387335224244
STARLINK-4651           
1 53729U 22107AF  26263.91523508 -.00068599  00000+0 -20102-2 0  9995
2 53729  53.1620  88.1181 0000907  65.6898 294.4200 15.34825301224180
STARLINK-4641           
1 53730U 22107AG  26263.90123542  .00000466  00000+0  24926-4 0  9997
2 53730  53.1598  81.7039 0001197  82.0220 278.0919 15.34393894224240
STARLINK-4636           
1 53731U 22107AH  26262.94124514  .00008678  00000+0  40457-3 0  9990
2 53731  53.2138  91.2541 0004177  47.7921 312.3430 15.20651888224068
STARLINK-4661           
1 53732U 22107AJ  26263.92228326  .00000334  00000+0  21034-4 0  9998
2 53732  53.1606  81.8369 0001164  90.2515 269.8621 15.34391053224244
STARLINK-4574           
1 53733U 22107AK  26263.92372045  .00000127  00000+0  15193-4 0  9996
2 53733  53.1564  81.8464 0001109  89.8111 270.3018 15.33551332224276
STARLINK-4616           
1 53734U 22107AL  26263.21897075  .00000075  00000+0  13348-4 0  9996
2 53734  53.1610  87.3678 0001103  93.1725 266.9404 15.34388562224139
STARLINK-4618           
1 53735U 22107AM  26263.95383155  .00000315  00000+0  20466-4 0  9993
2 53735  53.1598  91.3110 0001135  90.2282 269.8851 15.34390865224140
STARLINK-4652           
1 53736U 22107AN  26263.92672317 -.00005156  00000+0 -13698-3 0  9990
2 53736  53.1596  81.8532 0000906  99.4666 260.6440 15.35404725224272
STARLINK-4662           
1 53738U 22107AQ  26263.90973500  .00000185  00000+0  16626-4 0  9998
2 53738  53.1595  91.7365 0001288  93.1996 266.9154 15.34386134224125
STARLINK-4607           
1 53740U 22107AS  26263.91670139  .00434136  00000+0  30218-2 0  9992
2 53740  53.1596  85.2200 0001212  74.6497 332.7160 15.72557184  5934
STARLINK-4637           
1 53742U 22107AU  26263.90132028  .00001842  00000+0  65662-4 0  9990
2 53742  53.1626  91.6899 0001111  93.2307 266.8823 15.34391810224284
STARLINK-4645           
1 53743U 22107AV  26263.90342435  .00000206  00000+0  17228-4 0  9994
2 53743  53.1595  91.7011 0001135  91.6088 268.5044 15.34387871224287
STARLINK-4670           
1 53744U 22107AW  26263.95622404  .00000470  00000+0  26916-4 0  9994
2 53744  53.1611  97.6545 0001235  87.7577 272.3566 15.31702706224203
STARLINK-4656           
1 53745U 22107AX  26263.90763521  .00000076  00000+0  13376-4 0  9994
2 53745  53.1608  91.7256 0001096 105.7677 254.3447 15.34385058224287
STARLINK-4589           
1 53746U 22107AY  26263.94760578  .00002100  00000+0  73276-4 0  9993
2 53746  53.1614  91.9803 0001148  87.5483 272.5651 15.34390858224288
STARLINK-4612           
1 53750U 22107BC  26263.82145589  .00000208  00000+0  17295-4 0  9990
2 53750  53.1594  91.9066 0001133  89.6936 270.4196 15.34391441224281
STARLINK-4718           
1 53773U 22111A   26263.29892336  .00000141  00000+0  16308-4 0  9990
2 53773  53.1597 119.4245 0001199  92.7664 267.3475 15.31703130223372
STARLINK-4719           
1 53774U 22111B   26263.89084258 -.00007937  00000+0 -24403-3 0  9999
2 53774  53.1596 116.7163 0001008  95.4798 264.6319 15.31729913223327
STARLINK-4722           
1 53775U 22111C   26263.12354278  .00000567  00000+0  30047-4 0  9990
2 53775  53.1600 108.3939 0001248  86.4910 273.6234 15.31704515223220
STARLINK-4664           
1 53777U 22111E   26263.91670139  .00580216  00000+0  18225-1 0  9991
2 53777  53.1789 114.3977 0001275  87.5526  28.5969 15.30400682  5805
STARLINK-4709           
1 53778U 22111F   26263.92655797  .00000412  00000+0  25048-4 0  9995
2 53778  53.1596 109.8454 0001168  85.6939 274.4196 15.31704698223271
STARLINK-4706           
1 53779U 22111G   26263.96236197  .00000584  00000+0  30578-4 0  9993
2 53779  53.1591 103.6752 0001323  86.1379 273.9773 15.31704455223363
STARLINK-4678           
1 53780U 22111H   26263.19073689 -.00000659  00000+0 -83661-5 0  9992
2 53780  53.1608 115.1007 0001288  85.2255 274.8894 15.34391328223131
STARLINK-4462           
1 53781U 22111J   26263.91670139  .00025796  00000+0  74872-3 0  9995
2 53781  53.1609 113.9718 0001165  84.6773 248.0757 15.35365253  5802
STARLINK-4536           
1 53783U 22111L   26263.21216385  .00000994  00000+0  39387-4 0  9995
2 53783  53.1614 117.3365 0001182  99.4836 260.6300 15.35404972223100
STARLINK-4687           
1 53784U 22111M   26263.17469263 -.00000347  00000+0  58444-6 0  9996
2 53784  53.1589 107.2932 0001215  83.1104 277.0036 15.31704857223249
STARLINK-4743           
1 53787U 22111Q   26263.28662377  .00000374  00000+0  23821-4 0  9990
2 53787  53.1592 107.2686 0001321  89.5169 270.5984 15.31696275223256
STARLINK-4666           
1 53789U 22111S   26263.12769433  .00004291  00000+0  13814-3 0  9998
2 53789  53.1588 115.4135 0001216  86.8083 273.3059 15.34382184223114
STARLINK-4734           
1 53790U 22111T   26263.95528522  .00021526  00000+0  22109-3 0  9990
2 53790  53.1576  97.8870 0001144  84.0745 276.0401 15.64887671223448
STARLINK-4739           
1 53792U 22111V   26263.27728272 -.00002951  00000+0 -83334-4 0  9992
2 53792  53.1606 107.2008 0000873 100.0912 260.0188 15.31719096223248
STARLINK-4728           
1 53793U 22111W   26263.26328364  .00000466  00000+0  26781-4 0  9990
2 53793  53.1595 107.1232 0001613  88.7177 271.4009 15.31703478223247
STARLINK-4730           
1 53794U 22111X   26263.92045449  .00000405  00000+0  24828-4 0  9997
2 53794  53.1582 104.1146 0001250  90.2040 269.9105 15.31705322223349
STARLINK-4742           
1 53795U 22111Y   26263.28205245  .00002104  00000+0  79563-4 0  9993
2 53795  53.1589 107.9401 0001084  91.4837 268.6289 15.31691637223234
STARLINK-4723           
1 53797U 22111AA  26263.27262288  .00000291  00000+0  21151-4 0  9999
2 53797  53.1598 107.1862 0001171  94.2397 265.8738 15.31701032223237
STARLINK-4712           
1 53798U 22111AB  26263.18404545  .00000199  00000+0  18189-4 0  9998
2 53798  53.1590 107.3424 0001333  84.4158 275.6995 15.31697892223223
STARLINK-4710           
1 53799U 22111AC  26263.92846373  .00055699  00000+0  16682-2 0  9999
2 53799  53.1604  92.0616 0000962 115.8934 244.2167 15.34003761223504
STARLINK-4720           
1 53800U 22111AD  26263.59803367  .00048960  00000+0  41818-3 0  9994
2 53800  53.2063  13.1467 0002188  54.9445 305.1778 15.69027246224594
STARLINK-4715           
1 53801U 22111AE  26263.93281590 -.00001168  00000+0 -23438-4 0  9991
2 53801  53.1621  91.3895 0001329  69.5220 290.5925 15.34382353223513
STARLINK-4726           
1 53802U 22111AF  26263.86978381  .00000671  00000+0  31006-4 0  9991
2 53802  53.1591  91.7036 0001140  83.8456 276.2676 15.34387131223504
STARLINK-4727           
1 53803U 22111AG  26263.92487380  .00000437  00000+0  24057-4 0  9991
2 53803  53.1614  83.3947 0001129  84.2933 275.8199 15.34391761223623
STARLINK-4729           
1 53804U 22111AH  26263.81880878  .00000265  00000+0  18973-4 0  9998
2 53804  53.1605  89.9002 0001247  88.1839 271.9306 15.34392814223523
STARLINK-4763           
1 53805U 22111AJ  26263.21542371  .00002986  00000+0  10793-3 0  9999
2 53805  53.1585  83.2759 0001317  90.0774 270.0378 15.31710377223563
STARLINK-4768           
1 53806U 22111AK  26263.91715592  .00001759  00000+0  61327-4 0  9991
2 53806  53.1596  84.0390 0001116  77.0381 283.0747 15.35396078223614
STARLINK-4738           
1 53819U 22114B   26263.92779996  .00000353  00000+0  23158-4 0  9996
2 53819  53.1592 133.8343 0001626  97.5805 262.5381 15.31707666222495
STARLINK-4758           
1 53820U 22114C   26263.93186301 -.00000425  00000+0 -12389-5 0  9998
2 53820  53.1590 138.0493 0002767 121.7275 238.3998 15.35406143222435
STARLINK-4748           
1 53823U 22114F   26263.90915829 -.00002321  00000+0 -57597-4 0  9999
2 53823  53.1594  89.4560 0001271  81.0209 279.0937 15.34384422223115
STARLINK-4757           
1 53824U 22114G   26263.38940750  .00000622  00000+0  28736-4 0  9996
2 53824  53.1614 140.3659 0001148  95.8645 264.2489 15.35396932222268
STARLINK-4751           
1 53825U 22114H   26263.25217522  .00001054  00000+0  41139-4 0  9999
2 53825  53.1599 140.9200 0001291  90.6294 269.4857 15.35393775222337
STARLINK-4756           
1 53826U 22114J   26263.38531621 -.00001242  00000+0 -25668-4 0  9993
2 53826  53.1606 140.3309 0000409 210.2657 149.8322 15.34386557222353
STARLINK-4764           
1 53827U 22114K   26263.94449972 -.00003840  00000+0 -99248-4 0  9994
2 53827  53.1593 138.1335 0000565 335.8652  24.2324 15.35402556222431
STARLINK-4760           
1 53828U 22114L   26263.30905614  .00001023  00000+0  40242-4 0  9994
2 53828  53.1614 141.2740 0001155  95.5146 264.5989 15.35399072222338
STARLINK-4759           
1 53829U 22114M   26263.94536363  .00000494  00000+0  25060-4 0  9998
2 53829  53.1610 138.1397 0001224  89.3280 270.7864 15.35402371222434
STARLINK-4761           
1 53830U 22114N   26263.92113431 -.00000029  00000+0  10293-4 0  9992
2 53830  53.1606 137.9885 0001469  92.5470 267.5701 15.34388978222437
STARLINK-4649           
1 53831U 22114P   26263.28230923  .00000462  00000+0  24805-4 0  9992
2 53831  53.1613 140.4067 0001253  88.5238 271.5908 15.34388824222349
STARLINK-4747           
1 53832U 22114Q   26263.35375708  .00000732  00000+0  32817-4 0  9994
2 53832  53.1611 140.1434 0001614  86.1398 273.9789 15.34393782222358
STARLINK-4771           
1 53833U 22114R   26263.91670139  .00008297  00000+0  50629-3 0  9997
2 53833  53.1609 146.9060 0001977  45.1413  42.1956 15.11124750  5757
STARLINK-4737           
1 53834U 22114S   26263.95255229  .00001179  00000+0  44700-4 0  9997
2 53834  53.1601 137.4704 0001051  86.2997 273.8126 15.35403382222442
STARLINK-4783           
1 53835U 22114T   26262.43696785 -.00000954  00000+0 -41841-4 0  9991
2 53835  53.1618 153.4820 0001263  93.8078 266.3058 15.08828860222080
STARLINK-4778           
1 53836U 22114U   26263.91670139  .00007688  00000+0  25929-3 0  9998
2 53836  53.1601 112.2343 0001453  80.2937 328.4039 15.31696999  5845
STARLINK-4776           
1 53837U 22114V   26263.95311963  .00000049  00000+0  21153-4 0  9990
2 53837  53.1594 146.5939 0001396  92.2657 267.8494 15.08837403222311
STARLINK-4773           
1 53838U 22114W   26263.26594157  .00000150  00000+0  27519-4 0  9998
2 53838  53.1606 140.1426 0001571  85.0294 275.0877 15.08832568222345
STARLINK-4784           
1 53839U 22114X   26262.94209766 -.00007201  00000+0 -43444-3 0  9992
2 53839  53.1601 141.6772 0001849  88.7418 271.3785 15.08866707222290
STARLINK-4766           
1 53840U 22114Y   26263.23041407  .00000685  00000+0  33829-4 0  9997
2 53840  53.1594 125.2073 0001344  73.1529 286.9620 15.31716286222557
STARLINK-4750           
1 53841U 22114Z   26263.91670139  .00021568  00000+0  11108-2 0  9990
2 53841  53.1604 136.7780 0001950  98.7917  66.5676 15.16362218  5792
STARLINK-4754           
1 53842U 22114AA  26263.91670139  .00013040  00000+0  69656-3 0  9999
2 53842  53.1610 136.7345 0001689 122.0049  63.7586 15.15437113  5800
STARLINK-4769           
1 53843U 22114AB  26263.92096858 -.00000650  00000+0 -22746-4 0  9996
2 53843  53.1599 137.1179 0001567  95.1780 264.9390 15.08832298222448
STARLINK-4745           
1 53844U 22114AC  26263.91670139  .00018525  00000+0  94084-3 0  9997
2 53844  53.1593 136.8905 0003315 104.3437  14.6483 15.16948430  5808
STARLINK-4753           
1 53845U 22114AD  26263.91670139  .00022799  00000+0  11816-2 0  9997
2 53845  53.1608 136.7698 0001482 171.5947   5.2056 15.16106014  5805
STARLINK-4746           
1 53846U 22114AE  26263.91670139  .00024533  00000+0  12862-2 0  9998
2 53846  53.1604 136.6935 0001485 107.5911  96.1629 15.15657949  5754
STARLINK-4777           
1 53847U 22114AF  26263.37631058  .00000827  00000+0  70090-4 0  9995
2 53847  53.1603 139.4079 0001516  95.6929 264.4235 15.08833607222365
STARLINK-4780           
1 53848U 22114AG  26263.95404473  .00000142  00000+0  27025-4 0  9999
2 53848  53.1589 136.6141 0001310  90.8361 269.2780 15.08834030222456
STARLINK-4770           
1 53849U 22114AH  26263.23508111  .00000204  00000+0  18340-4 0  9994
2 53849  53.1601 125.2348 0001324  84.0408 276.0744 15.31704806222557
STARLINK-4767           
1 53850U 22114AJ  26263.91670139  .00028618  00000+0  16348-2 0  9994
2 53850  53.1600 136.6385 0001018 113.2255 118.8006 15.12513907  5800
STARLINK-4755           
1 53851U 22114AK  26263.95757626  .00016987  00000+0  10788-2 0  9994
2 53851  53.1593 136.6346 0002728  70.5356 289.5930 15.08973042222454
STARLINK-4797           
1 53852U 22114AL  26263.24441003  .00000260  00000+0  20158-4 0  9997
2 53852  53.1601 125.2141 0001372  92.9530 267.1629 15.31701890222552
STARLINK-4794           
1 53853U 22114AM  26262.95676427  .00001007  00000+0  81376-4 0  9994
2 53853  53.1596 141.0591 0001825  83.2435 276.8764 15.08844413222304
STARLINK-4800           
1 53854U 22114AN  26263.24772872  .00001030  00000+0  44955-4 0  9997
2 53854  53.1602 120.2370 0001252 109.4904 250.6233 15.31704661222625
STARLINK-4703           
1 53855U 22114AP  26263.15583135 -.00000414  00000+0 -15675-5 0  9995
2 53855  53.1586 125.4515 0001169  84.9771 275.1363 15.31699669222549
STARLINK-4795           
1 53856U 22114AQ  26263.90836687  .00000514  00000+0  32471-4 0  9993
2 53856  53.1883  77.3320 0001230  82.9273 277.1867 15.26520684223291
STARLINK-4809           
1 53857U 22114AR  26262.92281308  .00001217  00000+0  50927-4 0  9996
2 53857  53.1580 126.8348 0000432  41.9040 318.1994 15.31732221222504
STARLINK-4790           
1 53859U 22114AT  26263.89223642  .00000794  00000+0  37326-4 0  9999
2 53859  53.1596 122.1452 0001175  88.2742 271.8394 15.31713089222652
STARLINK-4799           
1 53860U 22114AU  26263.92814679  .00000240  00000+0  19490-4 0  9999
2 53860  53.1591 116.6693 0001302  85.4164 274.6987 15.31700285222498
STARLINK-4781           
1 53861U 22114AV  26263.32213148  .00000913  00000+0  41195-4 0  9992
2 53861  53.1587 118.5972 0001234  90.0224 270.0919 15.31698848222652
STARLINK-4788           
1 53863U 22114AX  26263.20105446  .00000540  00000+0  29178-4 0  9995
2 53863  53.1588 119.9545 0001367  83.4196 276.6961 15.31702626222623
STARLINK-4779           
1 53864U 22114AY  26263.32689151  .00001016  00000+0  44517-4 0  9992
2 53864  53.1590 119.3120 0001251  95.3271 264.7873 15.31697736222645
STARLINK-4762           
1 53866U 22114BA  26263.92024591 -.00000462  00000+0 -25536-5 0  9998
2 53866  53.1592  91.7273 0001311  90.9795 269.1358 15.34386006223084
STARLINK-4793           
1 53867U 22114BB  26263.91670139  .00117509  00000+0  30265-2 0  9994
2 53867  53.1862  91.9982 0001507 101.8936 146.3387 15.38341427  5707
STARLINK-4789           
1 53868U 22114BC  26263.92580600  .00000412  00000+0  22713-4 0  9994
2 53868  53.1597  91.7742 0001428  82.3255 277.7910 15.35401810223088
STARLINK-4810           
1 53869U 22114BD  26263.94375353  .00000867  00000+0  39698-4 0  9998
2 53869  53.1589 103.9711 0001219  91.3559 268.7582 15.31696919222915
STARLINK-4732           
1 53870U 22114BE  26263.91393065  .00002446  00000+0  83526-4 0  9991
2 53870  53.1594  91.6878 0001208  87.4371 272.6770 15.34391466223080
STARLINK-4740           
1 53871U 22114BF  26263.91604007  .00000178  00000+0  16402-4 0  9992
2 53871  53.1591  91.7068 0001294  88.2906 271.8245 15.34385626223087
STARLINK-5028           
1 53886U 22119A   26263.43428448  .00001350  00000+0  51115-4 0  9996
2 53886  53.1619 163.6735 0001930  86.1226 273.9998 15.34395043221162
STARLINK-5029           
1 53887U 22119B   26263.44972214  .00000343  00000+0  22807-4 0  9990
2 53887  53.1608 163.0573 0001348  86.5755 273.5400 15.31700013221178
STARLINK-5031           
1 53889U 22119D   26263.45438916  .00000617  00000+0  31644-4 0  9992
2 53889  53.1604 163.0878 0001257  85.4080 274.7065 15.31699798221179
STARLINK-5050           
1 53890U 22119E   26263.00201255 -.00000134  00000+0  74352-5 0  9998
2 53890  53.1577 126.0814 0001161  97.6451 262.4682 15.31705315221655
STARLINK-5041           
1 53891U 22119F   26263.91670139  .00375037  64714-4  11089-2 0  9998
2 53891  53.2133 118.4418 0000961  84.8587 213.3770 15.92084157  5941
STARLINK-5046           
1 53892U 22119G   26263.91670139  .01151506  00000+0  24537-1 0  9997
2 53892  53.1610 161.6896 0000938  73.3007 287.7360 15.41638089  5825
STARLINK-5052           
1 53893U 22119H   26262.96063336  .00000850  00000+0  35272-4 0  9992
2 53893  53.1617 166.3882 0001261  90.8621 269.2527 15.35399306221083
STARLINK-5043           
1 53894U 22119J   26263.92991864 -.00000253  00000+0  36236-5 0  9996
2 53894  53.1611 144.5791 0001328  91.1886 268.9268 15.31698441221486
STARLINK-5037           
1 53896U 22119L   26263.43442691  .00002629  00000+0  86279-4 0  9992
2 53896  53.1619 164.3671 0001165  87.2170 272.8967 15.35389012221153
STARLINK-5035           
1 53897U 22119M   26263.91670139  .00093952  00000+0  19752-2 0  9995
2 53897  53.2159 112.0878 0001238  76.9183 157.8542 15.44570354  5931
STARLINK-5044           
1 53898U 22119N   26263.43379397  .00003510  00000+0  11795-3 0  9996
2 53898  53.1604 163.6666 0001612 104.6900 255.4281 15.33566994221168
STARLINK-5045           
1 53900U 22119Q   26262.46987505  .00001095  00000+0  43555-4 0  9994
2 53900  53.1611 168.3124 0001178  91.6653 268.4485 15.34388749221013
STARLINK-5021           
1 53902U 22119S   26262.90473830  .00000244  00000+0  19632-4 0  9990
2 53902  53.1599 111.2563 0001334  97.9431 262.1722 15.31696007221854
STARLINK-5022           
1 53903U 22119T   26263.42567338 -.00000668  00000+0 -97612-5 0  9993
2 53903  53.1591 160.1060 0001007  91.0566 269.0551 15.31704988221217
STARLINK-4787           
1 53904U 22119U   26262.92842922  .00000376  00000+0  22275-4 0  9999
2 53904  53.1593 158.4715 0001074  98.7670 261.3454 15.34394206221196
STARLINK-5003           
1 53905U 22119V   26262.25577913  .00003403  00000+0  23178-3 0  9997
2 53905  53.1589 164.7341 0001438 104.5379 255.5771 15.08837347221043
STARLINK-5054           
1 53906U 22119W   26263.00275838  .00000367  00000+0  41145-4 0  9994
2 53906  53.1582 160.8718 0001004  94.4826 265.6280 15.08835620221167
STARLINK-5057           
1 53908U 22119Y   26263.96805002  .00000471  00000+0  26927-4 0  9990
2 53908  53.1586 145.7194 0001309  83.6416 276.4734 15.31703734221469
STARLINK-4796           
1 53909U 22119Z   26263.98111248  .00000662  00000+0  30734-4 0  9998
2 53909  53.1619 153.5447 0001239  88.4018 271.7126 15.34393663221358
STARLINK-5048           
1 53911U 22119AB  26263.31193652  .00000139  00000+0  26851-4 0  9991
2 53911  53.1604 159.9465 0001466 100.9419 259.1737 15.08836112221206
STARLINK-5059           
1 53912U 22119AC  26263.12786490 -.00004157  00000+0 -24313-3 0  9995
2 53912  53.1598 160.2315 0001125  83.8328 276.2792 15.08858848221186
STARLINK-5053           
1 53913U 22119AD  26263.22727772  .00000290  00000+0  36300-4 0  9997
2 53913  53.1597 160.1316 0001557  81.4895 278.6273 15.08831244221190
STARLINK-5040           
1 53914U 22119AE  26263.91670139  .00426832  00000+0  18276-1 0  9991
2 53914  53.1600 156.2397 0001266  83.6560 116.0263 15.20350883  5802
STARLINK-5051           
1 53916U 22119AG  26263.25838237  .00000976  00000+0  43201-4 0  9991
2 53916  53.1594 124.9865 0001075  82.1198 277.9926 15.31697447221701
STARLINK-5036           
1 53917U 22119AH  26263.96452820  .00000281  00000+0  23650-4 0  9995
2 53917  53.1604 121.4310 0001301  98.3097 261.8050 15.26519921221816
STARLINK-5012           
1 53918U 22119AJ  26263.21990501  .00000601  00000+0  55868-4 0  9999
2 53918  53.1611 160.0864 0001538  88.7367 271.3800 15.08832817221195
STARLINK-5023           
1 53919U 22119AK  26263.93905247 -.00000539  00000+0 -56048-5 0  9996
2 53919  53.1612 143.1347 0001278  86.3421 273.7727 15.31696916221504
STARLINK-5025           
1 53920U 22119AL  26263.96338063  .00000458  00000+0  26514-4 0  9999
2 53920  53.1583 145.6852 0001263  88.2849 271.8297 15.31705306221460
STARLINK-5002           
1 53922U 22119AN  26263.93382160  .00000058  00000+0  21760-4 0  9999
2 53922  53.1603 156.7195 0001885  96.5534 263.5672 15.08832547221301
STARLINK-5004           
1 53923U 22119AP  26263.21253578 -.00000015  00000+0  17147-4 0  9999
2 53923  53.1602 160.0391 0001462  85.5188 274.5970 15.08831941221198
STARLINK-5001           
1 53924U 22119AQ  26263.93216374 -.00000443  00000+0 -36907-5 0  9994
2 53924  53.1588 129.0066 0001379 101.2809 258.8345 15.26512598221701
STARLINK-5011           
1 53925U 22119AR  26263.12418544  .00000272  00000+0  35200-4 0  9991
2 53925  53.1592 160.2080 0001227  92.9006 267.2126 15.08835839221186
STARLINK-5014           
1 53926U 22119AS  26263.95574754  .00000763  00000+0  36343-4 0  9993
2 53926  53.1615 116.3503 0001372  96.5532 263.5626 15.31709165221890
STARLINK-5009           
1 53928U 22119AU  26262.95220690  .00000630  00000+0  57717-4 0  9992
2 53928  53.1603 151.2848 0001094  95.2696 264.8420 15.08822030221298
STARLINK-5018           
1 53929U 22119AV  26263.95870845  .00001177  00000+0  49680-4 0  9994
2 53929  53.1596 145.6525 0001367  87.0096 273.1062 15.31705719221469
STARLINK-5010           
1 53930U 22119AW  26263.94968239 -.00000496  00000+0 -56965-5 0  9990
2 53930  53.1760  92.1696 0001437 103.8688 256.2471 15.26517321222226
STARLINK-4772           
1 53932U 22119AY  26263.96283114 -.00000560  00000+0 -17099-4 0  9992
2 53932  53.1605 141.9295 0001772  88.2947 271.8247 15.08831182221520
STARLINK-4782           
1 53933U 22119AZ  26263.94211567  .00000794  00000+0  68040-4 0  9993
2 53933  53.1593 146.7965 0001584  83.8552 276.2620 15.08820138221442
STARLINK-4775           
1 53934U 22119BA  26263.36299909 -.00000595  00000+0 -19287-4 0  9996
2 53934  53.1566 144.5871 0001742 125.9028 234.2126 15.08827326221448
STARLINK-4791           
1 53936U 22119BC  26262.95688539  .00000047  00000+0  13271-4 0  9990
2 53936  53.1589 132.3018 0001231  93.4951 266.6191 15.31697459221573
STARLINK-4633           
1 53964U 22125A   26263.73719241  .00000818  00000+0  35363-4 0  9992
2 53964  53.1614  60.4295 0001266  85.2859 274.8288 15.34392651218871
STARLINK-4635           
1 53966U 22125C   26263.15938450  .00001812  00000+0  64783-4 0  9998
2 53966  53.1610  63.2207 0001322  89.3190 270.7964 15.34389234218788
STARLINK-4634           
1 53967U 22125D   26263.73929677  .00000185  00000+0  16605-4 0  9996
2 53967  53.1614  60.4399 0001349  79.3411 280.7744 15.34392020218872
STARLINK-4629           
1 53968U 22125E   26263.93051120  .00002095  00000+0  73147-4 0  9994
2 53968  53.1612  59.5013 0000966 106.8610 253.2499 15.34388765218901
STARLINK-4468           
1 53969U 22125F   26263.87333721  .00000985  00000+0  41249-4 0  9992
2 53969  53.1597  59.8598 0000606  86.7183 273.3889 15.33551347218898
STARLINK-4567           
1 53970U 22125G   26263.58725202  .00000198  00000+0  16587-4 0  9994
2 53970  53.1600  51.7275 0001228  94.6042 265.5101 15.35394100218996
STARLINK-5156           
1 53973U 22125K   26263.93275913 -.00007182  00000+0 -21958-3 0  9994
2 53973  53.1587  59.5186 0001574 122.6688 237.4466 15.31742256218900
STARLINK-5159           
1 53974U 22125L   26263.66931869  .00000731  00000+0  32783-4 0  9994
2 53974  53.1613  37.2666 0001029  87.7707 272.3414 15.34391039219190
STARLINK-5137           
1 53975U 22125M   26263.93332932 -.00001103  00000+0 -51241-4 0  9997
2 53975  53.1612  61.5472 0001317  91.2549 268.8593 15.08827958218876
STARLINK-5134           
1 53976U 22125N   26263.93562932  .00059448  00000+0  17317-2 0  9990
2 53976  53.1609  35.3972 0001187 122.6343 237.4775 15.34852351219243
STARLINK-5094           
1 53977U 22125P   26263.58970312  .00001569  00000+0  55923-4 0  9995
2 53977  53.1579  51.0275 0001697  98.9863 261.1332 15.35373918218991
STARLINK-5148           
1 53978U 22125Q   26263.91670139  .00116044  00000+0  40027-2 0  9999
2 53978  53.1605  59.8968 0001263  55.2277  24.0306 15.29099779  5805
STARLINK-5123           
1 53979U 22125R   26263.91795136 -.00001485  00000+0 -36095-4 0  9991
2 53979  53.1622  55.8478 0001281  82.7800 277.3347 15.31691598218954
STARLINK-5133           
1 53980U 22125S   26263.91670139  .00059855  00000+0  18187-2 0  9990
2 53980  53.1592  59.6623 0001056  54.4565 142.9714 15.33515298  5807
STARLINK-5149           
1 53981U 22125T   26263.60056192  .00001743  00000+0  67884-4 0  9997
2 53981  53.1616  36.8649 0000662  96.7721 263.3355 15.31705201219196
STARLINK-5120           
1 53982U 22125U   26263.91670139  .00039171  00000+0  14865-2 0  9990
2 53982  53.1595  56.0431 0001332  61.4534 153.2116 15.26494505  5801
STARLINK-5142           
1 53984U 22125W   26263.58977474 -.00000148  00000+0  87935-5 0  9991
2 53984  53.1598  58.6714 0001273  85.5498 274.5639 15.08832769218887
STARLINK-5147           
1 53985U 22125X   26263.86210812 -.00000110  00000+0  11214-4 0  9994
2 53985  53.1595  57.5251 0001514  92.6842 267.4322 15.08828814218920
STARLINK-5119           
1 53986U 22125Y   26263.84694656 -.00000189  00000+0  56647-5 0  9991
2 53986  53.1620  33.4516 0001070  80.9446 279.1677 15.31704063219259
STARLINK-5113           
1 53988U 22125AA  26263.68670865  .00000275  00000+0  19268-4 0  9993
2 53988  53.1619  50.8517 0001078  87.3758 272.7368 15.34390912218991
STARLINK-5118           
1 53991U 22125AD  26263.85042055  .00000507  00000+0  25450-4 0  9998
2 53991  53.1625  36.2041 0001128  80.1687 279.9443 15.35402646219218
STARLINK-5108           
1 53992U 22125AE  26263.56695797  .00000577  00000+0  28230-4 0  9990
2 53992  53.1620  51.5232 0001246  79.0151 281.0992 15.34391625218978
STARLINK-5121           
1 53993U 22125AF  26263.15410528  .00000625  00000+0  57386-4 0  9991
2 53993  53.1603  55.2287 0001274  96.0807 264.0330 15.08834271218886
STARLINK-5125           
1 53994U 22125AG  26263.91670139  .00038999  00000+0  14804-2 0  9993
2 53994  53.1589  56.0363 0001401  76.5371 140.7101 15.26486638  5807
STARLINK-5097           
1 53995U 22125AH  26263.57116536  .00000335  00000+0  21050-4 0  9998
2 53995  53.1614  51.5540 0001181  87.1184 272.9954 15.34392605218976
STARLINK-5131           
1 53996U 22125AJ  26263.16285941  .00000369  00000+0  41311-4 0  9990
2 53996  53.1611  60.2741 0001168  96.2169 263.8955 15.08832187218822
STARLINK-5130           
1 53997U 22125AK  26263.60573113  .00000492  00000+0  25687-4 0  9996
2 53997  53.1611  35.4691 0001127  83.3397 276.7734 15.34389788219200
STARLINK-5128           
1 53998U 22125AL  26263.91670139  .00076493  00000+0  30246-2 0  9996
2 53998  53.1611  56.1587 0002063  71.2298  82.8294 15.24814692  5757
STARLINK-5079           
1 53999U 22125AM  26263.57537121 -.00003081  00000+0 -80111-4 0  9995
2 53999  53.1588  51.5756 0000846  87.6737 272.4362 15.34391630218981
STARLINK-5088           
1 54000U 22125AN  26263.88357878 -.00001118  00000+0 -21955-4 0  9992
2 54000  53.1602  35.7760 0001460  74.9808 285.1356 15.34381405219234
STARLINK-5109           
1 54002U 22125AQ  26263.59510566  .00000430  00000+0  25607-4 0  9999
2 54002  53.1630  33.3318 0000982  64.2964 295.8138 15.31719137219244
STARLINK-5114           
1 54003U 22125AR  26263.68909306  .00000600  00000+0  55805-4 0  9996
2 54003  53.1598  57.8706 0001253  94.6338 265.4797 15.08835177218907
STARLINK-5129           
1 54004U 22125AS  26263.91670139  .00075278  00000+0  29094-2 0  9994
2 54004  53.1586  56.0732 0002159  86.1786 110.3813 15.25584354  5755
STARLINK-5135           
1 54005U 22125AT  26263.01934768  .00001960  00000+0  14124-3 0  9993
2 54005  53.1611  60.8024 0001288 101.9270 258.1866 15.08823331218801
STARLINK-5096           
1 54006U 22125AU  26263.68735416  .00001056  00000+0  45778-4 0  9992
2 54006  53.1614  48.0793 0001055  84.2572 275.8550 15.31708610219036
STARLINK-5132           
1 54007U 22125AV  26263.93930054  .00002130  00000+0  15187-3 0  9990
2 54007  53.1596  56.5906 0001323  92.9762 267.1381 15.08845997218940
STARLINK-5145           
1 54008U 22125AW  26263.67343994  .00000593  00000+0  28697-4 0  9995
2 54008  53.1616  36.5942 0000775  69.6162 290.4923 15.34385007219208
STARLINK-5099           
1 54009U 22125AX  26263.69933096  .00000809  00000+0  35093-4 0  9994
2 54009  53.1602  50.9280 0001042  83.8990 276.2132 15.34393586219007
STARLINK-5127           
1 54010U 22125AY  26263.93819437  .00001265  00000+0  48552-4 0  9996
2 54010  53.1603  35.4052 0001031  77.4749 282.6369 15.34403562219249
STARLINK-5124           
1 54011U 22125AZ  26263.94029902  .00000203  00000+0  17152-4 0  9991
2 54011  53.1621  35.4197 0001266  81.5082 278.6064 15.34390277219241
STARLINK-5126           
1 54012U 22125BA  26263.57663674 -.00002802  00000+0 -78617-4 0  9993
2 54012  53.1610  34.6110 0001217 101.8409 258.2729 15.31677791219227
STARLINK-5098           
1 54013U 22125BB  26263.66668981  .00003245  00000+0  10723-3 0  9993
2 54013  53.1597  36.7685 0001237  86.7267 166.3172 15.34366066  5886
STARLINK-5055           
1 54015U 22125BD  26263.49805387  .08251091  12438-4  45620-3 0  9998
2 54015  53.2005  15.8216 0004916 291.2485  68.8039 16.42165872219486
STARLINK-5195           
1 54051U 22136A   26263.91670139  .00013393  00000+0  55246-3 0  9997
2 54051  53.1612 186.8680 0000985  73.7113 256.2497 15.24372412  5759
STARLINK-5189           
1 54052U 22136B   26262.94481466  .00000726  00000+0  63702-4 0  9996
2 54052  53.1605 151.2320 0001491  97.2392 262.8769 15.08833779216739
STARLINK-5176           
1 54053U 22136C   26263.23362477  .00000250  00000+0  19827-4 0  9991
2 54053  53.1591 176.0979 0001419  91.3533 268.7631 15.31700369216413
STARLINK-5163           
1 54054U 22136D   26263.16390110 -.00000602  00000+0 -76473-5 0  9993
2 54054  53.1602 177.8366 0001029  75.1572 284.9543 15.31704241216387
STARLINK-5158           
1 54055U 22136E   26263.26899956  .00001085  00000+0  44315-4 0  9990
2 54055  53.1604 179.1097 0001181  94.5620 265.5517 15.33543281216376
STARLINK-5226           
1 54056U 22136F   26263.46955634  .00000379  00000+0  21763-4 0  9996
2 54056  53.1612 179.6253 0001530  84.7428 275.3750 15.35401611216381
STARLINK-5167           
1 54058U 22136H   26263.48955702  .00000072  00000+0  12964-4 0  9999
2 54058  53.1604 177.6378 0001329  91.0046 269.1109 15.35397405216411
STARLINK-5173           
1 54059U 22136J   26263.93499345  .00000888  00000+0  37418-4 0  9992
2 54059  53.1594 175.4465 0001234  88.5812 271.5333 15.34386005216486
STARLINK-5169           
1 54060U 22136K   26263.19780801  .00001726  00000+0  12656-3 0  9990
2 54060  53.1599 159.9365 0001438  79.4429 280.6725 15.08818177216632
STARLINK-5209           
1 54061U 22136L   26263.37118506  .00000932  00000+0  38714-4 0  9990
2 54061  53.1613 142.6379 0001263  89.6957 270.4190 15.34389520216894
STARLINK-5170           
1 54062U 22136M   26263.42179968 -.00000104  00000+0  79345-5 0  9994
2 54062  53.1596 177.9267 0001309  90.1376 269.9777 15.35392428216408
STARLINK-5172           
1 54064U 22136P   26263.35314804  .00000326  00000+0  22268-4 0  9994
2 54064  53.1597 131.1958 0001053  82.2678 277.8443 15.31697514217053
STARLINK-5187           
1 54065U 22136Q   26263.26709243  .00001511  00000+0  54216-4 0  9995
2 54065  53.1607 179.0882 0001374  91.2980 268.8181 15.35401055216375
STARLINK-5151           
1 54066U 22136R   26263.91670139  .00007216  00000+0  31603-3 0  9991
2 54066  53.1590 186.7374 0002298  80.1996 315.5810 15.23065546  5696
STARLINK-5174           
1 54067U 22136S   26263.48899483 -.00000084  00000+0  85025-5 0  9995
2 54067  53.1593 177.6358 0001432  84.5161 275.6006 15.35395345216415
STARLINK-5222           
1 54068U 22136T   26263.27392262 -.00000365  00000+0  44126-6 0  9996
2 54068  53.1603 180.5318 0001468  86.1573 273.9598 15.35392095216350
STARLINK-5181           
1 54070U 22136V   26263.17969352  .00000484  00000+0  24788-4 0  9999
2 54070  53.1608 179.2553 0001329  93.6757 266.4398 15.35402992216361
STARLINK-5168           
1 54071U 22136W   26263.47272958  .00000177  00000+0  16374-4 0  9993
2 54071  53.1618 177.5346 0001043  87.5216 272.5906 15.34386308216419
STARLINK-5146           
1 54073U 22136Y   26263.14923386  .00001423  00000+0  53273-4 0  9991
2 54073  53.1615 179.7075 0001232  96.4382 263.6761 15.34376613216355
STARLINK-5192           
1 54074U 22136Z   26263.33291303  .00000420  00000+0  22935-4 0  9997
2 54074  53.1618 180.8892 0001293  83.6223 276.4927 15.35401350216352
STARLINK-5212           
1 54075U 22136AA  26263.15294371 -.00004312  00000+0 -12719-3 0  9990
2 54075  53.1601 170.6161 0001328 122.2048 237.9082 15.31718989216488
STARLINK-5201           
1 54076U 22136AB  26263.21327334  .00002567  00000+0  84487-4 0  9994
2 54076  53.1605 180.8523 0000995  91.9438 268.1679 15.35392843216346
STARLINK-5171           
1 54077U 22136AC  26262.48264779  .00000421  00000+0  44575-4 0  9997
2 54077  53.1595 169.1288 0001375  92.5330 267.5819 15.08832526216441
STARLINK-5175           
1 54079U 22136AE  26263.32517699  .00042314  00000+0  17179-2 0  9990
2 54079  53.1629 178.5800 0001382 108.1969 251.9179 15.24205139216386
STARLINK-5210           
1 54082U 22136AH  26263.91670139  .00010540  00000+0  51435-3 0  9998
2 54082  53.1592 176.8262 0001412 116.4101 111.0456 15.18829920  5806
STARLINK-5178           
1 54083U 22136AJ  26263.91670139  .00000894  00000+0  48404-4 0  9993
2 54083  53.1614 175.5765 0001411  86.4751  64.0324 15.25293021  5707
STARLINK-5183           
1 54084U 22136AK  26263.91670139  .00011579  00000+0  47296-3 0  9993
2 54084  53.1592 176.0084 0001277 102.0401 185.4030 15.24841166  5801
STARLINK-5166           
1 54085U 22136AL  26263.91670139  .00020681  00000+0  65099-3 0  9999
2 54085  53.1601 175.3800 0001359 108.8917 142.7997 15.32925709  5755
STARLINK-5211           
1 54086U 22136AM  26263.43480162 -.00005423  00000+0 -14957-3 0  9998
2 54086  53.1622 155.8648 0001350  81.7488 278.3668 15.34378250216711
STARLINK-5184           
1 54087U 22136AN  26263.91670139  .00006961  00000+0  29098-3 0  9995
2 54087  53.1605 175.8548 0001206  96.2550 273.6562 15.24713456  5745
STARLINK-5153           
1 54088U 22136AP  26263.91670139  .00022589  00000+0  70541-3 0  9999
2 54088  53.1605 175.4152 0001524 107.5948 124.8285 15.33125099  5708
STARLINK-5143           
1 54089U 22136AQ  26263.91670139  .00009053  00000+0  33025-3 0  9997
2 54089  53.1615 175.6226 0001953  74.9186  54.5785 15.28897419  5802
STARLINK-5177           
1 54090U 22136AR  26263.91670139  .00006669  00000+0  27300-3 0  9998
2 54090  53.1612 175.7359 0002099  72.1634 356.9832 15.25491177  5809
STARLINK-5221           
1 54091U 22136AS  26263.91670139  .00005869  00000+0  33318-3 0  9996
2 54091  53.1608 176.5322 0002405  63.0586 313.5924 15.14280116  5796
STARLINK-5213           
1 54093U 22136AU  26263.91670139  .00002610  00000+0  13909-3 0  9993
2 54093  53.1604 176.2980 0002173  75.2556  63.6617 15.18775585  5699
STARLINK-5193           
1 54095U 22136AW  26263.91670139  .00006438  00000+0  32909-3 0  9998
2 54095  53.1606 176.3640 0001596  68.5497  33.8327 15.17870434  5699
STARLINK-5188           
1 54096U 22136AX  26263.91670139  .00009631  00000+0  41134-3 0  9997
2 54096  53.1597 175.9205 0001041  69.5792 263.4515 15.23532484  5704
STARLINK-5197           
1 54097U 22136AY  26263.95085396  .00000268  00000+0  34960-4 0  9994
2 54097  53.1602 151.8268 0001751  92.7285 267.3907 15.08832357216816
STARLINK-5217           
1 54098U 22136AZ  26263.91670139  .00010681  00000+0  48975-3 0  9996
2 54098  53.1593 176.8426 0000411 159.3176  54.2235 15.20979568  5699
STARLINK-5198           
1 54099U 22136BA  26263.91670139  .00009960  00000+0  59264-3 0  9998
2 54099  53.1603 176.5750 0001830  27.4582 325.2666 15.11827067  5797
STARLINK-5185           
1 54100U 22136BB  26263.91670139  .00008489  00000+0  35231-3 0  9994
2 54100  53.1614 175.7398 0002349  88.1548 338.3509 15.24664062  5444
STARLINK-5204           
1 54101U 22136BC  26263.97343548  .00000321  00000+0  22108-4 0  9999
2 54101  53.1592 148.6367 0001104  95.1172 264.9956 15.31705346216863
STARLINK-5179           
1 54102U 22136BD  26263.91670139  .00019710  00000+0  63291-3 0  9992
2 54102  53.1604 175.3936 0001453 107.5479 130.8472 15.32319566  5756
STARLINK-5200           
1 54103U 22136BE  26263.97271518  .00000901  00000+0  40788-4 0  9996
2 54103  53.1588 145.7437 0001246  93.5134 266.6010 15.31702484216908
STARLINK-5203           
1 54104U 22136BF  26263.90305977  .00000518  00000+0  28477-4 0  9992
2 54104  53.1592 128.2264 0001386  84.2374 275.8786 15.31697761217146
STARLINK-5290           
1 54157U 22141A   26263.91670139  .00046944  00000+0  14510-2 0  9996
2 54157  53.1611 215.5075 0000935 109.9492 190.6181 15.33081326  5640
STARLINK-5297           
1 54158U 22141B   26263.91670139  .00000283  00000+0  19930-4 0  9996
2 54158  53.1687 215.5363 0000870  72.2007 213.4654 15.33549080  5809
STARLINK-5294           
1 54159U 22141C   26263.91670139 -.00000363  00000+0  29851-6 0  9992
2 54159  53.1681 215.5802 0001465  91.1488 175.2199 15.33543297  5708
STARLINK-5233           
1 54160U 22141D   26263.22134948  .00000310  00000+0  21764-4 0  9995
2 54160  53.1598 164.1395 0001443  97.7837 262.3329 15.31703309215873
STARLINK-5269           
1 54161U 22141E   26263.54934068  .00000642  00000+0  32448-4 0  9991
2 54161  53.1597 207.5454 0001247  89.5797 270.5348 15.31704873215292
STARLINK-5273           
1 54162U 22141F   26263.91670139  .00045568  00000+0  13924-2 0  9991
2 54162  53.1606 215.4481 0001551 106.6524 223.5399 15.33459567  5705
STARLINK-5161           
1 54163U 22141G   26263.30163711  .00000559  00000+0  27684-4 0  9999
2 54163  53.1600 194.6453 0001245  89.0179 271.0967 15.34390735215453
STARLINK-5278           
1 54164U 22141H   26263.19242037 -.00003858  00000+0 -10308-3 0  9997
2 54164  53.1580 195.3801 0002695  64.4731 295.6550 15.34394570215436
STARLINK-5279           
1 54165U 22141J   26263.91670139  .00035910  00000+0  11023-2 0  9992
2 54165  53.1614 215.5259 0001295  89.7390 200.6468 15.33425059  5744
STARLINK-5280           
1 54166U 22141K   26263.45505165  .00000298  00000+0  19966-4 0  9995
2 54166  53.1602 194.1723 0001130  96.9249 263.1883 15.34388397215473
STARLINK-5243           
1 54167U 22141L   26263.91670139  .00072730  00000+0  24032-2 0  9999
2 54167  53.1612 215.5983 0001313 128.3950 122.7678 15.30741619  5793
STARLINK-5245           
1 54168U 22141M   26263.44874923 -.00002036  00000+0 -49159-4 0  9998
2 54168  53.1610 194.1345 0001754  67.2155 292.9033 15.34375636215472
STARLINK-5282           
1 54169U 22141N   26263.52229366  .00000148  00000+0  15508-4 0  9994
2 54169  53.1588 193.8864 0001239  94.2922 265.8223 15.34387085215481
STARLINK-5155           
1 54170U 22141P   26262.51790102  .00000302  00000+0  20068-4 0  9994
2 54170  53.1604 198.2855 0001302  93.8983 266.2169 15.34391077215338
STARLINK-5117           
1 54172U 22141R   26262.28872883  .00000420  00000+0  24115-4 0  9995
2 54172  53.1608 199.6994 0001403  83.7747 276.3415 15.33546140215294
STARLINK-5242           
1 54173U 22141S   26263.44664755  .00002569  00000+0  87157-4 0  9993
2 54173  53.1599 194.1228 0001260  98.4838 261.6307 15.34393930215474
STARLINK-5248           
1 54174U 22141T   26263.38632723  .00000843  00000+0  35070-4 0  9997
2 54174  53.1601 142.3479 0001325  83.6562 276.4592 15.35396182216197
STARLINK-5256           
1 54175U 22141U   26263.45084654 -.00005952  00000+0 -16511-3 0  9996
2 54175  53.1607 194.1490 0001405 126.6978 233.4154 15.34408121215473
STARLINK-5154           
1 54176U 22141V   26263.53483052 -.00000577  00000+0 -59382-5 0  9994
2 54176  53.1608 193.2580 0001528  86.0347 274.0830 15.34385244215494
STARLINK-5186           
1 54177U 22141W   26263.30584334  .00000313  00000+0  20414-4 0  9994
2 54177  53.1588 194.6686 0001347 101.1949 258.9205 15.34399800215456
STARLINK-5164           
1 54178U 22141X   26263.30373762 -.00000106  00000+0  79945-5 0  9991
2 54178  53.1589 194.6353 0000883  79.7374 280.3728 15.34391925215454
STARLINK-5122           
1 54179U 22141Y   26263.07677286 -.00000061  00000+0  93197-5 0  9999
2 54179  53.1589 195.3737 0001277  83.5833 276.5315 15.34386076215427
STARLINK-5227           
1 54181U 22141AA  26263.43824932 -.00001518  00000+0 -33827-4 0  9996
2 54181  53.1595 194.0692 0001580  82.4105 277.7077 15.34371057215476
STARLINK-5231           
1 54182U 22141AB  26263.91670139  .00004491  00000+0  23557-3 0  9997
2 54182  53.1592 176.4159 0002373  87.1192 167.1893 15.17673346  5758
STARLINK-5239           
1 54183U 22141AC  26263.31215832  .00000392  00000+0  22751-4 0  9999
2 54183  53.1599 194.7063 0001293  88.4333 271.6817 15.34388304215457
STARLINK-5162           
1 54184U 22141AD  26263.93797474 -.00000832  00000+0 -15051-4 0  9991
2 54184  53.1605 194.3138 0001155  89.2438 270.8696 15.31695824215515
STARLINK-5235           
1 54185U 22141AE  26263.31005473  .00000365  00000+0  21952-4 0  9991
2 54185  53.1589 194.6937 0001158  92.6952 267.4183 15.34389097215450
STARLINK-5240           
1 54187U 22141AG  26263.31426383  .00000169  00000+0  16144-4 0  9999
2 54187  53.1600 194.7263 0001269  93.8692 266.2455 15.34389293215453
STARLINK-5238           
1 54188U 22141AH  26263.27744130  .00000006  00000+0  11325-4 0  9994
2 54188  53.1613 188.7274 0001238  80.6915 279.4227 15.34393161215532
STARLINK-5281           
1 54190U 22141AK  26263.31157984  .00000910  00000+0  38075-4 0  9992
2 54190  53.1599 190.3392 0001194  92.8499 267.2640 15.34388810215518
STARLINK-4619           
1 54191U 22141AL  26263.91670139 -.00024572  00000+0 -71857-3 0  9997
2 54191  53.1608 185.6035 0001318  88.1875 274.8127 15.34395327  5832
STARLINK-5268           
1 54192U 22141AM  26263.30737365  .00000608  00000+0  29135-4 0  9991
2 54192  53.1614 190.3123 0001287  96.0096 264.1054 15.34386848215516
STARLINK-5263           
1 54193U 22141AN  26263.43554037  .00001251  00000+0  48177-4 0  9991
2 54193  53.1610 189.6904 0001344  88.8997 271.2160 15.34391710215537
STARLINK-5271           
1 54194U 22141AP  26263.17921782  .00001540  00000+0  56726-4 0  9998
2 54194  53.1612 190.9331 0001284  85.6778 274.4371 15.34379583215492
STARLINK-5258           
1 54195U 22141AQ  26263.49178688  .00000663  00000+0  30769-4 0  9997
2 54195  53.1628 187.9297 0001250  69.5687 290.5450 15.34396714215560
STARLINK-5237           
1 54196U 22141AR  26263.49290804  .00000559  00000+0  26932-4 0  9994
2 54196  53.1589 187.9319 0001321  94.2154 265.9001 15.35398738215562
STARLINK-5246           
1 54198U 22141AT  26263.16870230  .00000889  00000+0  36383-4 0  9994
2 54198  53.1601 189.4635 0001417  83.8293 276.2871 15.35401401215518
STARLINK-5244           
1 54199U 22141AU  26263.29458125 -.00002013  00000+0 -46803-4 0  9995
2 54199  53.1603 188.8287 0001087  84.6157 275.4970 15.35415017215539
STARLINK-5250           
1 54200U 22141AV  26263.17640659  .00000752  00000+0  32466-4 0  9996
2 54200  53.1607 189.5111 0001129  71.6846 288.4280 15.35404130215518
STARLINK-5199           
1 54201U 22141AW  26263.52956850  .00000357  00000+0  21698-4 0  9995
2 54201  53.1601 187.4492 0001295  86.4356 273.6794 15.34389961215571
STARLINK-5205           
1 54202U 22141AX  26263.28186717  .00001214  00000+0  45690-4 0  9997
2 54202  53.1596 188.7490 0001092  90.4220 269.6908 15.35400249215539
STARLINK-5247           
1 54203U 22141AY  26263.28975813  .00001658  00000+0  58403-4 0  9999
2 54203  53.1604 188.8004 0001180  81.7557 278.3580 15.35416254215532
STARLINK-5241           
1 54204U 22141AZ  26263.42715098  .00001286  00000+0  47764-4 0  9998
2 54204  53.1595 188.2296 0001417  66.8850 293.2302 15.35407485215558
STARLINK-5249           
1 54205U 22141BA  26263.27458905  .00000737  00000+0  35497-4 0  9993
2 54205  53.1602 190.8198 0001384  92.8046 267.3114 15.31707627215490
STARLINK-5264           
1 54206U 22141BB  26263.26003105  .00001309  00000+0  48438-4 0  9996
2 54206  53.1587 155.0783 0001234  83.5025 276.6119 15.35399636216001
STARLINK-5262           
1 54207U 22141BC  26263.46954119 -.00002362  00000+0 -60540-4 0  9999
2 54207  53.1603 189.8985 0001229  78.6787 281.4354 15.33540433215537
STARLINK-5255           
1 54208U 22141BD  26263.03027050 -.00000408  00000+0 -13827-5 0  9994
2 54208  53.1603 165.0763 0001486  80.7586 279.3584 15.31699506215843
STARLINK-5259           
1 54209U 22141BE  26263.24595271  .00001581  00000+0  56221-4 0  9998
2 54209  53.1611 181.3381 0001260  73.0133 287.1008 15.35395512215632
STARLINK-5464           
1 54758U 22175A   26263.91670139  .00022087  00000+0  72117-3 0  9990
2 54758  53.1566 230.8487 0001420  96.2258 200.1775 15.31709174  5812
STARLINK-5215           
1 54759U 22175B   26263.63913936  .00000487  00000+0  27449-4 0  9994
2 54759  53.1588 231.1246 0001268  96.9117 263.2028 15.31696680209594
STARLINK-5220           
1 54760U 22175C   26263.57448342  .00000441  00000+0  23571-4 0  9995
2 54760  53.1619 244.1307 0001554  68.9757 291.1412 15.35391173209400
STARLINK-5202           
1 54761U 22175D   26263.54274562  .00000974  00000+0  43143-4 0  9992
2 54761  53.1590 237.6320 0001399  85.2736 274.8425 15.31698955209492
STARLINK-5214           
1 54762U 22175E   26263.65384696  .00001936  00000+0  74098-4 0  9997
2 54762  53.1589 234.1024 0001423  86.7719 273.3445 15.31715286209559
STARLINK-5191           
1 54763U 22175F   26263.25766437  .00001523  00000+0  57613-4 0  9997
2 54763  53.1614 247.1132 0001052  76.8921 283.2199 15.33555039209338
STARLINK-5458           
1 54764U 22175G   26263.66390611 -.00000072  00000+0  90029-5 0  9998
2 54764  53.1610 236.9601 0001308  86.8704 273.2448 15.34389924209511
STARLINK-5471           
1 54766U 22175J   26263.66427539 -.00000558  00000+0 -17004-4 0  9991
2 54766  53.1607 248.1783 0001257  76.0348 284.0784 15.08820307209354
STARLINK-5472           
1 54767U 22175K   26263.92473433  .00089940  00000+0  54859-2 0  9992
2 54767  53.1606 246.9571 0001433  76.8871 283.2280 15.09577308209397
STARLINK-5444           
1 54768U 22175L   26263.26334252  .00000391  00000+0  24380-4 0  9996
2 54768  53.1594 220.9626 0001252  92.3496 267.7649 15.31698905209705
STARLINK-5448           
1 54770U 22175N   26263.94112744  .00000156  00000+0  15753-4 0  9997
2 54770  53.1587 215.9618 0001251  85.5355 274.5791 15.34389108209835
STARLINK-5451           
1 54771U 22175P   26263.54564528  .00000735  00000+0  40825-4 0  9996
2 54771  53.1587 234.0821 0001412  86.2971 273.8190 15.26517290209544
STARLINK-5452           
1 54772U 22175Q   26263.59287899  .00000605  00000+0  29045-4 0  9992
2 54772  53.1591 219.4481 0001458  92.0268 268.0901 15.34388468209754
STARLINK-5453           
1 54773U 22175R   26263.47480877  .00000365  00000+0  21955-4 0  9996
2 54773  53.1605 237.9043 0001381  86.4590 273.6570 15.34390832209482
STARLINK-5454           
1 54774U 22175S   26262.55490579 -.00002897  00000+0 -74620-4 0  9996
2 54774  53.1588 224.3533 0001257  86.7897 273.3250 15.34401029209597
STARLINK-5465           
1 54775U 22175T   26263.65759918 -.00002088  00000+0 -50674-4 0  9999
2 54775  53.1585 236.9142 0001750  90.6632 269.4571 15.34395713209515
STARLINK-5470           
1 54776U 22175U   26263.91670139  .00852833  00000+0  35697-2 0  9991
2 54776  53.1581 229.7319 0001270 122.2889 341.7766 15.82860020  5853
STARLINK-5468           
1 54777U 22175V   26263.58614995 -.00000645  00000+0 -79588-5 0  9991
2 54777  53.1588 237.1851 0001288  63.4225 296.6909 15.34385720209505
STARLINK-5450           
1 54778U 22175W   26263.91435206  .00000521  00000+0  26563-4 0  9990
2 54778  53.1565 217.9021 0001324  95.9305 264.1849 15.34385266209807
STARLINK-5447           
1 54779U 22175X   26263.90593317  .00001554  00000+0  57124-4 0  9992
2 54779  53.1587 217.8485 0001381  91.4549 268.6612 15.34392406209800
STARLINK-5449           
1 54780U 22175Y   26263.58446725  .00001507  00000+0  55764-4 0  9994
2 54780  53.1585 219.3935 0001219  95.6016 264.5125 15.34377634209756
STARLINK-5443           
1 54781U 22175Z   26263.89751898  .00001284  00000+0  49155-4 0  9998
2 54781  53.1585 217.7925 0001312  89.5832 270.5321 15.34380632209803
STARLINK-5439           
1 54783U 22175AB  26263.51967454  .00000444  00000+0  26060-4 0  9993
2 54783  53.1596 219.7204 0001255  95.7291 264.3854 15.31701649209740
STARLINK-5442           
1 54784U 22175AC  26263.48112195  .00001158  00000+0  45413-4 0  9990
2 54784  53.1608 237.9525 0001218  88.2592 271.8550 15.34393241209488
STARLINK-5440           
1 54785U 22175AD  26263.89354956  .00000028  00000+0  11953-4 0  9996
2 54785  53.1591 177.8539 0001260  94.1514 265.9633 15.34388567210364
STARLINK-5441           
1 54787U 22175AF  26263.54836671  .00000493  00000+0  25731-4 0  9994
2 54787  53.1607 237.6598 0001347  89.6205 270.4952 15.34388717209490
STARLINK-5399           
1 54788U 22175AG  26263.29235202 -.00000816  00000+0 -13013-4 0  9991
2 54788  53.1586 220.4189 0001193  81.4020 278.7118 15.34398737209710
STARLINK-5446           
1 54789U 22175AH  26263.91670139  .00043927  00000+0  14788-2 0  9999
2 54789  53.1600 215.2123 0001816  80.4199  43.5780 15.30367762  5702
STARLINK-5445           
1 54790U 22175AJ  26263.90173866 -.00003485  00000+0 -92159-4 0  9992
2 54790  53.1615 217.8239 0001224  70.4816 289.6319 15.34366031209804
STARLINK-5425           
1 54791U 22175AK  26262.91627090  .00000472  00000+0  25104-4 0  9993
2 54791  53.1600 222.3387 0001298  92.1593 267.9559 15.34390722209650
STARLINK-5431           
1 54792U 22175AL  26263.49082955  .00016492  00000+0  53713-3 0  9998
2 54792  53.1594 238.0119 0002398  79.8107 280.3164 15.31991654209485
STARLINK-5433           
1 54793U 22175AM  26262.61034020  .00015573  00000+0  45637-3 0  9997
2 54793  53.1603 221.7559 0001079  91.4720 268.6406 15.35404105 11517
STARLINK-5436           
1 54795U 22175AP  26263.52085959  .00000041  00000+0  12342-4 0  9999
2 54795  53.1586 217.6065 0001339  92.0115 268.1041 15.34386098209775
STARLINK-5415           
1 54796U 22175AQ  26263.49828518  .00000694  00000+0  31689-4 0  9991
2 54796  53.1586 219.5740 0001088  79.7788 280.3337 15.34391066209748
STARLINK-5435           
1 54797U 22175AR  26263.55256835  .00000810  00000+0  35116-4 0  9995
2 54797  53.1590 237.6705 0001334  90.7011 269.4144 15.34393036209497
STARLINK-5420           
1 54798U 22175AS  26263.60949105  .00000229  00000+0  17456-4 0  9992
2 54798  53.1602 217.3155 0001090  87.9747 272.1381 15.35399597209784
STARLINK-5421           
1 54799U 22175AT  26263.51503004  .00017153  00000+0  50125-3 0  9990
2 54799  53.1592 217.4407 0001646  65.3763 294.7411 15.35417306209771
STARLINK-5428           
1 54800U 22175AU  26263.52261726  .00000883  00000+0  40208-4 0  9990
2 54800  53.1597 231.7077 0001554  83.6227 276.4951 15.31711378209573
STARLINK-5429           
1 54801U 22175AV  26263.33694355  .00000775  00000+0  36745-4 0  9999
2 54801  53.1578 235.6726 0001284  86.8498 273.2651 15.31703392209504
STARLINK-5426           
1 54802U 22175AW  26263.91670139  .00019210  00000+0  78375-3 0  9996
2 54802  53.1611 191.0465 0001190 110.8256 107.5796 15.24464274  5647
STARLINK-5430           
1 54803U 22175AX  26263.55935046  .00000181  00000+0  16499-4 0  9995
2 54803  53.1585 241.2093 0001182  88.1450 271.9688 15.34390090209442
STARLINK-5422           
1 54804U 22175AY  26263.49560555  .00000387  00000+0  22596-4 0  9991
2 54804  53.1596 217.4539 0001107  95.9952 264.1177 15.34392687209772
STARLINK-5417           
1 54805U 22175AZ  26263.43543528 -.00001907  00000+0 -10420-3 0  9990
2 54805  53.1580 234.8565 0001423  72.7349 287.3797 15.08012283209522
STARLINK-5412           
1 54806U 22175BA  26263.61273402  .00000913  00000+0  39091-4 0  9992
2 54806  53.1587 217.4667 0000903  97.4625 262.6480 15.33539641209786
STARLINK-5410           
1 54807U 22175BB  26263.36169836  .00000833  00000+0  35786-4 0  9998
2 54807  53.1594 220.1425 0001213  83.5496 276.5644 15.34392147209724
STARLINK-5413           
1 54808U 22175BC  26263.91670139 -.00056149  00000+0 -16618-2 0  9997
2 54808  53.1681 215.4462 0001120  98.3866  11.0491 15.34423793  5742
STARLINK-5414           
1 54809U 22175BD  26263.49350255  .00000226  00000+0  17828-4 0  9994
2 54809  53.1593 217.4384 0001129  87.8732 272.2400 15.34391088209775
STARLINK-5408           
1 54810U 22175BE  26263.53529604  .00002366  00000+0  83270-4 0  9998
2 54810  53.1594 217.6071 0001180 103.5132 256.6002 15.33542882209773
STARLINK-5424           
1 54811U 22175BF  26263.43467520  .00001123  00000+0  44369-4 0  9992
2 54811  53.1588 217.6776 0001304  97.0542 263.0609 15.34394577209760
STARLINK-5382           
1 54820U 22177A   26262.93773421  .00000696  00000+0  34810-4 0  9992
2 54820  43.0064 118.8388 0001557 247.2736 112.7951 15.27575093206631
STARLINK-5385           
1 54821U 22177B   26262.94930435 -.00000899  00000+0 -23123-4 0  9996
2 54821  43.0030 118.9210 0001352 268.5119  91.5578 15.27586255206635
STARLINK-5101           
1 54822U 22177C   26263.94423228 -.00000220  00000+0  15301-5 0  9992
2 54822  43.0006 113.4857 0001068 238.0316 122.0432 15.27575857206782
STARLINK-5106           
1 54823U 22177D   26263.92240127 -.00001200  00000+0 -34094-4 0  9995
2 54823  43.0027 113.3229 0001906 261.1737  98.8899 15.27564360206787
STARLINK-4643           
1 54824U 22177E   26263.92623754  .00001023  00000+0  46701-4 0  9996
2 54824  43.0028 113.3507 0001522 269.9351  90.1326 15.27579535206780
STARLINK-5107           
1 54826U 22177G   26263.94035902 -.00002453  00000+0 -79588-4 0  9991
2 54826  43.0011 113.4449 0000759 255.1866 104.8902 15.27609477206781
STARLINK-5383           
1 54827U 22177H   26263.94808669 -.00000248  00000+0  49182-6 0  9998
2 54827  43.0015 113.5110 0000981 253.4598 106.6146 15.27575483206781
STARLINK-5381           
1 54828U 22177J   26263.88655502  .00000135  00000+0  14430-4 0  9998
2 54828  43.0020 113.9039 0001100 246.4262 113.6475 15.27573841206774
STARLINK-5394           
1 54830U 22177L   26263.89683588 -.00000073  00000+0  68702-5 0  9991
2 54830  43.0030 113.9841 0000927 269.4477  90.6268 15.27572812206779
STARLINK-5395           
1 54831U 22177M   26262.95315286  .00000403  00000+0  24182-4 0  9994
2 54831  43.0022 118.9411 0001424 252.7889 107.2807 15.27574969206638
STARLINK-5386           
1 54834U 22177Q   26262.98527401 -.00000044  00000+0  79438-5 0  9991
2 54834  43.0040 119.1809 0001233 264.3619  95.7092 15.27576788206642
STARLINK-5389           
1 54835U 22177R   26263.95579624 -.00000657  00000+0 -14374-4 0  9992
2 54835  43.0018 113.5656 0001085 266.7984  93.2744 15.27574998206785
STARLINK-5372           
1 54838U 22177U   26263.95114905 -.00000102  00000+0  58059-5 0  9995
2 54838  43.0021 110.1262 0001010 248.3330 111.7415 15.27576647206826
STARLINK-5368           
1 54840U 22177W   26263.87933737 -.00000328  00000+0 -24190-5 0  9991
2 54840  43.0007 110.4384 0000952 268.7720  91.3023 15.27576677206814
STARLINK-4659           
1 54841U 22177X   26262.90880911 -.00000838  00000+0 -20927-4 0  9999
2 54841  43.0034 116.0660 0001289 265.0356  95.0349 15.27574568206665
STARLINK-5387           
1 54842U 22177Y   26263.02160331 -.00000054  00000+0  75713-5 0  9994
2 54842  43.0016 115.1822 0001102 245.4810 114.5927 15.27576392206685
STARLINK-5304           
1 54843U 22177Z   26263.95757815 -.00001754  00000+0 -54261-4 0  9999
2 54843  43.0031 110.1712 0001078 282.8709  77.2023 15.27565447206827
STARLINK-5388           
1 54844U 22177AA  26262.99669019 -.00000150  00000+0  40954-5 0  9994
2 54844  43.0039 118.3894 0001727 261.8888  98.1767 15.27576891206645
STARLINK-5082           
1 54845U 22177AB  26263.94088511  .00000950  00000+0  44055-4 0  9995
2 54845  43.0020 110.0445 0001028 261.8782  98.1953 15.27574192206823
STARLINK-5360           
1 54846U 22177AC  26263.28058090  .00000010  00000+0  98778-5 0  9991
2 54846  43.0026 113.6872 0000998 250.9840 109.0904 15.27574000206727
STARLINK-5061           
1 54847U 22177AD  26263.88963391 -.00000193  00000+0  25160-5 0  9995
2 54847  43.0025  87.9008 0001192 263.7962  96.2754 15.27576098207073
STARLINK-5432           
1 54848U 22177AE  26263.82937960 -.00000274  00000+0 -44126-6 0  9998
2 54848  43.0029  99.6295 0001761 255.5722 104.4934 15.27578396206930
STARLINK-5087           
1 54850U 22177AG  26263.28187449  .00001152  00000+0  51382-4 0  9994
2 54850  43.0040 102.4026 0001479 266.9982  93.0700 15.27574708206859
STARLINK-5084           
1 54851U 22177AH  26263.93191627 -.00002898  00000+0 -95859-4 0  9997
2 54851  43.0042  98.6829 0001460 290.0182  70.0512 15.27564537206955
STARLINK-5418           
1 54852U 22177AJ  26263.92545808  .00000548  00000+0  29439-4 0  9990
2 54852  43.0031  98.6330 0001197 253.5662 106.5058 15.27568919206953
STARLINK-5427           
1 54853U 22177AK  26263.28444279 -.00000923  00000+0 -24024-4 0  9994
2 54853  43.0037 102.4219 0001780 261.3182  98.7468 15.27570823206855
STARLINK-5416           
1 54855U 22177AM  26263.93317274 -.00001095  00000+0 -30283-4 0  9997
2 54855  43.0049  98.6899 0001542 269.1236  90.9439 15.27574534206958
STARLINK-5086           
1 54856U 22177AN  26263.89990559  .00000163  00000+0  15466-4 0  9995
2 54856  43.0025  99.2888 0001308 266.7905  93.2797 15.27573771206948
STARLINK-5078           
1 54857U 22177AP  26262.96650597  .00001058  00000+0  47990-4 0  9999
2 54857  43.0032 104.3323 0001542 269.0980  90.9695 15.27576422206800
STARLINK-5407           
1 54858U 22177AQ  26262.30495988  .00018750  00000+0  69124-3 0  9998
2 54858  43.0042 107.9624 0001839 218.1495 141.9227 15.27479198206709
STARLINK-5409           
1 54859U 22177AR  26263.89605192  .00000931  00000+0  43376-4 0  9998
2 54859  43.0018  99.2649 0001262 257.7069 102.3641 15.27565550206944
STARLINK-5406           
1 54860U 22177AS  26263.90376127  .00000086  00000+0  12659-4 0  9996
2 54860  43.0018  99.3170 0001174 262.8540  97.2178 15.27575996206941
STARLINK-5400           
1 54861U 22177AT  26262.94851810 -.00000211  00000+0  18524-5 0  9996
2 54861  43.0038 104.2031 0001230 276.7891  83.2821 15.27576478206803
STARLINK-5403           
1 54862U 22177AU  26263.94988554 -.00000244  00000+0  64909-6 0  9999
2 54862  43.0017  98.8303 0001507 259.8775 100.1907 15.27571810206956
STARLINK-5405           
1 54863U 22177AV  26263.95501152  .00000304  00000+0  20563-4 0  9998
2 54863  43.0033  98.8456 0001616 250.9930 109.0747 15.27576830206957
STARLINK-5359           
1 54864U 22177AW  26262.93067392  .00000402  00000+0  24118-4 0  9998
2 54864  43.0013 104.9105 0000986 258.2767 101.7974 15.27565804206796
STARLINK-5411           
1 54865U 22177AX  26263.95115531  .00000187  00000+0  16324-4 0  9991
2 54865  43.0021  98.8183 0001915 254.1751 105.8889 15.27576079206958
STARLINK-5398           
1 54866U 22177AY  26263.92288652  .00000045  00000+0  11162-4 0  9992
2 54866  43.0039  98.6077 0001288 266.1561  93.9144 15.27576115206955
STARLINK-5396           
1 54867U 22177AZ  26263.25375217  .00000974  00000+0  44903-4 0  9993
2 54867  43.0021 103.0374 0000917 253.2934 106.7817 15.27580481206846
STARLINK-5379           
1 54868U 22177BA  26263.93059676  .00000238  00000+0  18198-4 0  9997
2 54868  43.0037  98.6605 0001683 268.4821  91.5837 15.27574128206950
STARLINK-5402           
1 54869U 22177BB  26263.92175783  .00000733  00000+0  36147-4 0  9999
2 54869  43.0021  99.4535 0001318 257.4854 102.5850 15.27583580206943
STARLINK-5401           
1 54870U 22177BC  26263.92674286 -.00000358  00000+0 -34953-5 0  9992
2 54870  43.0038  98.6372 0001352 271.1158  88.9539 15.27574936206958
STARLINK-5397           
1 54871U 22177BD  26263.91789276 -.00000327  00000+0 -23589-5 0  9997
2 54871  43.0025  99.4225 0001338 266.9949  93.0750 15.27574757206947
STARLINK-5091           
1 54873U 22177BF  26263.89733335  .00000136  00000+0  14481-4 0  9997
2 54873  43.0025  99.2574 0001500 246.4426 113.6268 15.27576135206943
STARLINK-5277           
1 55269U 23010A   26263.91670139  .00110297  00000+0  73126-2 0  9998
2 55269  69.9990 272.2040 0005424 246.5522 325.8965 15.06643691  5766
STARLINK-5306           
1 55271U 23010C   26263.91670139  .00104589  00000+0  71211-2 0  9991
2 55271  69.9982 272.2462 0003790 231.6724 305.8445 15.05690495  5710
STARLINK-5310           
1 55272U 23010D   26263.91670139  .00114159  00000+0  77524-2 0  9999
2 55272  69.9996 272.1573 0006095 265.9595 351.9663 15.05727170  5765
STARLINK-5291           
1 55273U 23010E   26263.91670139  .00134726  00000+0  10212-1 0  9992
2 55273  69.9993 272.0649 0004443 258.0535  76.5022 15.01472747  5760
STARLINK-5236           
1 55274U 23010F   26263.21809685  .00000128  00000+0  18487-4 0  9999
2 55274  69.9982 254.1408 0003541 265.9745  94.1010 14.98331450202415
STARLINK-5260           
1 55275U 23010G   26263.41019222 -.00000128  00000+0 -29484-5 0  9994
2 55275  69.9992 253.6078 0003657 267.7907  92.2833 14.98331215202446
STARLINK-5261           
1 55276U 23010H   26263.67708933  .00001026  00000+0  93737-4 0  9994
2 55276  69.9982 252.9328 0003657 267.8336  92.2404 14.98330442202471
STARLINK-5299           
1 55277U 23010J   26263.91670139  .00115473  00000+0  80520-2 0  9994
2 55277  69.9994 272.2061 0005748 245.1547 325.1506 15.04731131  5762
STARLINK-5289           
1 55278U 23010K   26263.73524447  .00049119  00000+0  40490-2 0  9990
2 55278  69.9942 272.5899 0004507 279.0716  80.9933 14.98768779201997
STARLINK-5331           
1 55280U 23010M   26263.91670139  .00113930  00000+0  75014-2 0  9996
2 55280  70.0000 272.2808 0002648 251.5397 243.7489 15.06886961  5675
STARLINK-5298           
1 55281U 23010N   26263.91670139  .00112570  00000+0  81723-2 0  9990
2 55281  69.9992 272.1722 0006130 259.3378 338.9427 15.03229667  5717
STARLINK-5330           
1 55282U 23010P   26262.45029944  .00048177  00000+0  39772-2 0  9999
2 55282  69.9981 275.7406 0002429 232.8158 127.2779 14.98723693201801
STARLINK-5317           
1 55283U 23010Q   26263.91670139  .00118633  00000+0  78311-2 0  9997
2 55283  70.0015 272.0922 0004204 276.8094  37.0183 15.06763046  5665
STARLINK-5337           
1 55284U 23010R   26263.91670139  .00121509  00000+0  89601-2 0  9998
2 55284  69.9987 272.0257 0003515 322.0212  46.5423 15.02596221  5760
STARLINK-5332           
1 55285U 23010S   26263.35988536  .00002208  00000+0  19286-3 0  9997
2 55285  69.9985 233.5407 0002506 263.1479  96.9395 14.98319431203809
STARLINK-5338           
1 55286U 23010T   26263.93576047 -.00000187  00000+0 -78591-5 0  9994
2 55286  69.9981 252.2297 0003857 267.3942  92.6775 14.98330002202511
STARLINK-5341           
1 55287U 23010U   26263.91670139  .00056806  00000+0  35883-2 0  9991
2 55287  70.0004 232.2359 0003662 277.4220  58.3340 15.08744669  5667
STARLINK-5311           
1 55288U 23010V   26263.38934662  .00000717  00000+0  67859-4 0  9997
2 55288  69.9980 253.5318 0003727 268.2106  91.8626 14.98328613202430
STARLINK-5320           
1 55289U 23010W   26263.40585453  .00000172  00000+0  22188-4 0  9992
2 55289  69.9974 253.5904 0004110 266.3910  93.6779 14.98339864202433
STARLINK-5266           
1 55290U 23010X   26263.93160865  .00000562  00000+0  54883-4 0  9998
2 55290  69.9980 252.2144 0003711 269.1603  90.9131 14.98329235202512
STARLINK-5327           
1 55291U 23010Y   26263.94828514 -.00000058  00000+0  29245-5 0  9998
2 55291  69.9984 252.2703 0002997 273.2885  86.7931 14.98330072202513
STARLINK-5325           
1 55292U 23010Z   26263.38498913 -.00000004  00000+0  74896-5 0  9996
2 55292  69.9983 253.5165 0003182 271.6220  88.4574 14.98329131202438
STARLINK-5287           
1 55293U 23010AA  26263.38916022 -.00000507  00000+0 -34674-4 0  9991
2 55293  69.9979 253.5318 0003175 273.0710  87.0085 14.98335314202438
STARLINK-5286           
1 55294U 23010AB  26263.91670139  .00122968  00000+0  83841-2 0  9999
2 55294  69.9984 272.0361 0004118 313.3522  47.8314 15.05535546  5760
STARLINK-5293           
1 55295U 23010AC  26263.91670139  .00113833  00000+0  79856-2 0  9992
2 55295  70.0006 272.3012 0002032 208.2201 277.1535 15.04523336  5715
STARLINK-5285           
1 55296U 23010AD  26263.97331426  .00000273  00000+0  30727-4 0  9991
2 55296  69.9978 251.9558 0003683 267.8224  92.2514 14.98317975203409
STARLINK-5284           
1 55297U 23010AE  26263.98165246  .00000555  00000+0  54289-4 0  9990
2 55297  69.9981 251.9865 0003380 269.2181  90.8591 14.98330320202527
STARLINK-5270           
1 55299U 23010AG  26263.96912681 -.00002733  00000+0 -22131-3 0  9995
2 55299  69.9980 251.9428 0003656 266.9553  93.1187 14.98329320203409
STARLINK-5308           
1 55300U 23010AH  26263.69791364  .00000040  00000+0  11164-4 0  9993
2 55300  69.9981 252.5979 0003619 269.6101  90.4643 14.98330349202486
STARLINK-5321           
1 55302U 23010AK  26263.71044875  .00000357  00000+0  37757-4 0  9993
2 55302  69.9979 252.6417 0003423 267.1776  92.8992 14.98331635202489
STARLINK-5322           
1 55303U 23010AL  26263.98163357  .00025966  00000+0  21639-2 0  9993
2 55303  69.9983 271.8541 0003297 277.9317  82.1468 14.98544253202038
STARLINK-5318           
1 55304U 23010AM  26263.35995001  .00000451  00000+0  45628-4 0  9992
2 55304  69.9980 253.4263 0003478 269.5208  90.5553 14.98333123202434
STARLINK-5316           
1 55305U 23010AN  26263.22227231  .00000038  00000+0  10993-4 0  9990
2 55305  69.9981 254.1536 0003567 271.2552  88.8198 14.98331886202415
STARLINK-5295           
1 55306U 23010AP  26263.91670139  .00058207  00000+0  39234-2 0  9994
2 55306  69.9997 232.2717 0001606 319.7623  58.9228 15.06341060  5766
STARLINK-5288           
1 55307U 23010AQ  26263.91670139  .00058299  00000+0  39363-2 0  9999
2 55307  69.9999 232.3040 0002847 314.5685  37.3811 15.06274718  5717
STARLINK-5315           
1 55309U 23010AS  26263.91670139  .00051009  00000+0  35848-2 0  9997
2 55309  70.0004 232.0241 0005561 274.0124 327.1652 15.04820143  5768
STARLINK-5309           
1 55310U 23010AT  26263.91670139  .00054855  00000+0  36052-2 0  9999
2 55310  70.0003 232.1930 0001870 221.3628 227.6399 15.07298924  5769
STARLINK-5312           
1 55311U 23010AU  26263.91670139  .00057469  00000+0  37163-2 0  9998
2 55311  70.0017 232.2134 0001116 228.1839 203.2893 15.07880840  5767
STARLINK-5296           
1 55312U 23010AV  26263.91670139  .00056068  00000+0  39847-2 0  9994
2 55312  70.0011 231.9945 0002956 254.9310 271.7440 15.04374451  5763
STARLINK-5313           
1 55313U 23010AW  26263.91670139  .00052060  00000+0  33822-2 0  9990
2 55313  70.0003 232.1435 0003465 228.4412 265.5716 15.07740832  5778
STARLINK-5305           
1 55314U 23010AX  26263.91670139  .00050803  00000+0  29912-2 0  9999
2 55314  70.0002 232.0414 0003420 257.5540 323.7349 15.11346627  5778
STARLINK-4623           
1 55315U 23010AY  26263.92741285  .00000083  00000+0  14784-4 0  9990
2 55315  69.9981 252.1995 0003734 268.2632  91.8099 14.98331713202507
STARLINK-5257           
1 55316U 23010AZ  26263.91670139  .00052028  00000+0  35183-2 0  9999
2 55316  70.0002 232.0398 0005507 271.7669 327.3653 15.06250907  5765
STARLINK-5265           
1 55317U 23010BA  26263.91670139  .00046401  00000+0  26257-2 0  9990
2 55317  70.0001 231.9835 0001938 242.3244  58.2522 15.12809500  5666
STARLINK-5180           
1 55318U 23010BB  26263.91670139  .00051456  00000+0  35147-2 0  9995
2 55318  70.0007 232.1318 0003815 232.3452 271.6622 15.05886873  5660
STARLINK-5196           
1 55319U 23010BC  26263.91670139  .00052067  00000+0  34731-2 0  9993
2 55319  69.9989 232.0832 0004959 250.2221 296.2061 15.06759666  5716
STARLINK-5492           
1 55331U 23013A   26263.35285663 -.00000155  00000+0  38749-5 0  9990
2 55331  43.0020 284.1459 0000990 270.0855  89.9883 15.27575722202525
STARLINK-5491           
1 55332U 23013B   26262.71748249 -.00000131  00000+0  47531-5 0  9997
2 55332  43.0025 273.2465 0001271 265.7631  94.3075 15.27576257201518
STARLINK-5493           
1 55333U 23013C   26262.11822371 -.00000194  00000+0  24652-5 0  9999
2 55333  43.0024 291.2176 0000969 267.5853  92.4888 15.27575764201250
STARLINK-5652           
1 55334U 23013D   26263.55286773  .00001273  00000+0  55816-4 0  9992
2 55334  43.0022 282.9636 0001725 282.2649  77.8009 15.27567937201474
STARLINK-5660           
1 55335U 23013E   26262.77594324 -.00000557  00000+0 -10715-4 0  9995
2 55335  43.0012 287.5500 0000757 280.7429  79.3337 15.27576439201353
STARLINK-5655           
1 55336U 23013F   26263.48411829 -.00000134  00000+0  46418-5 0  9993
2 55336  43.0025 268.6012 0001312 253.4821 106.5887 15.27574494201630
STARLINK-5667           
1 55337U 23013G   26262.72904389  .00000113  00000+0  13632-4 0  9995
2 55337  43.0021 273.2968 0001238 265.5260  94.5450 15.27575761201514
STARLINK-5658           
1 55338U 23013H   26263.43366106 -.00000255  00000+0  26534-6 0  9999
2 55338  43.0032 283.8866 0001105 286.7540  73.3190 15.27576244201456
STARLINK-5671           
1 55339U 23013J   26262.57800821 -.00001130  00000+0 -31558-4 0  9995
2 55339  43.0007 292.0582 0000667 259.9010 100.1766 15.27579380201285
STARLINK-5675           
1 55340U 23013K   26263.52460162  .00000466  00000+0  26477-4 0  9996
2 55340  43.0041 282.8525 0001767 278.1572  81.9079 15.27577649201477
STARLINK-5670           
1 55341U 23013L   26263.37084585 -.00000489  00000+0 -82373-5 0  9996
2 55341  43.0034 284.2732 0001100 294.5371  65.5366 15.27574463201441
STARLINK-5657           
1 55342U 23013M   26263.50547097 -.00000233  00000+0  10682-5 0  9994
2 55342  43.0041 283.5608 0001252 299.8096  60.2631 15.27577916201469
STARLINK-5661           
1 55343U 23013N   26263.51432141 -.00000074  00000+0  68245-5 0  9990
2 55343  43.0058 282.7730 0001456 278.0606  82.0081 15.27576536201476
STARLINK-5653           
1 55345U 23013Q   26263.50597338  .00000352  00000+0  22302-4 0  9992
2 55345  43.0012 268.8319 0000853 261.4570  98.6184 15.27575319201635
STARLINK-5631           
1 55346U 23013R   26263.38740677 -.00002464  00000+0 -80056-4 0  9993
2 55346  43.0046 283.5349 0001614 274.4063  85.6604 15.27572901201454
STARLINK-5663           
1 55347U 23013S   26262.79765506  .00000924  00000+0  43101-4 0  9993
2 55347  43.0052 286.8516 0001845 288.3013  71.7637 15.27580989201366
STARLINK-5609           
1 55348U 23013T   26263.33229566  .00000325  00000+0  21329-4 0  9999
2 55348  43.0029 283.9839 0001564 270.9063  89.1609 15.27575387201444
STARLINK-5666           
1 55349U 23013U   26263.40152763 -.00020700  00000+0 -74269-3 0  9993
2 55349  43.0011 283.6460 0001195 201.3899 158.6903 15.27671901201457
STARLINK-5668           
1 55350U 23013V   26263.38226192  .00000037  00000+0  10880-4 0  9999
2 55350  43.0050 283.4976 0001660 290.4173  69.6500 15.27577418201455
STARLINK-5659           
1 55351U 23013W   26263.39639837 -.00000012  00000+0  90807-5 0  9997
2 55351  43.0027 283.6019 0001385 256.8098 103.2599 15.27575365201458
STARLINK-5547           
1 55352U 23013X   26263.54308523 -.00000622  00000+0 -13091-4 0  9997
2 55352  43.0013 279.5766 0000966 270.7267  89.3474 15.27574703201512
STARLINK-5608           
1 55353U 23013Y   26263.52510969 -.00001386  00000+0 -40877-4 0  9995
2 55353  43.0016 279.4388 0001569 269.5457  90.5215 15.27563423201516
STARLINK-5649           
1 55354U 23013Z   26263.52329507  .00002631  00000+0  10507-3 0  9990
2 55354  43.0029 282.8378 0001989 285.5641  74.4991 15.27595682201476
STARLINK-5647           
1 55355U 23013AA  26263.53873096  .00000329  00000+0  21491-4 0  9996
2 55355  43.0015 282.9364 0001194 265.5595  94.5120 15.27577803201463
STARLINK-5651           
1 55357U 23013AC  26263.53488611 -.00000273  00000+0 -39855-6 0  9998
2 55357  43.0010 282.9195 0001168 258.7886 101.2835 15.27573999201472
STARLINK-5622           
1 55358U 23013AD  26263.53102976 -.00000257  00000+0  19598-6 0  9999
2 55358  43.0025 282.8959 0001570 268.1825  91.8846 15.27574307201471
STARLINK-5641           
1 55359U 23013AE  26263.54466829  .00000386  00000+0  23562-4 0  9997
2 55359  43.0032 286.4077 0002037 247.2708 112.7929 15.27575428201434
STARLINK-5664           
1 55360U 23013AF  26263.60056743  .00001191  00000+0  52782-4 0  9997
2 55360  43.0022 300.6593 0000943 281.4327  78.6419 15.27578459201271
STARLINK-5665           
1 55361U 23013AG  26263.01230082 -.00000894  00000+0 -22956-4 0  9994
2 55361  43.0048 271.1690 0001657 277.1573  82.9090 15.27567038201564
STARLINK-5574           
1 55362U 23013AH  26263.98666330 -.00000282  00000+0 -71473-6 0  9991
2 55362  43.0041 265.5839 0000926 312.3765  47.7008 15.27575874201715
STARLINK-5627           
1 55364U 23013AK  26263.41004538 -.00000103  00000+0  57721-5 0  9997
2 55364  43.0023 287.1185 0001565 253.5713 106.4967 15.27572359201419
STARLINK-5639           
1 55365U 23013AL  26263.13513903 -.00000104  00000+0  57452-5 0  9990
2 55365  43.0014 303.1926 0001151 268.9062  91.1658 15.27574614201200
STARLINK-5654           
1 55366U 23013AM  26263.06740110 -.00000156  00000+0  38612-5 0  9999
2 55366  43.0017 270.7253 0000649 320.1698  39.9106 15.27575048201573
STARLINK-5635           
1 55367U 23013AN  26263.10337613  .00000007  00000+0  97976-5 0  9997
2 55367  42.9996 270.9775 0001392 262.6665  97.4028 15.27576034201577
STARLINK-5625           
1 55368U 23013AP  26263.46228593 -.00000302  00000+0 -14570-5 0  9992
2 55368  43.0039 268.5246 0001003 301.0532  59.0221 15.27576125201631
STARLINK-5644           
1 55369U 23013AQ  26263.13128958 -.00000902  00000+0 -23266-4 0  9998
2 55369  43.0006 303.1661 0001174 264.5841  95.4877 15.27573020201203
STARLINK-5027           
1 55370U 23013AR  26263.79542576  .00000050  00000+0  11329-4 0  9997
2 55370  43.0025 299.5543 0001276 270.5068  89.5637 15.27576578201304
STARLINK-5590           
1 55371U 23013AS  26263.38897598  .00000102  00000+0  13221-4 0  9991
2 55371  43.0011 301.6584 0001547 274.7649  85.3026 15.27576212202168
STARLINK-5568           
1 55372U 23013AT  26263.56649647 -.00000002  00000+0  94584-5 0  9994
2 55372  43.0031 297.8460 0001642 287.0820  72.9852 15.27577362201305
STARLINK-5581           
1 55373U 23013AU  26263.56988391  .00015279  00000+0  56461-3 0  9998
2 55373  43.0059 301.2817 0001646 271.0706  88.9957 15.27521099201266
STARLINK-5578           
1 55374U 23013AV  26263.43651815 -.00000239  00000+0  84353-6 0  9998
2 55374  43.0053 302.0092 0001785 291.3740  68.6921 15.27575434201248
STARLINK-5588           
1 55375U 23013AW  26263.80314656  .00000640  00000+0  32795-4 0  9995
2 55375  43.0023 299.6030 0001244 279.9385  80.1326 15.27573818201305
STARLINK-5586           
1 55376U 23013AX  26263.36106830 -.00000044  00000+0  79393-5 0  9995
2 55376  43.0009 269.4767 0001348 264.0865  95.9833 15.27576298201611
STARLINK-5567           
1 55377U 23013AY  26263.43186754  .00000333  00000+0  21639-4 0  9996
2 55377  43.0051 298.5503 0001874 277.0447  83.0191 15.27576758201283
STARLINK-5572           
1 55378U 23013AZ  26263.58256475  .00000067  00000+0  11953-4 0  9993
2 55378  43.0026 300.5311 0001495 271.0534  89.0147 15.27578216201274
STARLINK-5569           
1 55379U 23013BA  26263.55621390  .00000038  00000+0  10931-4 0  9996
2 55379  43.0054 297.7661 0002380 295.9491  64.1115 15.27577893201305
STARLINK-5571           
1 55380U 23013BB  26263.54862386  .00000601  00000+0  31374-4 0  9999
2 55380  43.0012 287.0387 0001197 269.4221  90.6493 15.27580101201422
STARLINK-5575           
1 55381U 23013BC  26263.43315523 -.00000252  00000+0  36063-6 0  9999
2 55381  43.0040 298.5586 0001767 278.3362  81.7289 15.27573888201282
STARLINK-5576           
1 55382U 23013BD  26263.56007085  .00000030  00000+0  10609-4 0  9994
2 55382  43.0052 297.7987 0001796 276.3745  83.6902 15.27577590201307
STARLINK-5531           
1 55383U 23013BE  26263.48027912  .00000952  00000+0  44116-4 0  9990
2 55383  43.0041 268.6519 0001588 270.5289  89.5381 15.27587025201638
STARLINK-5537           
1 55384U 23013BF  26263.42158877 -.00000187  00000+0  27515-5 0  9996
2 55384  43.0053 298.4799 0001517 288.8708  71.1979 15.27576438201280
STARLINK-5556           
1 55385U 23013BG  26263.42801325  .00000001  00000+0  95801-5 0  9997
2 55385  43.0055 298.5210 0001822 287.3722  72.6930 15.27578639201289
STARLINK-5555           
1 55386U 23013BH  26263.56777037 -.00000388  00000+0 -45366-5 0  9996
2 55386  43.0043 297.8492 0003131 246.0526 113.9997 15.27580812201301
STARLINK-5085           
1 55392U 23014B   26263.91670139  .00117208  00000+0  82274-2 0  9992
2 55392  69.9996 272.0609 0000609 291.0607 146.8010 15.04481319  5764
STARLINK-4786           
1 55393U 23014C   26263.46472075 -.00000171  00000+0 -64982-5 0  9993
2 55393  69.9975 293.2582 0003616 270.0353  90.0391 14.98331661201231
STARLINK-5274           
1 55395U 23014E   26263.79020240 -.00013169  00000+0 -10960-2 0  9999
2 55395  69.9957 292.3651 0004811 273.5780  86.4829 14.98392923201288
STARLINK-5283           
1 55396U 23014F   26263.79434945  .00000186  00000+0  23352-4 0  9995
2 55396  69.9973 292.3914 0003523 274.7728  85.3029 14.98330853201287
STARLINK-5224           
1 55397U 23014G   26263.91670139  .00110207  00000+0  69632-2 0  9992
2 55397  69.9995 272.2430 0004458 263.9432   0.9606 15.08425999  5714
STARLINK-5275           
1 55398U 23014H   26263.47725652  .00000266  00000+0  30083-4 0  9998
2 55398  69.9979 293.2896 0003546 266.1142  93.9612 14.98334913201233
STARLINK-5276           
1 55399U 23014J   26263.80269579 -.00000273  00000+0 -15099-4 0  9997
2 55399  69.9979 292.4190 0003736 269.0747  90.9984 14.98329458201288
STARLINK-5632           
1 55400U 23014K   26263.48559410 -.00000994  00000+0 -75504-4 0  9997
2 55400  69.9967 293.3116 0003867 267.0691  93.0025 14.98338170201233
STARLINK-5076           
1 55401U 23014L   26263.47308461  .00000313  00000+0  34056-4 0  9995
2 55401  69.9991 293.2771 0003825 276.1448  83.9275 14.98327993201238
STARLINK-5071           
1 55402U 23014M   26263.49394433  .00000128  00000+0  18536-4 0  9991
2 55402  69.9976 293.3489 0003671 269.6765  90.3973 14.98327902201234
STARLINK-5597           
1 55403U 23014N   26263.48141759  .00000384  00000+0  39946-4 0  9994
2 55403  69.9980 293.3053 0003550 274.1554  85.9199 14.98331760201237
STARLINK-5607           
1 55404U 23014P   26263.83610954  .00000387  00000+0  40279-4 0  9996
2 55404  69.9973 292.5365 0003718 267.5043  92.5690 14.98326782201285
STARLINK-5623           
1 55405U 23014Q   26263.48976947  .00000206  00000+0  25048-4 0  9992
2 55405  69.9979 293.3347 0003575 269.4775  90.5975 14.98328143201237
STARLINK-5630           
1 55406U 23014R   26263.50646340 -.00001107  00000+0 -84969-4 0  9997
2 55406  69.9976 293.3940 0003584 264.8998  95.1752 14.98324892201231
STARLINK-5019           
1 55407U 23014S   26263.49811789  .00000390  00000+0  40529-4 0  9992
2 55407  69.9977 293.3639 0003701 269.1916  90.8819 14.98328683201235
STARLINK-5633           
1 55410U 23014V   26263.94360996  .00119892  00000+0  96352-2 0  9996
2 55410  69.9987 311.9779 0003143 275.7164  84.3638 14.99318040200817
STARLINK-5605           
1 55411U 23014W   26263.51481121  .00000312  00000+0  33908-4 0  9990
2 55411  69.9976 293.4235 0003440 269.4147  90.6618 14.98331762201238
STARLINK-5060           
1 55413U 23014Y   26263.91670139  .00095139  00000+0  73315-2 0  9990
2 55413  70.0007 312.0186 0003862 219.8651  19.5048 15.01071100  5767
STARLINK-5620           
1 55414U 23014Z   26263.91670139  .00083094  00000+0  58868-2 0  9994
2 55414  70.0009 312.0873 0004427 234.6421 306.8506 15.04325108  5710
STARLINK-5624           
1 55416U 23014AB  26263.91670139  .00078883  00000+0  55229-2 0  9994
2 55416  70.0009 312.1289 0003137 218.2689 291.1715 15.04795997  5765
STARLINK-5030           
1 55418U 23014AD  26263.91670139  .00082654  00000+0  55330-2 0  9990
2 55418  70.0006 312.1348 0002191 215.8881 282.5883 15.06449449  5766
STARLINK-5629           
1 55419U 23014AE  26263.91670139  .00083690  00000+0  58751-2 0  9992
2 55419  70.0007 312.0961 0000834 216.6910 315.9736 15.04669802  5710
STARLINK-5604           
1 55420U 23014AF  26263.91670139  .00120367  00000+0  84203-2 0  9998
2 55420  69.9999 272.1979 0005155 298.4911  25.5444 15.04585420  5762
STARLINK-5598           
1 55421U 23014AG  26263.91670139  .00091113  00000+0  64215-2 0  9996
2 55421  70.0019 312.1563 0003374 290.2209 190.8651 15.04476085  5777
STARLINK-5006           
1 55422U 23014AH  26263.91670139  .00089563  00000+0  62688-2 0  9995
2 55422  70.0005 312.0162 0002520 241.5745 357.7145 15.04745198  5667
STARLINK-5068           
1 55423U 23014AJ  26263.91670139  .00092911  00000+0  66937-2 0  9998
2 55423  70.0006 312.2631 0004657 273.3932 108.0406 15.03635530  5660
STARLINK-5615           
1 55425U 23014AL  26263.91670139  .00079399  00000+0  55800-2 0  9992
2 55425  70.0016 312.2046 0000432 295.9170 144.2305 15.04653834  5673
STARLINK-5638           
1 55426U 23014AM  26263.91670139  .00080676  00000+0  54330-2 0  9990
2 55426  70.0021 312.2702 0003161 324.2988  55.8696 15.06236839  5713
STARLINK-5064           
1 55428U 23014AP  26263.91670139  .00083930  00000+0  58877-2 0  9998
2 55428  70.0026 312.3547 0003988 258.1322  48.2130 15.04691528  5764
STARLINK-5645           
1 55429U 23014AQ  26263.91670139  .00081241  00000+0  52627-2 0  9999
2 55429  70.0011 312.2215 0001055 353.7324  72.4732 15.07674478  5661
STARLINK-5642           
1 55430U 23014AR  26263.58201535 -.00000033  00000+0  50055-5 0  9991
2 55430  70.0001 332.9851 0003775 268.5273  91.5454 14.98330967200261
STARLINK-5643           
1 55431U 23014AS  26263.91670139  .00081463  00000+0  53016-2 0  9991
2 55431  70.0015 312.2728 0003275 323.1640  55.3281 15.07499150  5767
STARLINK-5637           
1 55432U 23014AT  26263.85757059  .00000420  00000+0  43025-4 0  9997
2 55432  69.9995 332.3421 0003516 269.8528  90.2228 14.98329494200302
STARLINK-5570           
1 55433U 23014AU  26263.91164295 -.00000264  00000+0 -14346-4 0  9991
2 55433  70.0004 332.1293 0003394 270.3270  89.7500 14.98329778200319
STARLINK-5621           
1 55434U 23014AV  26263.59871463 -.00000027  00000+0  55586-5 0  9996
2 55434  69.9997 333.0449 0003594 268.1733  91.9015 14.98329921200262
STARLINK-5626           
1 55435U 23014AW  26263.59036886  .00000394  00000+0  40846-4 0  9997
2 55435  69.9995 333.0161 0003664 269.6200  90.4539 14.98330233200268
STARLINK-5640           
1 55436U 23014AX  26263.93668896 -.00000121  00000+0 -23230-5 0  9997
2 55436  69.9995 332.2176 0003399 270.8304  89.2465 14.98331044200311
STARLINK-5074           
1 55438U 23014AZ  26263.51895987 -.00000124  00000+0 -25922-5 0  9999
2 55438  69.9974 293.0485 0003811 271.3496  88.7227 14.98329944201243
STARLINK-5634           
1 55439U 23014BA  26263.60706254  .00000108  00000+0  16882-4 0  9992
2 55439  69.9997 333.0758 0003286 269.8194  90.2588 14.98331245200266
STARLINK-5699           
1 55449U 23015A   26263.44457582 -.00000556  00000+0 -10696-4 0  9999
2 55449  43.0041 309.1659 0001112 301.9876  58.0868 15.27573354201441
STARLINK-5686           
1 55450U 23015B   26263.57148873 -.00000321  00000+0 -21507-5 0  9999
2 55450  43.0040 308.4011 0001177 297.0281  63.0450 15.27579021201464
STARLINK-5656           
1 55451U 23015C   26263.57920078 -.00000128  00000+0  48803-5 0  9997
2 55451  43.0049 308.4531 0001497 300.9445  59.1259 15.27576768200526
STARLINK-5683           
1 55452U 23015D   26263.58691386 -.00000364  00000+0 -37058-5 0  9999
2 55452  43.0052 308.5074 0001818 288.8617  71.2038 15.27574051200529
STARLINK-5684           
1 55453U 23015E   26263.60346919  .00000322  00000+0  21213-4 0  9999
2 55453  43.0021 307.7841 0001432 275.2376  84.8312 15.27578054200536
STARLINK-5636           
1 55454U 23015F   26263.41759297 -.00000453  00000+0 -69435-5 0  9992
2 55454  43.0022 308.9565 0001123 279.5038  80.5686 15.27572747200500
STARLINK-5680           
1 55455U 23015G   26263.58305434 -.00000168  00000+0  34420-5 0  9999
2 55455  43.0047 308.4819 0001647 298.3789  61.6897 15.27576536200524
STARLINK-5058           
1 55456U 23015H   26263.41501961 -.00000390  00000+0 -46468-5 0  9998
2 55456  43.0026 308.9457 0001325 267.8028  92.2672 15.27573981200505
STARLINK-5682           
1 55457U 23015J   26263.47655423  .00000302  00000+0  20479-4 0  9992
2 55457  43.0008 308.5513 0001002 287.4675  72.6067 15.27574395200514
STARLINK-5020           
1 55458U 23015K   26263.43300876 -.00000422  00000+0 -58028-5 0  9995
2 55458  43.0027 309.0737 0001053 275.0696  85.0035 15.27573403200503
STARLINK-5669           
1 55459U 23015L   26263.62145702 -.00000425  00000+0 -59093-5 0  9998
2 55459  43.0036 307.9131 0001462 274.4091  85.6593 15.27577001200531
STARLINK-5678           
1 55460U 23015M   26262.05603406  .00000362  00000+0  22670-4 0  9994
2 55460  43.0034 316.8021 0001263 269.4396  90.6311 15.27579780200292
STARLINK-5646           
1 55461U 23015N   26263.61760080 -.00000639  00000+0 -13695-4 0  9996
2 55461  43.0023 307.8828 0001366 274.8514  85.2182 15.27581517200536
STARLINK-5673           
1 55462U 23015P   26263.20858966 -.00001014  00000+0 -27330-4 0  9992
2 55462  43.0026 309.9720 0001490 274.1704  85.8978 15.27569758200471
STARLINK-5677           
1 55463U 23015Q   26263.89004809  .00014525  00000+0  64249-3 0  9995
2 55463  42.9991 320.9979 0007862  19.1075 341.0068 15.21492510200402
STARLINK-5676           
1 55464U 23015R   26263.61502973  .00000115  00000+0  13718-4 0  9997
2 55464  43.0022 307.8569 0001307 268.7715  91.2987 15.27578019200533
STARLINK-5674           
1 55465U 23015S   26262.42781029  .00017932  00000+0  65915-3 0  9997
2 55465  43.0045 314.4357 0001410 180.4677 179.6174 15.27601565200352
STARLINK-5628           
1 55466U 23015T   26263.43044882  .00000745  00000+0  36601-4 0  9994
2 55466  43.0032 309.0516 0001143 272.1141  87.9579 15.27581862200508
STARLINK-5679           
1 55467U 23015U   26263.46627073  .00000340  00000+0  21886-4 0  9997
2 55467  43.0035 308.4597 0001793 277.2737  82.7911 15.27578042200512
STARLINK-5672           
1 55468U 23015V   26263.61888528 -.00000772  00000+0 -18547-4 0  9990
2 55468  43.0024 307.8868 0001220 275.1045  84.9667 15.27578486200535
STARLINK-5681           
1 55469U 23015W   26263.41245028 -.00000072  00000+0  69286-5 0  9990
2 55469  43.0031 308.9243 0001385 271.6482  88.4211 15.27576770200506
STARLINK-5708           
1 55470U 23015X   26263.42658490 -.00000592  00000+0 -11983-4 0  9992
2 55470  43.0027 309.0252 0001064 270.2456  89.8274 15.27572944200508
STARLINK-5711           
1 55471U 23015Y   26263.59961575  .00000342  00000+0  21948-4 0  9995
2 55471  43.0037 307.7436 0001643 267.8578  92.2085 15.27574393200530
STARLINK-5705           
1 55472U 23015Z   26263.55962337  .00018686  00000+0  68895-3 0  9990
2 55472  43.0034 301.2653 0001090 204.6567 155.4232 15.27478926200600
STARLINK-5689           
1 55474U 23015AB  26263.49067168  .00000179  00000+0  16056-4 0  9994
2 55474  43.0052 319.9364 0001815 277.0693  82.9952 15.27576673200382
STARLINK-5650           
1 55475U 23015AC  26263.56506688 -.00001256  00000+0 -36105-4 0  9994
2 55475  43.0042 308.3392 0001222 300.8574  59.2158 15.27581477200529
STARLINK-5685           
1 55477U 23015AE  26263.38512971  .00000301  00000+0  20478-4 0  9992
2 55477  43.0021 301.6828 0001381 267.4343  92.6350 15.27577540200583
STARLINK-5691           
1 55478U 23015AF  26263.54080670 -.00000715  00000+0 -16443-4 0  9995
2 55478  43.0036 297.7089 0001277 286.1609  73.9103 15.27577826200643
STARLINK-5688           
1 55479U 23015AG  26263.80699973 -.00000215  00000+0  16977-5 0  9994
2 55479  43.0029 299.6861 0001050 286.7819  73.2918 15.27575824200646
STARLINK-5690           
1 55480U 23015AH  26263.19570291 -.00000276  00000+0 -51169-6 0  9990
2 55480  43.0040 321.0856 0001048 274.6768  85.3963 15.27575179200345
STARLINK-5694           
1 55481U 23015AJ  26263.86757140 -.00000276  00000+0 -51484-6 0  9995
2 55481  43.0042 317.6087 0001164 294.9504  65.1226 15.27575102200442
STARLINK-5692           
1 55483U 23015AL  26263.45340662 -.00000098  00000+0  59818-5 0  9998
2 55483  43.0029 319.6620 0001290 267.1724  92.8980 15.27576311200380
STARLINK-5696           
1 55484U 23015AM  26263.61630881 -.00000756  00000+0 -17954-4 0  9998
2 55484  43.0052 319.1561 0001807 285.2588  74.8064 15.27570447200409
STARLINK-5695           
1 55485U 23015AN  26263.48296180  .00000069  00000+0  12043-4 0  9993
2 55485  43.0052 319.8795 0001753 288.3918  71.6742 15.27576716200387
STARLINK-5704           
1 55486U 23015AP  26263.44615320  .00008073  00000+0  16543-3 0  9992
2 55486  43.0002 316.9429 0001069 300.5254  59.5499 15.46424703200412
STARLINK-5701           
1 55487U 23015AQ  26263.91670139  .01295277  00000+0  21683-1 0  9998
2 55487  43.0044 315.4670 0001409 267.2353  58.8065 15.48166120  5858
STARLINK-5706           
1 55488U 23015AR  26263.85728928 -.00000419  00000+0 -56980-5 0  9997
2 55488  43.0039 317.5220 0001107 289.8198  70.2534 15.27576688200441
STARLINK-5371           
1 55489U 23015AS  26263.86371344  .00000190  00000+0  16431-4 0  9995
2 55489  43.0036 317.5790 0001306 290.0794  69.9917 15.27578265200441
STARLINK-5373           
1 55490U 23015AT  26263.44571339  .00001910  00000+0  78933-4 0  9993
2 55490  43.0026 319.5927 0001227 262.0029  98.0683 15.27569599200384
STARLINK-5364           
1 55491U 23015AU  26263.79286319  .00000126  00000+0  14106-4 0  9993
2 55491  43.0045 299.5667 0001196 275.2301  84.8414 15.27575383200640
STARLINK-5013           
1 55492U 23015AV  26263.86242859 -.00000470  00000+0 -75417-5 0  9990
2 55492  43.0030 317.5516 0001090 290.5229  69.5506 15.27575952200443
STARLINK-5362           
1 55493U 23015AW  26263.45083658 -.00000205  00000+0  20564-5 0  9994
2 55493  43.0019 319.6354 0001133 270.3497  89.7225 15.27574852200388
STARLINK-5344           
1 55494U 23015AX  26263.60345168 -.00000001  00000+0  94778-5 0  9991
2 55494  43.0039 319.0567 0001068 318.3824  41.6947 15.27581786200400
STARLINK-5100           
1 55495U 23015AY  26263.60313139 -.00000270  00000+0 -29682-6 0  9997
2 55495  43.0026 300.7411 0001136 273.9483  86.1238 15.27575254200618
STARLINK-5363           
1 55497U 23015BA  26263.60730659 -.00000218  00000+0  15960-5 0  9993
2 55497  43.0051 319.0790 0001630 282.1244  77.9425 15.27576563200404
STARLINK-5365           
1 55498U 23015BB  26263.61758710  .00000313  00000+0  20927-4 0  9996
2 55498  43.0052 319.1574 0002007 285.1761  74.8869 15.27576674200404
STARLINK-5366           
1 55499U 23015BC  26263.17901185 -.00000017  00000+0  88970-5 0  9999
2 55499  43.0019 321.0263 0001229 266.1053  93.9658 15.27575133201096
STARLINK-5141           
1 55500U 23015BD  26263.87270742 -.00000088  00000+0  63442-5 0  9992
2 55500  43.0049 317.6338 0001662 289.6882  70.3790 15.27576625200448
STARLINK-5367           
1 55501U 23015BE  26263.62529720  .00000704  00000+0  35111-4 0  9994
2 55501  43.0053 319.2060 0001707 266.7460  93.3197 15.27589358200401
STARLINK-5749           
1 55569U 23020A   26263.69725890 -.00000872  00000+0 -22148-4 0  9991
2 55569  43.0056 347.5666 0002379 292.8227  67.2374 15.27575456199768
STARLINK-5737           
1 55570U 23020B   26263.68362348 -.00000834  00000+0 -20767-4 0  9990
2 55570  43.0059 344.0646 0001838 284.5101  75.5546 15.27569797198731
STARLINK-5739           
1 55571U 23020C   26263.93824452 -.00000170  00000+0  33495-5 0  9993
2 55571  43.0041 345.9448 0001103 273.4498  86.6227 15.27574219198738
STARLINK-5732           
1 55572U 23020D   26263.21642628 -.00000650  00000+0 -14092-4 0  9993
2 55572  43.0038 349.9884 0001080 274.4035  85.6693 15.27574473198621
STARLINK-5738           
1 55573U 23020E   26263.53950201 -.00000182  00000+0  29252-5 0  9992
2 55573  43.0047 348.1157 0001208 268.2209  91.8505 15.27577080198675
STARLINK-5747           
1 55574U 23020F   26263.50881145  .00000247  00000+0  18497-4 0  9999
2 55574  43.0044 348.7352 0001642 268.9159  91.1504 15.27579917198661
STARLINK-5745           
1 55575U 23020G   26263.68312372 -.00000380  00000+0 -42774-5 0  9996
2 55575  43.0050 347.4686 0001296 289.1913  70.8798 15.27576474198690
STARLINK-5751           
1 55576U 23020H   26263.62774432  .00000098  00000+0  13106-4 0  9990
2 55576  43.0037 318.5068 0001576 269.5577  90.5095 15.27575613199029
STARLINK-5752           
1 55577U 23020J   26263.23746819 -.00000248  00000+0  52759-6 0  9993
2 55577  43.0050 346.6543 0001853 273.0782  86.9858 15.27573700198661
STARLINK-5754           
1 55579U 23020L   26263.21692039 -.00000524  00000+0 -95238-5 0  9993
2 55579  43.0049 346.5778 0001259 284.9356  75.1357 15.27573450198664
STARLINK-5757           
1 55580U 23020M   26263.18032513  .00000674  00000+0  34018-4 0  9998
2 55580  43.0021 321.1703 0001458 272.9465  87.1220 15.27572862198952
STARLINK-5753           
1 55581U 23020N   26263.55185911 -.00000353  00000+0 -32924-5 0  9992
2 55581  43.0043 351.6137 0001120 272.9542  87.1181 15.27576493198633
STARLINK-5741           
1 55582U 23020P   26263.63366874 -.00000520  00000+0 -93763-5 0  9995
2 55582  43.0049 333.2823 0001252 286.4983  73.5731 15.27575374198854
STARLINK-5742           
1 55583U 23020Q   26263.52072418 -.00000243  00000+0  69300-6 0  9994
2 55583  43.0029 344.5609 0001129 272.1799  87.8923 15.27571291198710
STARLINK-5736           
1 55584U 23020R   26263.51444025  .00000106  00000+0  13364-4 0  9995
2 55584  43.0018 345.3686 0001194 268.4480  91.6235 15.27577608198706
STARLINK-5769           
1 55585U 23020S   26263.65806140  .00003848  00000+0  14920-3 0  9995
2 55585  43.0037 333.4713 0001704 281.0332  79.0328 15.27603034198853
STARLINK-5767           
1 55586U 23020T   26263.69389826  .00001592  00000+0  67367-4 0  9995
2 55586  43.0092 344.1467 0003360 299.6093  60.4424 15.27590308198736
STARLINK-5727           
1 55587U 23020U   26263.55668901 -.00000537  00000+0 -99876-5 0  9996
2 55587  43.0051 344.7539 0001791 278.0223  82.0426 15.27574665198718
STARLINK-5728           
1 55588U 23020V   26263.95158722  .00000382  00000+0  23428-4 0  9991
2 55588  43.0051 342.6367 0001892 282.0294  78.0345 15.27576992198776
STARLINK-5697           
1 55589U 23020W   26263.67848259 -.00001260  00000+0 -36268-4 0  9996
2 55589  43.0042 344.0223 0001557 293.4556  66.6132 15.27575618198736
STARLINK-5762           
1 55590U 23020X   26263.54128092 -.00000192  00000+0  25369-5 0  9993
2 55590  43.0053 344.7166 0001229 281.3513  78.7201 15.27575580198715
STARLINK-5760           
1 55591U 23020Y   26263.94773684  .00000309  00000+0  20767-4 0  9996
2 55591  43.0062 342.6050 0002135 294.7969  65.2660 15.27577650198771
STARLINK-5759           
1 55592U 23020Z   26263.91560874 -.00000200  00000+0  22591-5 0  9998
2 55592  43.0029 342.3629 0001031 270.5476  89.5258 15.27575566198779
STARLINK-5703           
1 55593U 23020AA  26263.91175564 -.00000407  00000+0 -52533-5 0  9996
2 55593  43.0028 342.3333 0001063 268.6274  91.4456 15.27574363198776
STARLINK-5750           
1 55594U 23020AB  26263.91946278 -.00000358  00000+0 -34983-5 0  9999
2 55594  43.0045 342.3935 0001398 270.2873  89.7819 15.27579526198778
STARLINK-5729           
1 55596U 23020AD  26263.53742800 -.00000666  00000+0 -14669-4 0  9994
2 55596  43.0036 344.6843 0000981 282.6400  77.4342 15.27573634198716
STARLINK-5743           
1 55597U 23020AE  26263.67720520  .00000496  00000+0  27553-4 0  9990
2 55597  43.0034 332.7649 0001465 274.2900  85.7784 15.27581725198865
STARLINK-5756           
1 55598U 23020AF  26263.90805986 -.00002624  00000+0 -85900-4 0  9994
2 55598  43.0043 331.8749 0001726 290.0678  69.9988 15.27568864198897
STARLINK-5761           
1 55599U 23020AG  26263.91191584 -.00000281  00000+0 -66625-6 0  9990
2 55599  43.0043 331.9062 0001385 298.1093  61.9618 15.27574300198892
STARLINK-5755           
1 55600U 23020AH  26263.49519308  .00000167  00000+0  15607-4 0  9997
2 55600  43.0033 333.9568 0001079 271.9615  88.1113 15.27575006198835
STARLINK-5744           
1 55601U 23020AJ  26262.92725286 -.00000506  00000+0 -88657-5 0  9994
2 55601  43.0041 348.7032 0001408 270.7233  89.3458 15.27572937198615
STARLINK-5764           
1 55602U 23020AK  26263.65422595 -.00000536  00000+0 -99450-5 0  9999
2 55602  43.0058 333.4119 0001680 283.7101  76.3564 15.27572424198852
STARLINK-5735           
1 55603U 23020AL  26263.49132894 -.00000014  00000+0  90133-5 0  9991
2 55603  43.0036 333.9304 0001196 280.1030  79.9686 15.27576134198838
STARLINK-5748           
1 55604U 23020AM  26263.62646131  .00000378  00000+0  23259-4 0  9997
2 55604  43.0037 318.5068 0001839 278.9977  81.0666 15.27576325199021
STARLINK-5725           
1 55605U 23020AN  26263.89135535 -.00000472  00000+0 -76130-5 0  9992
2 55605  43.0057 331.7695 0001430 275.1435  84.9253 15.27577263198892
STARLINK-5700           
1 55607U 23020AQ  26262.92469553 -.00000359  00000+0 -35186-5 0  9997
2 55607  43.0051 337.4163 0001621 288.2511  71.8164 15.27575931198743
STARLINK-5726           
1 55608U 23020AR  26263.90933194  .00000926  00000+0  43166-4 0  9998
2 55608  43.0051 331.8997 0001698 299.3766  60.6916 15.27587361198893
STARLINK-5719           
1 55609U 23020AS  26263.90164588 -.00000742  00000+0 -17438-4 0  9993
2 55609  43.0034 331.8501 0001213 275.6755  84.3958 15.27571262198896
STARLINK-5722           
1 55610U 23020AT  26262.93625788  .00000166  00000+0  15562-4 0  9995
2 55610  43.0060 337.4930 0001845 288.7746  71.2906 15.27577376198745
STARLINK-5730           
1 55611U 23020AU  26263.92348020  .00000005  00000+0  97012-5 0  9990
2 55611  43.0047 331.9981 0001683 268.5979  91.4680 15.27574728198897
STARLINK-5734           
1 55612U 23020AV  26263.66578999  .00000587  00000+0  30868-4 0  9992
2 55612  43.0045 333.5136 0001902 277.9856  82.0780 15.27576130198850
STARLINK-5714           
1 55614U 23020AX  26263.63288348 -.00000390  00000+0 -46291-5 0  9999
2 55614  43.0032 318.5203 0001499 269.1831  90.8849 15.27574156199022
STARLINK-5712           
1 55615U 23020AY  26263.28360093 -.00001712  00000+0 -52691-4 0  9998
2 55615  43.0034 334.9523 0001257 255.7402 104.3310 15.27578744198805
STARLINK-5710           
1 55616U 23020AZ  26263.88236353 -.00000082  00000+0  65435-5 0  9995
2 55616  43.0021 331.7040 0001025 273.3429  86.7305 15.27575062198895
STARLINK-5721           
1 55617U 23020BA  26263.48362015  .00000234  00000+0  18046-4 0  9990
2 55617  43.0014 333.8705 0001303 272.8281  87.2422 15.27576562198834
STARLINK-5717           
1 55618U 23020BB  26263.88621231  .00000298  00000+0  20366-4 0  9991
2 55618  43.0034 331.7321 0001253 272.6052  87.4657 15.27582055198898
STARLINK-5720           
1 55619U 23020BC  26263.89007231 -.00000177  00000+0  30969-5 0  9999
2 55619  43.0029 331.7552 0001004 269.8026  90.2711 15.27574455198889
STARLINK-5718           
1 55620U 23020BD  26263.89394060 -.00001464  00000+0 -43669-4 0  9991
2 55620  43.0036 331.7887 0001579 269.3543  90.7128 15.27577245198894
STARLINK-5709           
1 55621U 23020BE  26263.68234678  .00000111  00000+0  13568-4 0  9998
2 55621  43.0025 332.7844 0001339 267.6645  92.4053 15.27577601198864
STARLINK-5702           
1 55622U 23020BF  26263.89777867 -.00000061  00000+0  72951-5 0  9991
2 55622  43.0040 331.8155 0001247 275.3994  84.6716 15.27579060198891
STARLINK-5698           
1 55623U 23020BG  26263.90035053 -.00000165  00000+0  35323-5 0  9995
2 55623  43.0039 331.8321 0001198 279.3708  80.7008 15.27575275 22315
STARLINK-5484           
1 55628U 23021A   26263.91670139  .00075911  00000+0  51933-2 0  9994
2 55628  70.0014  72.2407 0005353 283.9738 341.0044 15.05671320  5560
STARLINK-5497           
1 55629U 23021B   26263.91670139  .00078465  00000+0  53557-2 0  9996
2 55629  70.0003  72.2598 0005469 276.3327 331.8508 15.05741333  5764
STARLINK-5303           
1 55630U 23021C   26263.91670139  .00084030  00000+0  59573-2 0  9997
2 55630  70.0013  72.2391 0004191 272.2559 353.4092 15.04293709  5712
STARLINK-5558           
1 55631U 23021D   26263.91670139  .00081815  00000+0  55837-2 0  9995
2 55631  70.0016  72.0577 0002476 294.2405 132.2357 15.05734616  5768
STARLINK-5546           
1 55632U 23021E   26263.91670139  .00073752  00000+0  50019-2 0  9994
2 55632  70.0005  72.1572 0003633 314.2961  23.2363 15.06013604  5561
STARLINK-5498           
1 55633U 23021F   26263.91670139  .00073856  00000+0  51136-2 0  9991
2 55633  70.0008  72.1476 0003133 316.1793  29.5256 15.05242350  5715
STARLINK-5500           
1 55634U 23021G   26263.91670139  .00070307  00000+0  49332-2 0  9995
2 55634  70.0038  72.1816 0003589 321.0574   0.8845 15.04764271  5765
STARLINK-5495           
1 55635U 23021H   26263.91257977  .00000345  00000+0  36738-4 0  9990
2 55635  70.0003  52.2445 0003061 269.5002  90.5806 14.98331653198034
STARLINK-5218           
1 55636U 23021J   26263.91670139  .00084063  00000+0  62483-2 0  9993
2 55636  70.0003  72.1324 0003760 323.8039  34.7928 15.02509594  5761
STARLINK-5062           
1 55637U 23021K   26263.91670139  .00045305  00000+0  33142-2 0  9990
2 55637  70.0018  52.3091 0004375 308.9548   9.7877 15.03356555  5764
STARLINK-5507           
1 55638U 23021L   26263.91670139  .00085316  00000+0  57363-2 0  9998
2 55638  70.0003  72.0899 0003552 289.6946 104.3950 15.06268343  5716
STARLINK-5508           
1 55639U 23021M   26263.70829001  .00000221  00000+0  26277-4 0  9994
2 55639  70.0002  52.7316 0002727 267.4652  92.6195 14.98333014198009
STARLINK-5069           
1 55640U 23021N   26263.57045238  .00001875  00000+0  16494-3 0  9998
2 55640  69.9999  53.0521 0002646 273.9341  86.1516 14.98324844197984
STARLINK-5065           
1 55641U 23021P   26263.59964924  .00000048  00000+0  11808-4 0  9999
2 55641  70.0007  53.1533 0002887 270.9059  89.1769 14.98331391197980
STARLINK-5483           
1 55643U 23021R   26263.87505662  .00002694  00000+0  23359-3 0  9994
2 55643  69.9994  52.5044 0002887 273.7659  86.3170 14.98317304198020
STARLINK-5502           
1 55644U 23021S   26263.92092541  .00000195  00000+0  24122-4 0  9992
2 55644  70.0001  52.2708 0003018 268.5210  91.5603 14.98331839198038
STARLINK-5510           
1 55647U 23021V   26263.68725475  .00000406  00000+0  41843-4 0  9991
2 55647  69.9999  52.6561 0003065 267.5978  92.4830 14.98330021198008
STARLINK-5501           
1 55648U 23021W   26263.91675101  .00000258  00000+0  29450-4 0  9993
2 55648  70.0005  52.2562 0002971 267.3174  92.7645 14.98331547198032
STARLINK-5469           
1 55649U 23021X   26263.49533831  .00001643  00000+0  14547-3 0  9999
2 55649  69.9989  53.1898 0003043 265.0443  95.0368 14.98317548197973
STARLINK-5494           
1 55650U 23021Y   26263.70813078  .00000347  00000+0  36842-4 0  9992
2 55650  69.9997  52.7310 0002671 268.7651  91.3202 14.98337509198005
STARLINK-5506           
1 55651U 23021Z   26263.59130063  .00000170  00000+0  22046-4 0  9991
2 55651  70.0000  53.1275 0003092 270.2675  89.8130 14.98331304197986
STARLINK-5487           
1 55652U 23021AA  26263.90005509 -.00000713  00000+0 -51973-4 0  9999
2 55652  69.9998  52.1968 0002658 273.8722  86.2133 14.98322464198035
STARLINK-5067           
1 55653U 23021AB  26263.88336287  .00000333  00000+0  35665-4 0  9993
2 55653  69.9995  52.1347 0002968 267.9324  92.1495 14.98327888198032
STARLINK-5070           
1 55654U 23021AC  26263.67059739  .00000436  00000+0  44330-4 0  9998
2 55654  69.9992  53.0012 0003151 273.4371  86.6427 14.98336386197998
STARLINK-5267           
1 55655U 23021AD  26263.57438141  .00000151  00000+0  20439-4 0  9994
2 55655  70.0011  33.1922 0003096 267.8059  92.2746 14.98330723198460
STARLINK-5328           
1 55657U 23021AF  26263.64949340  .00000583  00000+0  56676-4 0  9993
2 55657  70.0004  33.0537 0003159 269.0537  91.0260 14.98329206198484
STARLINK-5307           
1 55658U 23021AG  26263.89170839  .00000012  00000+0  87807-5 0  9998
2 55658  70.0001  52.1657 0002698 269.8500  90.2350 14.98330502198035
STARLINK-5477           
1 55659U 23021AH  26263.91670139  .00012292  00000+0  80385-3 0  9995
2 55659  70.0013  32.2418 0002722 263.3853 226.1892 15.07939693  5676
STARLINK-5467           
1 55660U 23021AJ  26263.52848143 -.00002309  00000+0 -18585-3 0  9999
2 55660  70.0007  33.0395 0003050 268.2718  91.8091 14.98313627198474
STARLINK-5475           
1 55661U 23021AK  26263.91670139  .00010051  00000+0  68038-3 0  9990
2 55661  69.9997  32.1571 0005097 261.4327 303.0422 15.06733370  5711
STARLINK-5479           
1 55662U 23021AL  26263.91670139  .00005613  00000+0  37677-3 0  9994
2 55662  69.9982  32.5579 0002759 256.7305 317.9952 15.07364857  5761
STARLINK-5473           
1 55663U 23021AM  26263.91670139  .00009724  00000+0  69632-3 0  9998
2 55663  70.0009  32.1596 0005304 259.2339 303.0167 15.04642912  5711
STARLINK-5480           
1 55664U 23021AN  26263.83726050  .00000576  00000+0  56091-4 0  9996
2 55664  70.0007  32.5043 0003125 273.7853  86.2949 14.98336216198510
STARLINK-5474           
1 55665U 23021AP  26263.91670139  .00008996  00000+0  62408-3 0  9994
2 55665  70.0011  32.1135 0005408 274.6695 329.6186 15.05865287  5769
STARLINK-5456           
1 55667U 23021AR  26263.60358962  .00000506  00000+0  50205-4 0  9991
2 55667  70.0009  32.8926 0003151 277.5680  82.5121 14.98330617198472
STARLINK-5455           
1 55668U 23021AS  26263.56603261 -.00000161  00000+0 -56843-5 0  9996
2 55668  70.0008  33.1637 0003040 269.2070  90.8740 14.98329493198461
STARLINK-5459           
1 55669U 23021AT  26263.49092703  .00000147  00000+0  20113-4 0  9994
2 55669  70.0006  33.3026 0003363 267.9847  92.0927 14.98338811198453
STARLINK-5423           
1 55670U 23021AU  26263.87896395  .00000482  00000+0  48172-4 0  9994
2 55670  70.0007  32.2487 0003148 269.5530  90.5268 14.98322186198520
STARLINK-5460           
1 55671U 23021AV  26263.45772648  .00005266  00000+0  44925-3 0  9999
2 55671  70.0032  33.5780 0002317 263.1491  96.9404 14.98288646198458
STARLINK-5463           
1 55673U 23021AX  26263.91670139  .00018079  00000+0  13961-2 0  9995
2 55673  69.9999  32.1167 0004094 267.6223 331.1141 15.01573238  5761
STARLINK-5462           
1 55674U 23021AY  26263.59940120  .00003433  00000+0  29526-3 0  9993
2 55674  70.0021  32.8763 0002760 265.7105  94.3739 14.98349748198481
STARLINK-5232           
1 55675U 23021AZ  26263.65780663  .00001634  00000+0  14471-3 0  9999
2 55675  69.9982  32.6769 0004048 281.0563  79.0141 14.98339794198497
STARLINK-5300           
1 55676U 23021BA  26263.54092743  .00001924  00000+0  16900-3 0  9994
2 55676  70.0022  13.2035 0003138 269.7044  90.3755 14.98337681198965
STARLINK-5324           
1 55677U 23021BB  26263.59499851  .00000078  00000+0  14312-4 0  9996
2 55677  70.0011  12.9874 0003211 270.6728  89.4063 14.98333028198976
STARLINK-5592           
1 55741U 23028A   26263.91670139  .00068118  00000+0  45680-2 0  9990
2 55741  70.0008 112.2532 0005274 296.5865  31.2141 15.06461710  5710
STARLINK-5594           
1 55742U 23028B   26263.91670139  .00064806  00000+0  41409-2 0  9996
2 55742  70.0007 112.2428 0004029 275.9671  62.1758 15.08271734  5711
STARLINK-5602           
1 55743U 23028C   26263.91670139  .00075269  00000+0  54066-2 0  9995
2 55743  69.9992 112.3450 0006054 261.7542 338.1096 15.03845777  5617
STARLINK-5601           
1 55744U 23028D   26263.91670139  .00072624  00000+0  46745-2 0  9993
2 55744  70.0004 112.2476 0004255 275.5610  50.3965 15.07954824  5764
STARLINK-5579           
1 55746U 23028F   26263.97728564  .00014936  00000+0  11546-2 0  9990
2 55746  69.9972 112.0188 0003430 276.1198  83.9571 15.01592611195296
STARLINK-5539           
1 55747U 23028G   26263.91670139  .00060235  00000+0  41504-2 0  9999
2 55747  70.0009 112.2251 0004511 307.8420  45.5383 15.05502982  5768
STARLINK-5580           
1 55748U 23028H   26263.91670139  .00066337  00000+0  46081-2 0  9994
2 55748  69.9999 112.2098 0004037 315.2038  49.5772 15.05162558  5761
STARLINK-5573           
1 55750U 23028K   26263.91670139  .00057444  00000+0  42467-2 0  9990
2 55750  70.0010 112.2190 0002401 267.2510  93.1231 15.02880142  5766
STARLINK-5577           
1 55751U 23028L   26263.91670139  .00071663  00000+0  51528-2 0  9998
2 55751  70.0019 112.2802 0005985 291.8122  10.8182 15.03830064  5713
STARLINK-5613           
1 55752U 23028M   26263.91670139  .00082305  00000+0  62410-2 0  9996
2 55752  70.0009 112.0738 0003283 291.6637 189.7913 15.01762577  5761
STARLINK-5617           
1 55753U 23028N   26263.91670139  .00068860  00000+0  47481-2 0  9998
2 55753  70.0009 112.1280 0000404 330.3364 107.3053 15.05429350  5624
STARLINK-5612           
1 55754U 23028P   26263.91670139  .00079544  00000+0  59858-2 0  9991
2 55754  70.0007 112.1201 0003966 293.0964 145.9177 15.02067955  5578
STARLINK-5614           
1 55756U 23028R   26263.91670139  .00079669  00000+0  56723-2 0  9999
2 55756  70.0004 111.9978 0004878 239.3669 311.4443 15.04156447  5767
STARLINK-5544           
1 55757U 23028S   26263.91670139  .00068379  00000+0  47500-2 0  9999
2 55757  70.0013 112.0997 0000787 201.2295 261.0471 15.05155142  5728
STARLINK-5072           
1 55758U 23028T   26263.91670139  .00071632  00000+0  53020-2 0  9990
2 55758  70.0025 112.0890 0001882 179.2299 293.0791 15.02746364  5762
STARLINK-5532           
1 55760U 23028V   26263.91670139  .00088056  00000+0  67049-2 0  9997
2 55760  70.0002 112.0004 0002403 280.2555 267.7253 15.01571664  5764
STARLINK-5611           
1 55761U 23028W   26263.92991127 -.00000207  00000+0 -95933-5 0  9992
2 55761  69.9985  92.3735 0002625 269.8093  90.2765 14.98332946195770
STARLINK-5603           
1 55762U 23028X   26263.91722112 -.00000112  00000+0 -15633-5 0  9992
2 55762  69.9976  92.3260 0002680 270.5166  89.5686 14.98330017195775
STARLINK-5593           
1 55763U 23028Y   26263.91670139  .00079187  00000+0  57074-2 0  9992
2 55763  70.0006 112.0252 0003149 223.6103 299.5803 15.03703492  5766
STARLINK-5499           
1 55764U 23028Z   26263.92139703 -.00000191  00000+0 -81913-5 0  9994
2 55764  69.9982  92.3427 0002817 271.8340  88.2496 14.98329106195771
STARLINK-5595           
1 55765U 23028AA  26263.92556982 -.00000089  00000+0  35450-6 0  9998
2 55765  69.9980  92.3570 0002536 271.4038  88.6831 14.98331205195777
STARLINK-5599           
1 55766U 23028AB  26263.96729605  .00000265  00000+0  30041-4 0  9991
2 55766  69.9981  92.0998 0002617 273.9881  86.0979 14.98324951195789
STARLINK-5606           
1 55767U 23028AC  26263.92974569  .00001957  00000+0  17178-3 0  9993
2 55767  69.9986  92.3714 0002629 268.2833  91.8024 14.98334142195756
STARLINK-5584           
1 55769U 23028AE  26263.90887909  .00000287  00000+0  31835-4 0  9996
2 55769  69.9982  92.2980 0002939 270.8949  89.1874 14.98324776195776
STARLINK-5557           
1 55770U 23028AF  26263.57090025 -.00000272  00000+0 -15040-4 0  9992
2 55770  69.9982  93.1247 0002215 274.4962  85.5944 14.98328688195725
STARLINK-5591           
1 55771U 23028AG  26263.96311229  .00000321  00000+0  34650-4 0  9999
2 55771  69.9984  92.0848 0002448 272.3276  87.7602 14.98332146195781
STARLINK-5835           
1 55772U 23028AH  26263.94658348  .00000707  00000+0  67029-4 0  9998
2 55772  69.9983  92.0281 0002956 269.1729  90.9092 14.98314283195784
STARLINK-5833           
1 55773U 23028AJ  26263.57925604  .00000457  00000+0  46128-4 0  9999
2 55773  69.9982  93.1521 0003068 271.4533  88.6274 14.98320884195721
STARLINK-5812           
1 55774U 23028AK  26263.95893550  .00000159  00000+0  21147-4 0  9999
2 55774  69.9981  92.0701 0002678 273.1908  86.8945 14.98330998195788
STARLINK-5809           
1 55775U 23028AL  26263.55420406  .00000311  00000+0  33844-4 0  9999
2 55775  69.9983  93.0662 0002587 269.7479  90.3384 14.98330775195725
STARLINK-5814           
1 55777U 23028AN  26263.94640773  .00000892  00000+0  82558-4 0  9995
2 55777  69.9959  92.0287 0002713 268.0075  92.0773 14.98338255195785
STARLINK-5816           
1 55778U 23028AP  26263.94224239  .00000026  00000+0  10006-4 0  9999
2 55778  69.9974  92.0132 0003393 272.2195  87.8575 14.98340345195782
STARLINK-5817           
1 55779U 23028AQ  26263.91670139  .00085599  00000+0  66563-2 0  9996
2 55779  70.0005  72.0116 0005292 290.8206  96.9138 15.00777087  5776
STARLINK-5819           
1 55780U 23028AR  26263.60427541  .00000368  00000+0  38652-4 0  9992
2 55780  69.9983  92.8390 0002798 266.1723  93.9116 14.98319678195735
STARLINK-5820           
1 55781U 23028AS  26263.81707464  .00000208  00000+0  25213-4 0  9993
2 55781  69.9983  92.4118 0002711 267.4554  92.6294 14.98328976195768
STARLINK-5826           
1 55782U 23028AT  26263.91670139  .00082945  00000+0  55106-2 0  9993
2 55782  70.0026  72.3150 0002994 230.9281 256.8953 15.06727521  5527
STARLINK-5825           
1 55783U 23028AU  26263.91670139  .00079219  00000+0  51410-2 0  9998
2 55783  70.0014  72.2927 0003472 238.9747 267.4960 15.07616305  5729
STARLINK-5797           
1 55784U 23028AV  26263.91670139  .00091886  00000+0  67345-2 0  9997
2 55784  70.0009  72.2828 0002348 270.0167 245.9224 15.02998105  5661
STARLINK-5818           
1 55785U 23028AW  26263.91670139  .00085447  00000+0  57428-2 0  9995
2 55785  70.0014  72.3030 0003546 234.0890 262.4918 15.06283144  5723
STARLINK-5823           
1 55786U 23028AX  26263.91670139  .00069687  00000+0  35068-2 0  9990
2 55786  69.9999  71.5928 0003739 284.1929 134.1554 15.16831192  5761
STARLINK-5811           
1 55787U 23028AY  26263.91670139  .00085143  00000+0  58263-2 0  9998
2 55787  70.0009  72.2852 0004143 245.2054 265.4219 15.05612154  5723
STARLINK-5804           
1 55788U 23028AZ  26263.91670139  .00083234  00000+0  58299-2 0  9997
2 55788  70.0010  72.2809 0004130 239.8706 277.1765 15.04752622  5761
STARLINK-5815           
1 55789U 23028BA  26263.91670139  .00073031  00000+0  50089-2 0  9991
2 55789  70.0030  72.1090 0004685 301.8918   7.7516 15.05597027  5718
STARLINK-5813           
1 55790U 23028BB  26263.91670139  .00084934  00000+0  59024-2 0  9995
2 55790  70.0008  72.1350 0003850 269.9600  12.3327 15.05037961  5616
STARLINK-5807           
1 55791U 23028BC  26263.91670139  .00082149  00000+0  56844-2 0  9999
2 55791  70.0011  72.2180 0005503 264.4208 306.5263 15.05208983  5761
STARLINK-5856           
1 55914U 23037A   26263.49673079 -.00001163  00000+0 -89688-4 0  9998
2 55914  70.0007 173.4309 0002907 268.1324  91.9502 14.98322397193356
STARLINK-5859           
1 55915U 23037B   26263.21299867  .00001071  00000+0  97562-4 0  9994
2 55915  70.0000 174.0448 0002957 270.7362  89.3459 14.98331537193300
STARLINK-5796           
1 55916U 23037C   26263.49255598  .00000332  00000+0  35580-4 0  9999
2 55916  70.0005 173.4158 0002935 269.1868  90.8954 14.98329465192668
STARLINK-5867           
1 55918U 23037E   26263.15458107  .00000397  00000+0  41074-4 0  9991
2 55918  70.0001 174.2429 0002524 270.9653  89.1217 14.98329660192617
STARLINK-5871           
1 55919U 23037F   26263.01287807 -.00000002  00000+0  75905-5 0  9999
2 55919  70.0003 174.5499 0002863 269.6605  90.4226 14.98328609192592
STARLINK-5862           
1 55920U 23037G   26263.91670139  .00031520  00000+0  22892-2 0  9996
2 55920  70.0004 152.3395 0003188 274.8139 330.0144 15.03739213  5718
STARLINK-5861           
1 55921U 23037H   26263.46333652  .00000670  00000+0  63952-4 0  9999
2 55921  70.0024 173.3120 0002820 274.3104  85.7733 14.98327982192667
STARLINK-5863           
1 55922U 23037J   26262.19907138 -.00000038  00000+0  45981-5 0  9997
2 55922  70.0003 176.5256 0003071 273.0464  87.0344 14.98330330192477
STARLINK-5854           
1 55923U 23037K   26263.20464268  .00000740  00000+0  69772-4 0  9995
2 55923  70.0003 174.0147 0002841 268.3463  91.7371 14.98332818192622
STARLINK-5849           
1 55924U 23037L   26263.91670139  .00020315  00000+0  14219-2 0  9994
2 55924  70.0026 152.3113 0003703 244.7539  31.3556 15.05249984  5662
STARLINK-5922           
1 55925U 23037M   26263.19211946 -.00000343  00000+0 -20946-4 0  9999
2 55925  69.9985 173.9730 0003468 269.8608  90.2154 14.98327375192624
STARLINK-5921           
1 55926U 23037N   26263.91670139  .00022887  00000+0  15551-2 0  9992
2 55926  69.9997 152.2374 0004530 300.6568  41.7698 15.06319094  5718
STARLINK-5919           
1 55927U 23037P   26263.18393987  .00000816  00000+0  76134-4 0  9999
2 55927  70.0003 173.9435 0002475 270.0770  90.0106 14.98330739192615
STARLINK-5930           
1 55928U 23037Q   26263.78045524  .00000443  00000+0  44885-4 0  9991
2 55928  70.0003 172.4123 0002756 264.7901  95.2943 14.98322431192719
STARLINK-5896           
1 55930U 23037S   26263.91670139  .00028159  00000+0  21639-2 0  9999
2 55930  70.0009 152.1492 0004529 301.4134 113.7790 15.01629999  5677
STARLINK-5897           
1 55931U 23037T   26263.77628205 -.00001743  00000+0 -13839-3 0  9997
2 55931  70.0018 172.3977 0003046 273.7031  86.3779 14.98318461192718
STARLINK-5848           
1 55932U 23037U   26263.93437272  .00000271  00000+0  30530-4 0  9999
2 55932  69.9985 131.9867 0002564 269.0720  91.0145 14.98323354193724
STARLINK-5852           
1 55933U 23037V   26263.91670139  .00022759  00000+0  16018-2 0  9997
2 55933  70.0006 152.2317 0005198 271.9087  75.3848 15.05006262  5713
STARLINK-5927           
1 55934U 23037W   26263.96599083  .00164643  00000+0  11933-1 0  9990
2 55934  69.9987 151.9785 0003415 267.3026  92.7745 15.03010674193230
STARLINK-5920           
1 55935U 23037X   26263.91670139  .00030454  00000+0  21100-2 0  9998
2 55935  70.0015 152.1839 0005442 289.1493  92.9118 15.05509341  5763
STARLINK-5882           
1 55936U 23037Y   26263.07064981  .00000498  00000+0  49564-4 0  9999
2 55936  69.9990 134.1899 0002639 270.5072  89.5784 14.98330735193591
STARLINK-5913           
1 55937U 23037Z   26263.91670139  .00022096  00000+0  15939-2 0  9996
2 55937  70.0004 152.1881 0005011 284.0737  93.9784 15.04089313  5713
STARLINK-5909           
1 55938U 23037AA  26263.78857207 -.00000503  00000+0 -34363-4 0  9990
2 55938  69.9998 152.5637 0002546 281.5211  78.5662 14.98325219193201
STARLINK-5918           
1 55939U 23037AB  26263.91670139  .00031449  00000+0  22705-2 0  9999
2 55939  70.0005 152.1251 0004020 289.2470 142.4021 15.03963414  5724
STARLINK-5864           
1 55940U 23037AC  26263.91670139  .00012033  00000+0  84517-3 0  9999
2 55940  70.0012 152.1081 0002984 304.3508 151.1981 15.05289986  5766
STARLINK-5914           
1 55941U 23037AD  26263.91670139  .00034493  00000+0  24683-2 0  9991
2 55941  70.0020 152.3164 0003506 256.3756  13.5594 15.04271585  5667
STARLINK-5917           
1 55942U 23037AE  26263.91670139  .00032809  00000+0  24849-2 0  9995
2 55942  70.0011 152.0452 0002811 289.8883 217.4283 15.02142635  5767
STARLINK-5932           
1 55943U 23037AF  26263.91670139  .00029085  00000+0  20377-2 0  9990
2 55943  69.9996 152.0037 0002560 278.9161 258.6500 15.05114999  5770
STARLINK-5926           
1 55944U 23037AG  26263.91670139  .00026303  00000+0  20315-2 0  9993
2 55944  70.0014 152.0753 0001814 321.9829 160.2319 15.01462142  5768
STARLINK-5925           
1 55945U 23037AH  26263.91670139  .00025879  00000+0  19956-2 0  9990
2 55945  70.0034 152.1279 0003547 319.3459 116.1510 15.01524529  5772
STARLINK-5857           
1 55946U 23037AJ  26263.91670139  .00023886  00000+0  17539-2 0  9992
2 55946  70.0026 152.0977 0002448 320.7209 143.7051 15.03405389  5675
STARLINK-5900           
1 55948U 23037AL  26263.04980766  .00000228  00000+0  26873-4 0  9996
2 55948  69.9989 134.5222 0002913 269.7824  90.3001 14.98328303193585
STARLINK-5899           
1 55949U 23037AM  26263.92603309 -.00000309  00000+0 -18069-4 0  9999
2 55949  69.9985 132.3613 0002830 269.7369  90.3465 14.98331823193714
STARLINK-5911           
1 55950U 23037AN  26263.91351326  .00000392  00000+0  40624-4 0  9991
2 55950  69.9983 132.3165 0002569 263.9561  96.1305 14.98330752193712
STARLINK-5908           
1 55951U 23037AP  26263.91670139  .00032269  00000+0  25403-2 0  9992
2 55951  70.0013 152.0311 0003996 275.1362 245.1365 15.00671298  5767
STARLINK-5893           
1 55952U 23037AQ  26263.04997098  .00000234  00000+0  27442-4 0  9997
2 55952  69.9985 134.5225 0002837 268.5385  91.5449 14.98330139193582
STARLINK-5892           
1 55954U 23037AS  26263.95522589  .00000038  00000+0  10954-4 0  9990
2 55954  69.9989 132.0588 0002585 268.6029  91.4833 14.98330953193725
STARLINK-5878           
1 55955U 23037AT  26263.37108598  .00001281  00000+0  11513-3 0  9999
2 55955  69.9997 133.6372 0002508 270.9943  89.0928 14.98322634193634
STARLINK-5883           
1 55956U 23037AU  26263.34603778  .00000182  00000+0  23014-4 0  9996
2 55956  69.9987 133.5422 0002887 272.8534  87.2294 14.98333158193635
STARLINK-5884           
1 55957U 23037AV  26263.90933774  .00002485  00000+0  21592-3 0  9997
2 55957  70.0012 132.3020 0002945 261.7684  98.3141 14.98334948193718
STARLINK-5928           
1 55958U 23037AW  26263.30017538 -.00001484  00000+0 -11665-3 0  9993
2 55958  69.9984 133.7853 0002583 267.5907  92.4956 14.98312583193623
STARLINK-5929           
1 55959U 23037AX  26263.29597458  .00000068  00000+0  13471-4 0  9999
2 55959  69.9980 133.7694 0002821 264.9392  95.1445 14.98330243193623
STARLINK-5938           
1 55960U 23037AY  26263.90950258  .00001872  00000+0  16462-3 0  9996
2 55960  69.9988 132.2860 0002674 269.7126  90.3726 14.98332406193718
STARLINK-5933           
1 55961U 23037AZ  26263.88429332 -.00000054  00000+0  33015-5 0  9995
2 55961  69.9986 132.2152 0002806 270.8999  89.1839 14.98329211193710
STARLINK-5906           
1 55962U 23037BA  26262.78694031  .00000431  00000+0  43918-4 0  9994
2 55962  69.9987 135.2033 0002839 269.2847  90.7987 14.98329446193546
STARLINK-5924           
1 55963U 23037BB  26263.35856284  .00001157  00000+0  10478-3 0  9999
2 55963  70.0029 133.5923 0002720 281.6830  78.4024 14.98324586193630
STARLINK-5895           
1 55964U 23037BC  26263.97015232  .00010768  00000+0  61198-3 0  9991
2 55964  69.9936 118.8459 0002078 321.0606  39.0411 15.13104711194055
STARLINK-5894           
1 55965U 23037BD  26263.00806516  .00000069  00000+0  13613-4 0  9992
2 55965  69.9989 134.3714 0002644 266.7535  93.3321 14.98329343193588
STARLINK-5905           
1 55986U 23042A   26263.85119562  .00000310  00000+0  20782-4 0  9996
2 55986  43.0041  37.7040 0001441 272.3923  87.6764 15.27575032193532
STARLINK-5915           
1 55987U 23042B   26263.37292974 -.00000799  00000+0 -19528-4 0  9992
2 55987  43.0043  40.1496 0001261 278.8808  81.1901 15.27575616192642
STARLINK-5916           
1 55988U 23042C   26263.88153969  .00000419  00000+0  24736-4 0  9993
2 55988  43.0027  41.3654 0001169 266.8459  93.2259 15.27577214192679
STARLINK-5947           
1 55989U 23042D   26263.82678326 -.00000972  00000+0 -25809-4 0  9995
2 55989  43.0054  37.5382 0001746 282.7998  77.2658 15.27570826192713
STARLINK-5946           
1 55990U 23042E   26263.81649031  .00000138  00000+0  14545-4 0  9994
2 55990  43.0041  37.4613 0001223 273.4851  86.5861 15.27584502192717
STARLINK-5948           
1 55991U 23042F   26262.71698597  .00000215  00000+0  17366-4 0  9994
2 55991  43.0051  40.4145 0002028 264.9771  95.0850 15.27579004192582
STARLINK-5969           
1 55993U 23042H   26263.82292960 -.00001479  00000+0 -44234-4 0  9992
2 55993  43.0058  37.5104 0001569 273.2612  86.8060 15.27566879192711
STARLINK-5956           
1 55994U 23042J   26262.72291485  .00000267  00000+0  19273-4 0  9999
2 55994  43.0075  43.8681 0003181 265.7880  94.2608 15.27577134192544
STARLINK-5903           
1 55996U 23042L   26263.68058549  .00000041  00000+0  11005-4 0  9994
2 55996  43.0034  38.1601 0001248 269.6440  90.4269 15.27575811192683
STARLINK-5902           
1 55998U 23042N   26263.68443808  .00000090  00000+0  12782-4 0  9999
2 55998  43.0042  38.1820 0001338 262.1608  97.9091 15.27578505192690
STARLINK-5901           
1 55999U 23042P   26263.38448925 -.00000144  00000+0  43097-5 0  9997
2 55999  43.0034  40.2260 0001835 257.9122 102.1524 15.27580247192640
STARLINK-5910           
1 56000U 23042Q   26263.82549182 -.00000262  00000+0  12861-7 0  9995
2 56000  43.0049  37.5152 0001514 276.7819  83.2860 15.27572558192711
STARLINK-5944           
1 56001U 23042R   26262.70843477 -.00000104  00000+0  57288-5 0  9991
2 56001  43.0033  48.0276 0000770 258.0536 102.0229 15.27579386192491
STARLINK-5799           
1 56002U 23042S   26263.82165590 -.00001709  00000+0 -52603-4 0  9997
2 56002  43.0054  37.4865 0001577 270.4702  89.5968 15.27561401192713
STARLINK-5789           
1 56003U 23042T   26261.69216849  .00001959  00000+0  80687-4 0  9993
2 56003  43.0022  49.8840 0002279 259.9246 100.1349 15.27581038192388
STARLINK-5787           
1 56004U 23042U   26263.83784764 -.00000052  00000+0  76523-5 0  9997
2 56004  43.0058  41.0251 0001743 282.3417  77.7240 15.27577447192673
STARLINK-5801           
1 56005U 23042V   26263.87768125  .00000263  00000+0  19099-4 0  9992
2 56005  43.0025  41.3178 0001194 269.5315  90.5400 15.27578656192677
STARLINK-5794           
1 56006U 23042W   26263.10798765 -.00001369  00000+0 -40258-4 0  9993
2 56006  43.0018  49.2685 0001377 269.0278  91.0416 15.27565188192518
STARLINK-5806           
1 56007U 23042X   26262.71777629 -.00000036  00000+0  82468-5 0  9995
2 56007  43.0060  43.8235 0002036 283.7189  76.3436 15.27576958192542
STARLINK-5803           
1 56008U 23042Y   26263.81907922  .00000858  00000+0  40715-4 0  9998
2 56008  43.0057  37.4617 0001134 267.7026  92.3696 15.27580209192700
STARLINK-5964           
1 56009U 23042Z   26263.83142316  .00000014  00000+0  10027-4 0  9996
2 56009  43.0055  40.9753 0001551 269.6687  90.3986 15.27576383192670
STARLINK-5968           
1 56010U 23042AA  26263.83320339  .00000617  00000+0  31932-4 0  9998
2 56010  43.0056  37.5696 0001932 275.0533  85.0098 15.27588356192718
STARLINK-5936           
1 56011U 23042AB  26263.65039587 -.00000249  00000+0  49859-6 0  9992
2 56011  43.0059  24.0745 0001510 284.9571  75.1113 15.27576801192856
STARLINK-5940           
1 56012U 23042AC  26263.82856561 -.00000567  00000+0 -11101-4 0  9992
2 56012  43.0018  22.8321 0001187 274.0284  86.0432 15.27575473192881
STARLINK-5941           
1 56013U 23042AD  26263.64732137  .00000715  00000+0  35537-4 0  9997
2 56013  43.0037  38.7508 0002047 269.5024  90.5593 15.27577091192687
STARLINK-5942           
1 56014U 23042AE  26263.06577486  .00000607  00000+0  31593-4 0  9996
2 56014  43.0051  27.4275 0001493 272.4058  87.6623 15.27575600192768
STARLINK-5939           
1 56015U 23042AF  26263.37857140 -.00000322  00000+0 -21908-5 0  9995
2 56015  43.0038  25.4766 0001244 269.0270  91.0439 15.27576287192811
STARLINK-5943           
1 56016U 23042AG  26263.81457627  .00000094  00000+0  12948-4 0  9998
2 56016  43.0035  23.5738 0001532 263.8668  96.2009 15.27577963192878
STARLINK-5934           
1 56017U 23042AH  26263.34145130  .00000894  00000+0  42013-4 0  9994
2 56017  43.0051  26.0481 0001927 268.9441  91.1190 15.27578190192804
STARLINK-5945           
1 56018U 23042AJ  26263.81072515  .00000249  00000+0  18570-4 0  9998
2 56018  43.0038  23.5467 0001694 267.7177  92.3481 15.27574961192875
STARLINK-5949           
1 56019U 23042AK  26263.07348708  .00001224  00000+0  54013-4 0  9993
2 56019  43.0053  27.4801 0001609 283.1602  76.9070 15.27575302192769
STARLINK-5912           
1 56020U 23042AL  26263.34916201  .00000945  00000+0  43873-4 0  9995
2 56020  43.0035  26.1076 0001755 274.2837  85.7814 15.27576743192803
STARLINK-5907           
1 56021U 23042AM  26262.69144222  .00000873  00000+0  41259-4 0  9995
2 56021  43.0039  29.7669 0002466 271.3378  88.7191 15.27591065192707
STARLINK-5783           
1 56022U 23042AN  26262.65032736 -.00000768  00000+0 -18363-4 0  9993
2 56022  43.0031  29.4615 0001738 266.8315  93.2338 15.27578988192702
STARLINK-5771           
1 56023U 23042AP  26263.82099977  .00000300  00000+0  20438-4 0  9990
2 56023  43.0021  23.6230 0002065 275.5267  84.5349 15.27577687192876
STARLINK-5772           
1 56024U 23042AQ  26263.77348331 -.00002969  00000+0 -98497-4 0  9991
2 56024  43.0039  23.2692 0001096 271.6704  88.4022 15.27553527192878
STARLINK-5766           
1 56025U 23042AR  26263.62355301 -.00000833  00000+0 -20734-4 0  9998
2 56025  43.0022  24.7172 0001383 277.2707  82.7987 15.27575953192845
STARLINK-5770           
1 56026U 23042AS  26263.83113384  .00000329  00000+0  21470-4 0  9991
2 56026  43.0022  22.8480 0001242 269.9936  90.0774 15.27577582192872
STARLINK-5777           
1 56027U 23042AT  26263.36829305 -.00000155  00000+0  38823-5 0  9996
2 56027  43.0030  25.3932 0001247 268.3564  91.7145 15.27573155192813
STARLINK-5779           
1 56028U 23042AU  26263.32603250 -.00000898  00000+0 -23109-4 0  9997
2 56028  43.0060  25.9290 0001709 281.1447  78.9212 15.27574396192805
STARLINK-5774           
1 56029U 23042AV  26263.83500370 -.00000909  00000+0 -23516-4 0  9998
2 56029  43.0040  22.8688 0001284 271.0987  88.9718 15.27568239192885
STARLINK-5781           
1 56030U 23042AW  26263.39527161  .00000096  00000+0  13016-4 0  9997
2 56030  43.0055  25.5848 0001674 270.0481  90.0179 15.27575510192810
STARLINK-5785           
1 56031U 23042AX  26263.77602775  .00000320  00000+0  21173-4 0  9998
2 56031  43.0043  23.2894 0001300 273.9495  86.1208 15.27572455192877
STARLINK-5786           
1 56032U 23042AY  26263.60556870  .00000475  00000+0  26811-4 0  9990
2 56032  43.0051  24.5838 0002070 279.5289  80.5329 15.27585100192847
STARLINK-5782           
1 56034U 23042BA  26263.35173599 -.00000136  00000+0  45829-5 0  9993
2 56034  43.0033  26.1168 0001799 267.8606  92.2040 15.27570386192809
STARLINK-5792           
1 56035U 23042BB  26263.39912774 -.00000425  00000+0 -59049-5 0  9995
2 56035  43.0053  25.6156 0001492 285.3328  74.7359 15.27574389192815
STARLINK-5790           
1 56036U 23042BC  26263.60427820  .00000866  00000+0  40996-4 0  9990
2 56036  43.0053  24.5574 0001770 278.4392  81.6260 15.27575130192847
STARLINK-5758           
1 56037U 23042BD  26263.35479714 -.00000161  00000+0  37004-5 0  9998
2 56037  43.0057  11.3841 0001775 275.0642  85.0007 15.27574859192977
STARLINK-5793           
1 56038U 23042BE  26262.37865077  .00001585  00000+0  67098-4 0  9996
2 56038  43.0028  31.7079 0001194 271.4322  88.6393 15.27584010192657
STARLINK-5795           
1 56039U 23042BF  26263.56894230  .00000024  00000+0  10405-4 0  9999
2 56039  43.0039  10.4057 0001798 270.2533  89.8112 15.27576625193006
STARLINK-5798           
1 56040U 23042BG  26262.65738849  .00000040  00000+0  10983-4 0  9992
2 56040  43.0043  15.5977 0001799 266.6878  93.3767 15.27576260192866
STARLINK-5800           
1 56041U 23042BH  26263.34273751 -.00000291  00000+0 -10461-5 0  9998
2 56041  43.0036  14.6877 0001273 271.2255  88.8451 15.27574430192930
STARLINK-6109           
1 56094U 23046B   26263.93331719  .00000744  00000+0  36542-4 0  9992
2 56094  43.0015 138.7446 0001335 248.4214 111.6495 15.27581420191899
STARLINK-6090           
1 56095U 23046C   26263.92560960  .00000430  00000+0  25149-4 0  9997
2 56095  43.0033 138.6925 0001796 261.1313  98.9336 15.27576384191898
STARLINK-6089           
1 56096U 23046D   26262.10635490 -.00000008  00000+0  92378-5 0  9999
2 56096  43.0012 149.1121 0001279 238.3548 121.7179 15.27576592191614
STARLINK-6077           
1 56097U 23046E   26263.92129084  .00000192  00000+0  16525-4 0  9990
2 56097  43.0067  91.7152 0002257 265.0897  94.9697 15.27579072192435
STARLINK-6088           
1 56098U 23046F   26263.92946437  .00000422  00000+0  24880-4 0  9999
2 56098  43.0024 138.7198 0001504 264.4513  95.6167 15.27577257191884
STARLINK-6076           
1 56100U 23046H   26263.00506309 -.00000076  00000+0  67595-5 0  9999
2 56100  43.0028 143.8238 0001653 268.1104  91.9559 15.27572870191752
STARLINK-6095           
1 56101U 23046J   26262.09350654  .00000179  00000+0  16049-4 0  9998
2 56101  43.0024 149.0138 0001576 268.9624  91.1047 15.27575195191617
STARLINK-6075           
1 56102U 23046K   26263.93974227  .00000621  00000+0  32089-4 0  9995
2 56102  43.0022 138.7805 0001423 243.8191 116.2515 15.27578152191899
STARLINK-6096           
1 56103U 23046L   26263.93203681  .00000746  00000+0  36630-4 0  9999
2 56103  43.0014 138.7328 0001590 252.9368 107.1309 15.27579919191895
STARLINK-6062           
1 56104U 23046M   26263.92817898  .00000064  00000+0  11857-4 0  9997
2 56104  43.0038 138.7040 0001325 260.0568 100.0134 15.27577555191893
STARLINK-6066           
1 56105U 23046N   26263.37567861  .00006859  00000+0  25853-3 0  9997
2 56105  42.9994 142.2825 0001477 262.5296  97.5388 15.27582200191802
STARLINK-6030           
1 56107U 23046Q   26262.92568248  .00000277  00000+0  19580-4 0  9998
2 56107  43.0037 144.9275 0001254 264.0891  95.9817 15.27577627191731
STARLINK-6081           
1 56108U 23046R   26263.02690469  .00000102  00000+0  13238-4 0  9993
2 56108  43.0021 143.9646 0000944 252.1741 107.9007 15.27575534191755
STARLINK-6083           
1 56109U 23046S   26262.92182963 -.00000442  00000+0 -65427-5 0  9994
2 56109  43.0037 144.9026 0001216 262.5868  97.4845 15.27574254191733
STARLINK-6082           
1 56110U 23046T   26262.98079236 -.00000649  00000+0 -14058-4 0  9992
2 56110  43.0033 144.4796 0000897 273.1354  86.9395 15.27572307191743
STARLINK-6084           
1 56111U 23046U   26262.93724802 -.00000113  00000+0  54303-5 0  9997
2 56111  43.0045 145.0071 0001458 263.7178  96.3508 15.27574782191732
STARLINK-6080           
1 56112U 23046V   26262.99492723 -.00000657  00000+0 -14346-4 0  9994
2 56112  43.0035 144.5905 0001564 274.5919  85.4754 15.27579402191740
STARLINK-6113           
1 56113U 23046W   26263.07173212  .00000003  00000+0  96238-5 0  9998
2 56113  43.0035 143.4498 0001651 267.2183  92.8479 15.27574152191760
STARLINK-6101           
1 56115U 23046Y   26263.04795409 -.00000258  00000+0  14892-6 0  9995
2 56115  43.0038 140.7200 0001359 266.8546  93.2150 15.27574752191799
STARLINK-6114           
1 56116U 23046Z   26263.39110046 -.00000379  00000+0 -42510-5 0  9994
2 56116  43.0027 142.4024 0001836 264.8156  95.2486 15.27573517191800
STARLINK-6107           
1 56117U 23046AA  26263.96595319 -.00000022  00000+0  87376-5 0  9991
2 56117  43.0019 124.3052 0001324 264.3799  95.6902 15.27577076192062
STARLINK-6091           
1 56119U 23046AC  26263.91470216 -.00000093  00000+0  61393-5 0  9995
2 56119  43.0021 124.7739 0001056 241.4359 118.6386 15.27575697192051
STARLINK-6079           
1 56120U 23046AD  26263.91085260  .00000579  00000+0  30554-4 0  9990
2 56120  43.0018 124.7468 0000699 262.6276  97.4496 15.27561947192052
STARLINK-6092           
1 56121U 23046AE  26263.31851449 -.00000018  00000+0  88614-5 0  9995
2 56121  43.0012 128.0399 0001153 251.9143 108.1583 15.27575212191963
STARLINK-6094           
1 56122U 23046AF  26262.92103681  .00000029  00000+0  10603-4 0  9993
2 56122  43.0044 141.4799 0001628 270.9852  89.0813 15.27575783191772
STARLINK-6115           
1 56123U 23046AH  26263.92883329 -.00000261  00000+0  51637-7 0  9993
2 56123  43.0031 124.8774 0001311 263.5974  96.4728 15.27575051192056
STARLINK-6126           
1 56124U 23046AJ  26263.31465746 -.00000034  00000+0  82903-5 0  9992
2 56124  43.0012 128.0146 0001237 243.8090 116.2634 15.27578069191960
STARLINK-6119           
1 56125U 23046AK  26263.92498227 -.00000536  00000+0 -99712-5 0  9994
2 56125  43.0028 124.8518 0001128 266.5265  93.5458 15.27575982192053
STARLINK-6124           
1 56126U 23046AL  26262.97487712  .00000527  00000+0  28676-4 0  9994
2 56126  43.0029 129.7619 0001538 262.7468  97.3209 15.27576352191911
STARLINK-6104           
1 56127U 23046AM  26263.03206113  .00000425  00000+0  24990-4 0  9999
2 56127  43.0031 132.7405 0001296 274.4439  85.6265 15.27574180191886
STARLINK-6122           
1 56128U 23046AN  26263.00569378  .00002321  00000+0  93807-4 0  9992
2 56128  43.0021 129.9848 0000986 266.3288  93.7451 15.27595687191918
STARLINK-6121           
1 56129U 23046AP  26262.89655220  .00000835  00000+0  39870-4 0  9999
2 56129  43.0016  78.9818 0001369 261.2938  98.7758 15.27578387192492
STARLINK-6117           
1 56130U 23046AQ  26263.88770071  .00001048  00000+0  47600-4 0  9990
2 56130  43.0038 124.5721 0002240 260.0170 100.0429 15.27585922192050
STARLINK-6120           
1 56131U 23046AR  26262.98001468  .00000062  00000+0  11796-4 0  9990
2 56131  43.0026 129.7887 0001375 254.9962 105.0737 15.27576831191917
STARLINK-6071           
1 56132U 23046AS  26263.34278363 -.00000259  00000+0  12766-6 0  9991
2 56132  43.0026 127.3651 0001328 267.2821  92.7879 15.27570895191979
STARLINK-5566           
1 56133U 23046AT  26263.34792151 -.00000221  00000+0  15013-5 0  9994
2 56133  43.0037 127.4006 0001778 263.3250  96.7399 15.27574695191972
STARLINK-5564           
1 56134U 23046AU  26262.95431626  .00002327  00000+0  94075-4 0  9990
2 56134  43.0039 129.6071 0001301 277.5877  82.4827 15.27579767191901
STARLINK-5489           
1 56136U 23046AW  26263.35306190  .00000807  00000+0  38862-4 0  9997
2 56136  43.0036 127.4394 0001597 273.2691  86.7978 15.27580619191977
STARLINK-5090           
1 56137U 23046AX  26263.03513084  .00001063  00000+0  48170-4 0  9993
2 56137  43.0020 129.3482 0001404 266.8132  93.2559 15.27576551191928
STARLINK-4774           
1 56138U 23046AY  26263.90571750 -.00008894  00000+0 -31355-3 0  9991
2 56138  43.0002 124.6986 0000329 254.1115 105.9700 15.27633677192059
STARLINK-5375           
1 56140U 23046BA  26263.33136017 -.00000196  00000+0  23938-5 0  9990
2 56140  43.0024 128.1245 0001006 256.9866 103.0874 15.27576018191964
STARLINK-5377           
1 56141U 23046BB  26263.03897810  .00000167  00000+0  15595-4 0  9999
2 56141  43.0020 129.3763 0001468 254.5863 105.4827 15.27575997191927
STARLINK-5376           
1 56142U 23046BC  26263.34406376 -.00000221  00000+0  14858-5 0  9991
2 56142  43.0041 127.3703 0001277 271.4942  88.5763 15.27578433191970
STARLINK-5016           
1 56143U 23046BD  26262.07213014  .00018469  00000+0  83010-3 0  9992
2 56143  42.9963 151.2238 0006515 203.1334 156.9223 15.20810724191581
STARLINK-5374           
1 56144U 23046BE  26263.03126770 -.00000234  00000+0  10257-5 0  9999
2 56144  43.0023 129.3183 0001585 268.0010  92.0660 15.27575312191920
STARLINK-5111           
1 56146U 23046BG  26262.97744256  .00000301  00000+0  20468-4 0  9996
2 56146  43.0016 129.7734 0001606 245.5589 114.5095 15.27576746191918
STARLINK-5089           
1 56148U 23046BJ  26263.87810110 -.00000218  00000+0  15930-5 0  9998
2 56148  43.0044  87.9648 0000852 263.1784  96.8971 15.27568895192478
STARLINK-30107          
1 56287U 23056B   26263.44390176  .00003049  00000+0  12035-3 0  9996
2 56287  43.0016 171.2817 0000996 276.6877  83.3861 15.27560345190083
STARLINK-30106          
1 56288U 23056C   26263.49796961  .00000359  00000+0  22550-4 0  9999
2 56288  43.0016 188.7302 0001145 266.4656  93.6065 15.27581187189833
STARLINK-30095          
1 56289U 23056D   26263.45491590  .00001986  00000+0  81667-4 0  9997
2 56289  43.0044 163.1042 0001406 260.2980  99.7713 15.27579884190127
STARLINK-30103          
1 56290U 23056E   26263.17488743  .00002787  00000+0  11071-3 0  9995
2 56290  42.9983 190.5997 0000446 165.7046 194.3819 15.27587841189788
STARLINK-30113          
1 56291U 23056F   26263.23256731 -.00000988  00000+0 -26385-4 0  9991
2 56291  43.0017 190.1681 0001284 267.0131  93.0573 15.27582793189791
STARLINK-30098          
1 56292U 23056G   26263.17874637  .00002431  00000+0  97831-4 0  9993
2 56292  43.0017 190.6212 0000943 268.6465  91.4279 15.27581410189784
STARLINK-30049          
1 56294U 23056J   26263.19287190  .00001733  00000+0  72500-4 0  9999
2 56294  43.0027 190.6608 0000925 266.2190  93.8556 15.27577427189782
STARLINK-30083          
1 56295U 23056K   26263.44220167  .00001484  00000+0  63439-4 0  9993
2 56295  43.0019 163.8580 0001259 278.3751  81.6958 15.27588362190102
STARLINK-30089          
1 56296U 23056L   26263.97865500  .00000495  00000+0  27499-4 0  9995
2 56296  43.0024 146.2498 0001377 261.2965  98.7731 15.27575030190365
STARLINK-30086          
1 56297U 23056M   26262.99157226 -.00000051  00000+0  76831-5 0  9990
2 56297  43.0040 191.7291 0001458 281.5882  78.4806 15.27572666189754
STARLINK-30109          
1 56298U 23056N   26263.16202906  .00000003  00000+0  96182-5 0  9994
2 56298  43.0014 190.4275 0000648 278.7805  81.2974 15.27582637189844
STARLINK-30108          
1 56299U 23056P   26263.11850425 -.00000115  00000+0  53460-5 0  9992
2 56299  43.0011 179.6799 0001297 269.7738  90.2965 15.27577444189961
STARLINK-30104          
1 56300U 23056Q   26262.20437565  .00001025  00000+0  46745-4 0  9997
2 56300  43.0023 196.2215 0000813 268.9967  91.0791 15.27578570189690
STARLINK-30101          
1 56301U 23056R   26263.17019946  .00001736  00000+0  79932-4 0  9997
2 56301  42.9996 188.8310 0000882 279.0970  80.9781 15.24239376189864
STARLINK-30111          
1 56302U 23056S   26263.93767904  .00004929  00000+0  18861-3 0  9996
2 56302  43.0007 185.9280 0001291 273.9019  86.1685 15.27563310189969
STARLINK-30099          
1 56304U 23056U   26263.48381553  .00004645  00000+0  17817-3 0  9995
2 56304  43.0010 188.5294 0001461 271.8388  88.2296 15.27591257189898
STARLINK-30094          
1 56305U 23056V   26263.49024810  .00000155  00000+0  15135-4 0  9991
2 56305  43.0038 188.5642 0000645 283.9606  76.1174 15.27576640189896
STARLINK-30112          
1 56306U 23056W   26263.21459752  .00024315  00000+0  89310-3 0  9998
2 56306  43.0004 189.9590 0000783 170.2904 189.7963 15.27473013189852
STARLINK-6038           
1 56317U 23058A   26263.55977278  .00000407  00000+0  14934-4 0  9994
2 56317  97.2843 260.3032 0001468  92.2410 267.9001 15.33435845187293
STARLINK-5954           
1 56318U 23058B   26263.95402143  .00000662  00000+0  22822-4 0  9991
2 56318  97.2843 260.6876 0001595  93.8178 266.3247 15.33439936187359
STARLINK-6039           
1 56319U 23058C   26263.91670139  .00075550  00000+0  36416-2 0  9990
2 56319  97.2840 257.8610 0002791  88.6536 220.4399 15.18400363  5791
STARLINK-5988           
1 56320U 23058D   26263.91670139  .00724331  00000+0  31858-1 0  9994
2 56320  97.2855 257.7675 0001678  87.2254 341.4864 15.19410886  5696
STARLINK-5876           
1 56321U 23058E   26263.96218272 -.00335274  00000+0 -10896-1 0  9991
2 56321  97.2848 260.6815 0001766 100.7201 259.4241 15.33306853187354
STARLINK-6033           
1 56322U 23058F   26263.91670139  .00077882  00000+0  35211-2 0  9996
2 56322  97.2835 257.8570 0002779  83.9052 218.3214 15.20606567  5486
STARLINK-6035           
1 56323U 23058G   26263.91670139  .00082082  00000+0  39188-2 0  9992
2 56323  97.2879 257.8135 0002083  67.7680 126.4503 15.18701033  5781
STARLINK-6034           
1 56324U 23058H   26263.97305830  .00000439  00000+0  15916-4 0  9993
2 56324  97.2844 260.6620 0001666  88.4484 271.6950 15.33436416187353
STARLINK-5981           
1 56325U 23058J   26263.91670139  .00068146  00000+0  32801-2 0  9994
2 56325  97.2813 257.7412 0001692  75.1369 313.8072 15.18489288  5799
STARLINK-5980           
1 56326U 23058K   26263.91670139  .00077260  00000+0  35060-2 0  9992
2 56326  97.2832 257.7708 0001171  83.1463  14.8228 15.20484382  5485
STARLINK-5997           
1 56327U 23058L   26263.91670139  .00069768  00000+0  33525-2 0  9991
2 56327  97.2839 257.7590 0002457  93.2848 337.5481 15.18538748  5680
STARLINK-5992           
1 56328U 23058M   26263.96762125  .00000887  00000+0  29788-4 0  9999
2 56328  97.2836 260.6679 0002312  94.1177 266.0330 15.33443572187704
STARLINK-5984           
1 56329U 23058N   26263.92955151  .00000835  00000+0  28186-4 0  9993
2 56329  97.2842 260.7186 0001349  91.3413 268.7984 15.33437288187708
STARLINK-5991           
1 56331U 23058Q   26263.91670139  .00083332  00000+0  35473-2 0  9993
2 56331  97.2865 257.7997 0001707  59.5592 100.7008 15.22642070  5788
STARLINK-5093           
1 56332U 23058R   26263.91670139  .00081237  00000+0  34350-2 0  9999
2 56332  97.2849 257.8091 0001341  61.4613 127.7010 15.22881092  5531
STARLINK-5553           
1 56333U 23058S   26263.54345792 -.00000306  00000+0 -71541-5 0  9999
2 56333  97.2838 260.3235 0001695  89.0590 271.0847 15.33444084187643
STARLINK-5548           
1 56334U 23058T   26263.51899055  .00014154  00000+0  43997-3 0  9999
2 56334  97.2849 260.2094 0001608  98.4431 261.6994 15.33440195187636
STARLINK-5559           
1 56335U 23058U   26263.94314478  .00000416  00000+0  15215-4 0  9997
2 56335  97.2837 260.7035 0001542  88.5769 271.5651 15.33442162187709
STARLINK-5562           
1 56336U 23058V   26263.91670139  .00080965  00000+0  39265-2 0  9990
2 56336  97.2855 257.7835 0001122  85.9771  32.2443 15.18161688  5739
STARLINK-5561           
1 56337U 23058W   26263.91670139  .00720239  00000+0  31241-1 0  9991
2 56337  97.2849 257.8048 0001606  85.1654  67.4805 15.19908257  5788
STARLINK-5554           
1 56338U 23058X   26263.91670139  .00722412  00000+0  33895-1 0  9994
2 56338  97.2847 257.8165 0001648  84.4741  92.3926 15.17152657  5786
STARLINK-5552           
1 56339U 23058Y   26263.91670139  .00664542  00000+0  33878-1 0  9995
2 56339  97.2850 257.8524 0001720  84.0057 176.8018 15.14412926  5793
STARLINK-5540           
1 56340U 23058Z   26263.52986107  .00000308  00000+0  11871-4 0  9995
2 56340  97.2843 260.3411 0002016  93.4195 266.7278 15.33441367187641
STARLINK-5543           
1 56341U 23058AA  26263.91670139  .00081934  00000+0  37358-2 0  9994
2 56341  97.2862 257.8145 0001696  67.7346 127.8716 15.20296653  5637
STARLINK-5955           
1 56342U 23058AB  26263.93770871  .00000766  00000+0  26063-4 0  9998
2 56342  97.2842 260.7090 0001473 100.7664 259.3744 15.33438742187704
STARLINK-5976           
1 56343U 23058AC  26263.48907927  .00000806  00000+0  27285-4 0  9995
2 56343  97.2841 260.2465 0001646  91.7576 268.3856 15.33438310187635
STARLINK-5974           
1 56344U 23058AD  26263.56521173 -.00000274  00000+0 -61512-5 0  9993
2 56344  97.2847 260.2994 0001629  95.9685 264.1743 15.33437176187646
STARLINK-5979           
1 56345U 23058AE  26263.91670139  .00746864  00000+0  32597-1 0  9997
2 56345  97.2853 257.7783 0001646  83.6456   3.7599 15.19600083  5783
STARLINK-5837           
1 56346U 23058AF  26263.91670139  .00079269  00000+0  39226-2 0  9993
2 56346  97.2805 257.8381 0002323  68.3872 181.6978 15.17463133  5688
STARLINK-5829           
1 56347U 23058AG  26263.92411652  .00000207  00000+0  87476-5 0  9997
2 56347  97.2845 260.7263 0001591  93.6676 266.4748 15.33435380187706
STARLINK-5888           
1 56348U 23058AH  26263.91670139  .00804354  00000+0  30410-1 0  9991
2 56348  97.2853 257.7905 0001585  85.9938  33.8807 15.24329614  5740
STARLINK-5887           
1 56349U 23058AJ  26263.91670139  .00080157  00000+0  37811-2 0  9992
2 56349  97.2808 257.8358 0001995  63.4348 180.5135 15.19129203  5789
STARLINK-5886           
1 56350U 23058AK  26263.94042458 -.00000390  00000+0 -97580-5 0  9999
2 56350  97.2844 260.7065 0001511  89.8257 270.3159 15.33434201187704
STARLINK-5891           
1 56351U 23058AL  26263.95946286  .00000314  00000+0  12059-4 0  9994
2 56351  97.2831 260.6845 0001986  97.5277 262.6192 15.33436475187706
STARLINK-5885           
1 56352U 23058AM  26263.91670139  .00085519  00000+0  37108-2 0  9992
2 56352  97.2831 257.7924 0001109  50.5292  82.7085 15.21979240  5783
STARLINK-5874           
1 56353U 23058AN  26263.91670139  .00687556  00000+0  28447-1 0  9997
2 56353  97.2851 257.8284 0001653  83.6028 122.3539 15.21652382  5784
STARLINK-5877           
1 56354U 23058AP  26263.53529036  .00001289  00000+0  42239-4 0  9996
2 56354  97.2838 260.3356 0001692  92.7067 267.4370 15.33447433187648
STARLINK-5535           
1 56356U 23058AR  26263.96490230 -.00000144  00000+0 -21377-5 0  9990
2 56356  97.2837 260.6740 0001735  92.4502 267.6939 15.33435226187705
STARLINK-5538           
1 56357U 23058AS  26263.70935118 -.00003449  00000+0 -10459-3 0  9990
2 56357  97.2812 260.4139 0002598  96.7153 263.4386 15.33427392187666
STARLINK-5482           
1 56358U 23058AT  26263.91670139  .00080503  00000+0  38933-2 0  9993
2 56358  97.2819 257.8387 0002525  65.5884 183.3031 15.18259433  5684
STARLINK-5551           
1 56359U 23058AU  26263.91670139  .00073457  00000+0  31616-2 0  9995
2 56359  97.2830 257.7410 0000901  95.0370 278.9460 15.22317139  5486
STARLINK-5549           
1 56360U 23058AV  26263.93227014  .00000230  00000+0  94423-5 0  9996
2 56360  97.2839 260.7172 0001682  93.2167 266.9269 15.33439510187707
STARLINK-5550           
1 56361U 23058AW  26263.91670139  .00087876  00000+0  43960-2 0  9993
2 56361  97.2841 257.7997 0001211  51.3408  91.5121 15.17039240  5787
STARLINK-5972           
1 56362U 23058AX  26263.94858530  .00004747  00000+0  14928-3 0  9999
2 56362  97.2844 260.6962 0001602  91.1020 269.0407 15.33441483187708
STARLINK-6156           
1 56374U 23061A   26263.07630223  .00000039  00000+0  10917-4 0  9992
2 56374  43.0022 180.5331 0000580 233.0203 127.0595 15.27575701187572
STARLINK-6158           
1 56375U 23061B   26262.18001780 -.00002452  00000+0 -79584-4 0  9992
2 56375  43.0034 184.9886 0001272 262.4644  97.6063 15.27585796186344
STARLINK-6188           
1 56376U 23061C   26263.93517161 -.00000418  00000+0 -56821-5 0  9992
2 56376  43.0035 174.9428 0000861 267.9122  92.1631 15.27574315186617
STARLINK-6189           
1 56377U 23061D   26263.08273104 -.00000029  00000+0  84862-5 0  9998
2 56377  43.0040 180.5778 0001226 259.5227 100.5487 15.27575440186471
STARLINK-6191           
1 56378U 23061E   26263.48389016 -.00000992  00000+0 -26529-4 0  9998
2 56378  43.0060 177.5740 0001302 256.4047 103.6660 15.27570839186542
STARLINK-6157           
1 56379U 23061F   26263.49030584 -.00006908  00000+0 -24147-3 0  9999
2 56379  43.0042 177.6238 0002006 258.0541 102.0085 15.27610999187643
STARLINK-6159           
1 56381U 23061H   26263.13269177 -.00000060  00000+0  73351-5 0  9990
2 56381  43.0005 180.0884 0000844 241.2297 118.8470 15.27576100186489
STARLINK-6160           
1 56382U 23061J   26263.12755272  .00000027  00000+0  10492-4 0  9994
2 56382  43.0031 180.0501 0000875 247.4526 112.6233 15.27578657186480
STARLINK-6166           
1 56383U 23061K   26263.05831205 -.00000177  00000+0  30921-5 0  9995
2 56383  43.0014 180.3946 0001019 257.1564 102.9173 15.27576069186478
STARLINK-6153           
1 56384U 23061L   26263.18651410 -.00000367  00000+0 -38303-5 0  9992
2 56384  43.0011 179.6351 0001138 259.2437 100.8287 15.27576557186498
STARLINK-6173           
1 56385U 23061M   26262.13390717  .00000459  00000+0  26209-4 0  9998
2 56385  43.0011 185.4972 0001108 271.6667  88.4058 15.27575948186336
STARLINK-5836           
1 56386U 23061N   26263.12883805 -.00000325  00000+0 -22957-5 0  9995
2 56386  43.0003 180.0585 0000950 237.8667 122.2093 15.27575138186480
STARLINK-6178           
1 56387U 23061P   26263.15824024  .00001260  00000+0  55294-4 0  9993
2 56387  43.0029 179.4268 0001446 284.9395  75.1297 15.27578877186497
STARLINK-6176           
1 56388U 23061Q   26263.00834003 -.00000507  00000+0 -89199-5 0  9993
2 56388  43.0013 180.8627 0000817 263.6092  96.4667 15.27579319186461
STARLINK-6145           
1 56389U 23061R   26263.45191367 -.00000068  00000+0  70350-5 0  9992
2 56389  43.0002 178.1818 0000722 249.8336 110.2438 15.27577805186531
STARLINK-6298           
1 56391U 23061T   26263.15438939  .00000206  00000+0  17013-4 0  9990
2 56391  43.0033 179.3953 0001136 270.2849  89.7873 15.27575688186493
STARLINK-6301           
1 56392U 23061U   26263.09045243 -.00000359  00000+0 -35096-5 0  9999
2 56392  43.0008 169.3479 0001052 264.1512  95.9220 15.27573752186602
STARLINK-6303           
1 56393U 23061V   26262.19543475  .00000482  00000+0  27032-4 0  9995
2 56393  43.0009 185.0983 0001440 263.2954  96.7734 15.27575549186346
STARLINK-6305           
1 56394U 23061W   26263.44421668 -.00000125  00000+0  49604-5 0  9999
2 56394  43.0030 166.8402 0000970 266.0827  93.9914 15.27574666186664
STARLINK-6273           
1 56395U 23061X   26263.10843667 -.00000189  00000+0  26596-5 0  9995
2 56395  43.0016 169.4749 0000844 241.0436 119.0332 15.27575070187318
STARLINK-6302           
1 56396U 23061Y   26263.45578303  .00000231  00000+0  17921-4 0  9994
2 56396  43.0035 166.9291 0001161 269.8437  90.2282 15.27576089181797
STARLINK-6271           
1 56397U 23061Z   26262.96995527 -.00000264  00000+0 -82662-7 0  9996
2 56397  43.0001 170.1540 0000924 235.3279 124.7486 15.27573981186582
STARLINK-6288           
1 56398U 23061AA  26263.45964716  .00001147  00000+0  51196-4 0  9992
2 56398  43.0033 166.9539 0001416 268.3513  91.7176 15.27578976186660
STARLINK-6277           
1 56399U 23061AB  26263.12499791 -.00000587  00000+0 -11796-4 0  9994
2 56399  43.0031 168.7499 0001083 265.8930  94.1798 15.27572320186618
STARLINK-6267           
1 56400U 23061AC  26262.94039485 -.00000490  00000+0 -82898-5 0  9991
2 56400  43.0032 169.9411 0001616 267.6209  92.4458 15.27574569186587
STARLINK-6287           
1 56404U 23061AG  26263.15840092  .00000804  00000+0  38760-4 0  9998
2 56404  43.0016 168.9827 0001222 264.3551  95.7161 15.27568656186611
STARLINK-6285           
1 56405U 23061AH  26263.46605653  .00000667  00000+0  33761-4 0  9998
2 56405  43.0036 167.0025 0001684 261.8399  98.2261 15.27575878186666
STARLINK-6283           
1 56406U 23061AJ  26263.10715102 -.00000174  00000+0  31803-5 0  9991
2 56406  43.0013 169.4539 0000882 210.9253 149.1547 15.27575538186601
STARLINK-6282           
1 56407U 23061AK  26262.95838759 -.00000640  00000+0 -13748-4 0  9994
2 56407  43.0020 170.0665 0001342 265.1749  94.8950 15.27575759186588
STARLINK-6289           
1 56408U 23061AL  26263.05317982 -.00000186  00000+0  27452-5 0  9999
2 56408  43.0032 169.0504 0000983 266.9801  93.0939 15.27574337186602
STARLINK-6241           
1 56409U 23061AM  26263.42251949 -.00000031  00000+0  83849-5 0  9992
2 56409  43.0012 167.5299 0000851 257.2626 102.8131 15.27576603186653
STARLINK-6281           
1 56410U 23061AN  26263.11214346  .00000048  00000+0  11273-4 0  9998
2 56410  43.0028 168.6396 0000794 251.0374 109.0391 15.27576680186618
STARLINK-6279           
1 56411U 23061AP  26263.16482903 -.00000071  00000+0  69441-5 0  9998
2 56411  43.0007 169.0322 0000875 247.1223 112.9537 15.27574661186611
STARLINK-6278           
1 56412U 23061AQ  26263.45320840 -.00000026  00000+0  85694-5 0  9990
2 56412  43.0053 166.9024 0001504 268.5758  91.4922 15.27576243186660
STARLINK-6258           
1 56413U 23061AR  26263.43794804  .00000753  00000+0  36850-4 0  9999
2 56413  43.0029 167.6360 0000336 234.0018 126.0802 15.27583582186659
STARLINK-5136           
1 56414U 23061AS  26262.95198455 -.00001950  00000+0 -61407-4 0  9994
2 56414  43.0026 170.0135 0001361 255.8750 104.1951 15.27558794186589
STARLINK-6260           
1 56416U 23061AU  26263.97981941 -.00000067  00000+0  70991-5 0  9995
2 56416  43.0020 156.9308 0001438 268.4462  91.6225 15.27575902186826
STARLINK-6261           
1 56417U 23061AV  26263.46091749 -.00000011  00000+0  91357-5 0  9996
2 56417  43.0038 166.9572 0001577 268.2246  91.8425 15.27577133186666
STARLINK-5356           
1 56418U 23061AW  26262.96689887 -.00000013  00000+0  90418-5 0  9996
2 56418  43.0035 162.2239 0001018 266.2172  93.8563 15.27575002186678
STARLINK-5350           
1 56419U 23061AX  26263.15197505  .00000306  00000+0  20630-4 0  9992
2 56419  43.0020 168.9355 0001407 264.2285  95.8406 15.27576802186611
STARLINK-6272           
1 56420U 23061AY  26262.97461016 -.00000240  00000+0  81521-6 0  9990
2 56420  43.0040 162.2828 0001557 278.0548  82.0127 15.27573577186678
STARLINK-6270           
1 56421U 23061AZ  26263.44852237  .00000201  00000+0  16838-4 0  9996
2 56421  43.0051 163.2386 0001488 274.9950  85.0732 15.27578099186709
STARLINK-6236           
1 56422U 23061BA  26263.44259539 -.00000346  00000+0 -30334-5 0  9993
2 56422  43.0035 159.7758 0001532 264.4336  95.6341 15.27574426186744
STARLINK-6239           
1 56423U 23061BB  26263.43616993  .00000062  00000+0  11778-4 0  9997
2 56423  43.0053 159.7354 0001297 266.6579  93.4124 15.27576569186743
STARLINK-6242           
1 56424U 23061BC  26263.12337102  .00000839  00000+0  40022-4 0  9992
2 56424  43.0021 161.6816 0001362 269.3175  90.7520 15.27574876186692
STARLINK-6224           
1 56425U 23061BD  26263.96953880  .00000189  00000+0  16394-4 0  9995
2 56425  43.0030 156.8482 0001632 266.0029  94.0636 15.27575098186827
STARLINK-5352           
1 56426U 23061BE  26261.95797672  .00000191  00000+0  16459-4 0  9993
2 56426  43.0018 168.3997 0001405 253.3665 106.7032 15.27576112186511
STARLINK-5724           
1 56427U 23061BF  26263.00673005 -.00000189  00000+0  26477-5 0  9995
2 56427  43.0020 162.5094 0001249 263.8705  96.2005 15.27574383186674
STARLINK-6238           
1 56428U 23061BG  26263.97724778  .00000558  00000+0  29793-4 0  9998
2 56428  43.0023 156.9062 0001429 267.8234  92.2454 15.27578272186823
STARLINK-6264           
1 56429U 23061BH  26263.00030545  .00000635  00000+0  32606-4 0  9998
2 56429  43.0014 162.4651 0001460 262.4634  97.6052 15.27572000186679
STARLINK-5990           
1 56448U 23064A   26263.55762100 -.00000252  00000+0 -13359-4 0  9992
2 56448  70.0011  13.1975 0003176 268.2753  91.8043 14.98331385184434
STARLINK-5993           
1 56449U 23064B   26263.57832739 -.00000371  00000+0 -23296-4 0  9994
2 56449  70.0002  13.2688 0003257 268.3773  91.7013 14.98335581184438
STARLINK-5970           
1 56450U 23064C   26263.48668685  .00000343  00000+0  36546-4 0  9992
2 56450  70.0007  13.3511 0003068 270.2716  89.8091 14.98332544184429
STARLINK-5985           
1 56451U 23064D   26263.57415261  .00000123  00000+0  18078-4 0  9999
2 56451  70.0009  13.2555 0003267 268.3909  91.6876 14.98329776184438
STARLINK-5986           
1 56452U 23064E   26263.56997816 -.00000051  00000+0  34896-5 0  9998
2 56452  70.0013  13.2407 0003170 270.3126  89.7670 14.98330246184431
STARLINK-5935           
1 56453U 23064F   26263.56582106  .00001423  00000+0  12703-3 0  9995
2 56453  70.0007  13.2259 0003045 272.0761  88.0049 14.98324325184438
STARLINK-5959           
1 56454U 23064G   26263.54493624  .00000654  00000+0  62620-4 0  9999
2 56454  70.0014  13.1506 0003358 268.7229  91.3545 14.98339180184432
STARLINK-5987           
1 56455U 23064H   26263.54075844  .00000022  00000+0  96241-5 0  9996
2 56455  70.0009  13.1345 0003061 268.3796  91.7012 14.98331613184430
STARLINK-5995           
1 56456U 23064J   26263.41976424  .00000127  00000+0  18399-4 0  9990
2 56456  70.0008  13.5180 0003137 272.9664  87.1136 14.98334996184411
STARLINK-5994           
1 56457U 23064K   26263.54910871  .00000172  00000+0  22204-4 0  9999
2 56457  70.0013  13.1651 0003219 266.0884  93.9907 14.98343008184433
STARLINK-6050           
1 56458U 23064L   26263.49069559  .00000328  00000+0  35312-4 0  9999
2 56458  70.0013  13.3626 0002890 271.0088  89.0740 14.98331701184421
STARLINK-6048           
1 56459U 23064M   26263.59098752  .00000142  00000+0  19682-4 0  9994
2 56459  70.0011  12.9095 0003313 268.4022  91.6757 14.98331129184436
STARLINK-6047           
1 56460U 23064N   26263.60334295  .00000352  00000+0  37287-4 0  9997
2 56460  70.0008  12.9533 0003194 271.0756  89.0037 14.98331869184446
STARLINK-6037           
1 56461U 23064P   26263.58664785  .00000340  00000+0  36285-4 0  9999
2 56461  70.0008  12.8942 0003214 269.9192  90.1599 14.98331242184444
STARLINK-6045           
1 56462U 23064Q   26263.54044725  .00000473  00000+0  47440-4 0  9994
2 56462  69.9996 332.9659 0003459 268.8449  91.2314 14.98332150185428
STARLINK-6051           
1 56463U 23064R   26263.56162943 -.00000052  00000+0  34113-5 0  9998
2 56463  70.0004  13.2026 0003191 269.5651  90.5142 14.98330783184436
STARLINK-6043           
1 56464U 23064S   26263.59916991  .00000607  00000+0  58688-4 0  9999
2 56464  70.0008  12.9375 0003340 270.7021  89.3755 14.98333541184447
STARLINK-6054           
1 56465U 23064T   26263.54863158  .00000025  00000+0  99003-5 0  9992
2 56465  69.9999 332.9909 0003582 268.5522  91.5227 14.98331318185429
STARLINK-6053           
1 56466U 23064U   26263.59082249  .00000068  00000+0  13512-4 0  9999
2 56466  70.0015  12.9077 0003153 270.0835  89.9963 14.98330654184432
STARLINK-6055           
1 56467U 23064V   26263.91670139 -.00002314  00000+0 -14554-3 0  9991
2 56467  70.0001 352.1579 0004178 271.6566 101.1050 15.07488852  5767
STARLINK-5998           
1 56468U 23064W   26263.58247313  .00000183  00000+0  23118-4 0  9996
2 56468  70.0006  12.8797 0003217 270.1620  89.9170 14.98331646184449
STARLINK-5518           
1 56469U 23064X   26263.91670139 -.00005674  00000+0 -36161-3 0  9993
2 56469  70.0012 352.2250 0004888 261.6743  56.5704 15.08000691  5718
STARLINK-5523           
1 56470U 23064Y   26263.91670139  .00001846  00000+0  13875-3 0  9997
2 56470  70.0020 352.3027 0003768 238.9457   7.7421 15.04449373  5766
STARLINK-5521           
1 56471U 23064Z   26263.91670139 -.00007688  00000+0 -48811-3 0  9998
2 56471  70.0004 352.1328 0002478 313.3631  84.5478 15.08333839  5768
STARLINK-5038           
1 56472U 23064AA  26263.91670139 -.00003628  00000+0 -23753-3 0  9997
2 56472  70.0000 352.1104 0004175 295.2759 122.7141 15.06623537  5714
STARLINK-5524           
1 56474U 23064AC  26263.91670139 -.00002270  00000+0 -15143-3 0  9995
2 56474  70.0012 352.2987 0003694 240.7512   8.5517 15.05299863  5769
STARLINK-5541           
1 56475U 23064AD  26263.91670139 -.00000089  00000+0  78557-6 0  9992
2 56475  70.0002 352.1146 0004431 295.9895 115.3976 15.06050707  5760
STARLINK-5545           
1 56476U 23064AE  26263.91670139 -.00003673  00000+0 -24821-3 0  9998
2 56476  70.0012 352.1964 0005171 270.8619  72.6993 15.05470757  5762
STARLINK-5534           
1 56477U 23064AF  26263.90354434  .00118674  00000+0  88860-2 0  9993
2 56477  69.9981 352.1256 0003185 259.6720 100.4082 15.02031958184984
STARLINK-6041           
1 56478U 23064AG  26263.91670139  .00004659  00000+0  32217-3 0  9991
2 56478  70.0000 352.0896 0003924 305.8115 129.4006 15.06396357  5768
STARLINK-6044           
1 56479U 23064AH  26263.91670139 -.00005233  00000+0 -35504-3 0  9995
2 56479  70.0004 351.9396 0002038 237.9261 329.5529 15.05652378  5724
STARLINK-6214           
1 56480U 23064AJ  26263.58688846  .00013482  00000+0  23174-3 0  9997
2 56480  69.9893 291.6775 0004593 284.4016  75.6660 15.51244862186465
STARLINK-6222           
1 56481U 23064AK  26263.91670139 -.00005643  00000+0 -39831-3 0  9990
2 56481  70.0012 352.0448 0002020 313.2446 164.6027 15.04233757  5771
STARLINK-6220           
1 56482U 23064AL  26263.91670139  .00000200  00000+0  21327-4 0  9995
2 56482  70.0003 352.0919 0004328 257.5949 175.4491 15.04470343  5764
STARLINK-5868           
1 56483U 23064AM  26263.91670139 -.00004213  00000+0 -28648-3 0  9998
2 56483  70.0017 352.0635 0002839 308.2937 149.2712 15.05387948  5776
STARLINK-6221           
1 56484U 23064AN  26263.91670139  .00002115  00000+0  15975-3 0  9995
2 56484  70.0008 352.0802 0003566 264.2812 177.4679 15.04011732  5773
STARLINK-6210           
1 56485U 23064AP  26263.91670139  .00001100  00000+0  88387-4 0  9997
2 56485  70.0002 351.9890 0003754 277.9675 246.3442 15.03182812  5726
STARLINK-6196           
1 56487U 23064AR  26263.54446027  .00000413  00000+0  42413-4 0  9991
2 56487  69.9993 333.0121 0003382 268.9809  91.0963 14.98330837185422
STARLINK-6204           
1 56488U 23064AS  26263.58620148 -.00000475  00000+0 -31982-4 0  9993
2 56488  70.0000 333.1543 0003551 268.7940  91.2812 14.98330786185424
STARLINK-5923           
1 56489U 23064AT  26263.90747876  .00000064  00000+0  13143-4 0  9999
2 56489  70.0000 332.2694 0003480 270.9415  89.1345 14.98328726185478
STARLINK-5873           
1 56490U 23064AU  26263.92834531  .00000371  00000+0  38890-4 0  9995
2 56490  69.9995 332.3398 0003277 269.5587  90.5197 14.98335377185471
STARLINK-5842           
1 56491U 23064AV  26263.90330459 -.00000014  00000+0  66637-5 0  9990
2 56491  70.0008 332.2533 0003354 269.6751  90.4024 14.98329020185476
STARLINK-5846           
1 56492U 23064AW  26263.56532976  .00000330  00000+0  35462-4 0  9992
2 56492  70.0000 333.0801 0003803 274.2072  85.8652 14.98323335185426
STARLINK-5841           
1 56493U 23064AX  26263.91670139  .00083010  00000+0  56521-2 0  9999
2 56493  70.0010 312.1692 0006039 250.1053 335.4881 15.05804041  5763
STARLINK-5530           
1 56494U 23064AY  26263.56549361  .00000425  00000+0  43443-4 0  9993
2 56494  70.0002 333.0816 0003192 268.5250  91.5544 14.98329623185410
STARLINK-5529           
1 56495U 23064AZ  26263.49022070  .00000228  00000+0  26941-4 0  9994
2 56495  69.9993 333.2199 0003241 269.5101  90.5686 14.98332989185419
STARLINK-5526           
1 56496U 23064BA  26263.48604904 -.00001152  00000+0 -88749-4 0  9999
2 56496  69.9996 333.2067 0003340 263.7253  96.3526 14.98325135185413
STARLINK-5527           
1 56497U 23064BB  26263.54879871  .00000315  00000+0  34185-4 0  9997
2 56497  69.9994 333.0237 0003662 269.6390  90.4349 14.98330790185425
STARLINK-5522           
1 56498U 23064BC  26263.89495616 -.00000089  00000+0  35142-6 0  9992
2 56498  69.9995 332.2244 0003531 269.5507  90.5247 14.98330898185472
STARLINK-5775           
1 56503U 23065A   26263.22439316 -.00000092  00000+0  61953-5 0  9994
2 56503  43.0015 193.6602 0001124 255.5031 104.5696 15.27576964186356
STARLINK-5716           
1 56504U 23065B   26263.23852745 -.00000241  00000+0  76719-6 0  9994
2 56504  43.0016 193.7610 0001017 248.3690 111.7053 15.27577541186359
STARLINK-5763           
1 56505U 23065C   26263.19883868  .00000564  00000+0  30029-4 0  9999
2 56505  43.0032 194.3230 0001235 271.9048  88.1662 15.27574566186340
STARLINK-5340           
1 56506U 23065D   26263.05008610  .00000129  00000+0  14230-4 0  9992
2 56506  43.0031 183.6170 0001407 268.7429  91.3261 15.27574777186459
STARLINK-5333           
1 56507U 23065E   26263.06823819  .00000327  00000+0  21400-4 0  9997
2 56507  43.0018 161.9799 0001479 265.0367  95.0316 15.27576307186702
STARLINK-5335           
1 56508U 23065F   26263.01409287  .00000600  00000+0  31329-4 0  9997
2 56508  43.0028 194.6585 0001509 268.7177  91.3502 15.27580639186320
STARLINK-5334           
1 56509U 23065G   26263.15643487 -.00000134  00000+0  46437-5 0  9995
2 56509  43.0006 194.0025 0001196 257.7571 102.3147 15.27577460186346
STARLINK-5339           
1 56510U 23065H   26263.21411601 -.00000609  00000+0 -12601-4 0  9998
2 56510  43.0019 193.5838 0001537 270.5884  89.4792 15.27573733186358
STARLINK-5351           
1 56511U 23065J   26263.16286133 -.00000101  00000+0  58353-5 0  9994
2 56511  43.0017 194.0447 0000859 266.8187  93.2567 15.27574822186341
STARLINK-5349           
1 56512U 23065K   26263.93721656  .00000013  00000+0  99890-5 0  9996
2 56512  43.0015 189.5375 0001327 263.0788  96.9913 15.27577012186468
STARLINK-5329           
1 56513U 23065L   26263.16671874 -.00001157  00000+0 -32533-4 0  9990
2 56513  43.0019 194.0764 0001037 261.2997  98.7737 15.27579578186346
STARLINK-5348           
1 56515U 23065N   26263.49750043 -.00000057  00000+0  74466-5 0  9993
2 56515  43.0015 192.2558 0000996 258.4119 101.6620 15.27577223186397
STARLINK-5342           
1 56516U 23065P   26263.16029271 -.00000978  00000+0 -26005-4 0  9998
2 56516  43.0020 194.0330 0001071 254.0005 106.0729 15.27581427186348
STARLINK-5345           
1 56517U 23065Q   26263.18213435 -.00000821  00000+0 -20343-4 0  9994
2 56517  43.0019 194.1865 0000498 232.2119 127.8688 15.27577916186340
STARLINK-5346           
1 56518U 23065R   26263.17442552 -.00000205  00000+0  20826-5 0  9990
2 56518  43.0009 194.1304 0000718 262.3064  97.7706 15.27574217186343
STARLINK-6313           
1 56519U 23065S   26263.71164853 -.00000272  00000+0 -34269-6 0  9998
2 56519  43.0041 191.2772 0001206 263.2391  96.8324 15.27574038186429
STARLINK-6344           
1 56520U 23065T   26262.98211952  .00000000  00000+0  95341-5 0  9995
2 56520  43.0008 195.2660 0000748 246.6259 113.4514 15.27575467186314
STARLINK-6333           
1 56521U 23065U   26262.92908979 -.00000184  00000+0  28242-5 0  9992
2 56521  43.0016 199.1287 0000543 203.5429 156.5398 15.27575168186266
STARLINK-6327           
1 56522U 23065V   26263.18470218 -.00000178  00000+0  30604-5 0  9990
2 56522  43.0037 194.1949 0000956 266.8325  93.2418 15.27574476186345
STARLINK-6328           
1 56523U 23065W   26263.53348171 -.00000317  00000+0 -19855-5 0  9993
2 56523  43.0039 192.5233 0001572 269.3612  90.7060 15.27574715186394
STARLINK-6323           
1 56524U 23065X   26263.52705051  .00000332  00000+0  21601-4 0  9993
2 56524  43.0036 192.4733 0001411 273.8747  86.1944 15.27577296186394
STARLINK-6329           
1 56525U 23065Y   26263.23461545  .00000286  00000+0  19904-4 0  9990
2 56525  43.0032 204.7840 0001459 275.5275  84.5411 15.27577196186226
STARLINK-6317           
1 56526U 23065Z   26263.00781746 -.00000956  00000+0 -25219-4 0  9996
2 56526  43.0038 195.4577 0001669 261.4676  98.5987 15.27585201186317
STARLINK-6335           
1 56527U 23065AA  26263.51884235 -.00000527  00000+0 -96270-5 0  9990
2 56527  42.9981 195.8095 0000712  59.9168 300.1755 15.27581182186359
STARLINK-6337           
1 56528U 23065AB  26263.11882221  .00000042  00000+0  11039-4 0  9999
2 56528  43.0004 197.9670 0000774 241.4202 118.6572 15.27576247186293
STARLINK-6307           
1 56529U 23065AC  26263.06422042 -.00000286  00000+0 -86820-6 0  9999
2 56529  43.0017 183.7167 0001346 262.0758  97.9941 15.27573917186451
STARLINK-6318           
1 56530U 23065AD  26262.95450686 -.00000168  00000+0  34176-5 0  9997
2 56530  43.0023 169.8861 0001119 260.1743  99.8982 15.27578290186609
STARLINK-6280           
1 56531U 23065AE  26263.93786456  .00000044  00000+0  11110-4 0  9998
2 56531  43.0036 175.6853 0001241 261.5559  98.5152 15.27574239186622
STARLINK-6319           
1 56532U 23065AF  26263.47245235 -.00000211  00000+0  18651-5 0  9998
2 56532  43.0031 178.2078 0000686 241.5994 118.4789 15.27574844186551
STARLINK-6310           
1 56533U 23065AG  26263.13138896 -.00001091  00000+0 -30142-4 0  9992
2 56533  43.0002 179.9451 0001090 205.0011 155.0788 15.27579701186506
STARLINK-6308           
1 56534U 23065AH  26263.93401292 -.00000423  00000+0 -58423-5 0  9995
2 56534  43.0031 175.6535 0000685 265.3978  94.6795 15.27573716186624
STARLINK-6309           
1 56535U 23065AJ  26263.19690450  .00000264  00000+0  19124-4 0  9995
2 56535  43.0017 208.1702 0001117 273.0511  87.0213 15.27577053186187
STARLINK-6312           
1 56536U 23065AK  26263.21104131 -.00000005  00000+0  93340-5 0  9992
2 56536  43.0008 208.2752 0000819 246.9755 113.1011 15.27575302186183
STARLINK-6311           
1 56537U 23065AL  26263.20076285  .00000013  00000+0  99779-5 0  9990
2 56537  43.0021 208.1993 0000826 268.9371  91.1386 15.27575393186181
STARLINK-6314           
1 56538U 23065AM  26263.06985262 -.00000118  00000+0  52234-5 0  9991
2 56538  43.0016 180.3424 0000784 235.3449 124.7329 15.27578098186492
STARLINK-6135           
1 56539U 23065AN  26263.54570077  .00001029  00000+0  46901-4 0  9993
2 56539  43.0006 206.4846 0000411 245.1954 114.8855 15.27573667186230
STARLINK-6136           
1 56540U 23065AP  26263.22260467 -.00000208  00000+0  19473-5 0  9993
2 56540  43.0020 208.3578 0000656 269.2594  90.8183 15.27574891186180
STARLINK-6249           
1 56541U 23065AQ  26262.91672346  .00000278  00000+0  19635-4 0  9997
2 56541  43.0021 206.9536 0001515 265.9829  94.0850 15.27576035186177
STARLINK-6266           
1 56542U 23065AR  26263.54182748  .00000055  00000+0  11516-4 0  9993
2 56542  43.0002 206.4508 0000731 259.3951 100.6819 15.27574319186232
STARLINK-6226           
1 56544U 23065AT  26263.52304789  .00000087  00000+0  12690-4 0  9993
2 56544  43.0014 202.9125 0000972 251.7560 108.3186 15.27575651186278
STARLINK-6086           
1 56545U 23065AU  26263.55902283 -.00000096  00000+0  60526-5 0  9993
2 56545  43.0033 203.1774 0001578 266.1886  93.8785 15.27575820186278
STARLINK-6187           
1 56546U 23065AV  26263.23979434  .00014807  00000+0  54622-3 0  9993
2 56546  43.0031 205.0835 0002455 285.4219  74.6361 15.27597923186225
STARLINK-6291           
1 56547U 23065AW  26263.21797514  .00000429  00000+0  25118-4 0  9993
2 56547  43.0026 204.9134 0000554 252.6132 107.4659 15.27573638186220
STARLINK-6244           
1 56548U 23065AX  26263.17955428  .00000686  00000+0  34466-4 0  9990
2 56548  43.0024 205.4832 0001298 269.5070  90.5633 15.27575108186211
STARLINK-6263           
1 56549U 23065AY  26263.94106033 -.00000194  00000+0  24516-5 0  9997
2 56549  43.0032 200.8776 0000741 277.5943  82.4824 15.27577001186336
STARLINK-6255           
1 56550U 23065AZ  26262.91930859  .00001138  00000+0  50872-4 0  9997
2 56550  43.0019 206.9719 0001333 272.5444  87.5255 15.27579045186172
STARLINK-6199           
1 56551U 23065BA  26263.55645053 -.00000346  00000+0 -30540-5 0  9991
2 56551  43.0029 203.1518 0001173 271.3158  88.7559 15.27577183186273
STARLINK-5802           
1 56552U 23065BB  26262.25643186  .00000866  00000+0  40988-4 0  9994
2 56552  43.0035 210.5926 0001670 271.6183  88.4478 15.27576958186073
STARLINK-6074           
1 56553U 23065BC  26263.21024629 -.00000394  00000+0 -48035-5 0  9997
2 56553  43.0010 204.8486 0000728 257.0673 103.0097 15.27576096186220
STARLINK-6295           
1 56554U 23065BD  26263.24108508  .00000422  00000+0  24870-4 0  9990
2 56554  43.0035 205.0841 0001692 258.9683 101.0978 15.27578658186220
STARLINK-6252           
1 56555U 23065BE  26263.52690123 -.00000177  00000+0  30812-5 0  9993
2 56555  43.0001 202.9307 0000635 234.9581 125.1211 15.27576079186271
STARLINK-5302           
1 56556U 23065BF  26263.93334290  .00000222  00000+0  17567-4 0  9990
2 56556  43.0028 200.8190 0000493 243.5314 116.5487 15.27580496186334
STARLINK-6265           
1 56557U 23065BG  26263.55259344  .00000102  00000+0  13225-4 0  9999
2 56557  43.0045 203.1239 0000964 282.4333  77.6411 15.27578387186273
STARLINK-6286           
1 56558U 23065BH  26263.55338522  .00000002  00000+0  96097-5 0  9994
2 56558  43.0023 206.5228 0001043 266.7646  93.3087 15.27576870186231
STARLINK-30122          
1 56688U 23067A   26263.45090711  .00000488  00000+0  27259-4 0  9995
2 56688  43.0047 258.1604 0001466 271.5676  88.5008 15.27577660185470
STARLINK-30129          
1 56689U 23067B   26263.36706304 -.00001084  00000+0 -29870-4 0  9994
2 56689  43.0026 261.8021 0001476 265.2173  94.8510 15.27574230185350
STARLINK-30124          
1 56690U 23067C   26263.43885083  .00000108  00000+0  13469-4 0  9997
2 56690  43.0039 261.4877 0001350 279.5419  80.5280 15.27578701185367
STARLINK-30036          
1 56692U 23067E   26263.69140112  .00000417  00000+0  24695-4 0  9990
2 56692  43.0025 259.9612 0001641 268.0269  92.0395 15.27580666184279
STARLINK-30067          
1 56693U 23067F   26263.69782916  .00000210  00000+0  17140-4 0  9993
2 56693  43.0031 260.0083 0001182 271.4012  88.6704 15.27573476185408
STARLINK-30126          
1 56694U 23067G   26263.42058480  .00001958  00000+0  80696-4 0  9993
2 56694  43.0028 254.5600 0001164 267.6260  92.4458 15.27568804185442
STARLINK-30121          
1 56695U 23067H   26263.04781852  .00000635  00000+0  32599-4 0  9998
2 56695  43.0020 263.7106 0000938 278.2853  81.7892 15.27577476185305
STARLINK-30130          
1 56697U 23067K   26263.35053552 -.00000309  00000+0 -17263-5 0  9995
2 56697  43.0023 251.4810 0000916 274.5924  85.4823 15.27575486185214
STARLINK-30068          
1 56698U 23067L   26263.63907857 -.00000080  00000+0  66136-5 0  9991
2 56698  43.0011 238.9190 0000990 261.2464  98.8276 15.27577511185386
STARLINK-30127          
1 56699U 23067M   26263.70939456  .00000407  00000+0  24337-4 0  9998
2 56699  43.0056 260.0963 0001917 288.9919  71.0725 15.27580710185401
STARLINK-30053          
1 56700U 23067N   26263.43776644  .00000300  00000+0  20418-4 0  9997
2 56700  43.0030 251.2829 0001533 273.6586  86.4090 15.27579348185482
STARLINK-30125          
1 56701U 23067P   26263.23904012  .00002021  00000+0  82962-4 0  9992
2 56701  43.0037 252.3755 0001689 288.0091  72.0577 15.27574741185453
STARLINK-30117          
1 56702U 23067Q   26263.45347703 -.00000081  00000+0  65793-5 0  9994
2 56702  43.0024 258.1488 0001088 256.6880 103.3850 15.27574698185405
STARLINK-30132          
1 56703U 23067R   26263.66284667  .00001925  00000+0  79459-4 0  9997
2 56703  42.9968 252.9319 0000965 277.2314  82.8428 15.27583184185480
STARLINK-30066          
1 56704U 23067S   26263.41977684  .00000209  00000+0  17121-4 0  9991
2 56704  43.0024 251.1290 0000998 286.9952  73.0791 15.27574481185481
STARLINK-30080          
1 56705U 23067T   26263.94368455  .00000104  00000+0  13302-4 0  9991
2 56705  43.0032 240.3684 0001491 278.4438  81.6245 15.27576251185657
STARLINK-30079          
1 56706U 23067U   26263.44142669  .00000043  00000+0  11079-4 0  9995
2 56706  43.0039 261.5308 0001251 275.9727  84.0982 15.27575663185369
STARLINK-30070          
1 56707U 23067V   26263.43904973  .00000966  00000+0  44629-4 0  9990
2 56707  43.0027 251.2882 0001526 263.4389  96.6289 15.27579978185486
STARLINK-30071          
1 56708U 23067W   26263.97192613  .00002767  00000+0  11006-3 0  9993
2 56708  43.0026 251.8129 0001917 264.7829  95.2804 15.27575718185524
STARLINK-30085          
1 56709U 23067X   26263.67361357 -.00000165  00000+0  35259-5 0  9993
2 56709  43.0025 249.6059 0000964 272.5982  87.4759 15.27574031185269
STARLINK-6197           
1 56767U 23078A   26263.26496524  .00017238  00000+0  69843-3 0  9991
2 56767  69.9869 201.5746 0006668 221.4378 138.6290 15.24683704182132
STARLINK-6198           
1 56768U 23078B   26263.91670139  .00001517  00000+0  10902-3 0  9995
2 56768  70.0005 191.9284 0002917 263.1732 115.2541 15.06578500  5767
STARLINK-6342           
1 56770U 23078D   26263.91670139  .00055542  00000+0  37310-2 0  9996
2 56770  70.0008 232.1292 0003452 309.8662  11.6933 15.06482233  5610
STARLINK-6275           
1 56772U 23078F   26263.91670139  .00055602  00000+0  38276-2 0  9997
2 56772  70.0005 232.1321 0004003 303.0429  14.9725 15.05568723  5660
STARLINK-6296           
1 56773U 23078G   26263.50508785  .00000219  00000+0  26137-4 0  9999
2 56773  70.0002 173.4248 0002882 268.9441  91.1388 14.98324377182843
STARLINK-6190           
1 56774U 23078H   26263.91670139  .00059462  00000+0  42510-2 0  9993
2 56774  69.9991 232.2705 0003107 259.4977 289.1975 15.04129969  5663
STARLINK-6292           
1 56775U 23078J   26263.50091483  .00000327  00000+0  35191-4 0  9993
2 56775  70.0005 173.4124 0003242 269.6137  90.4651 14.98326939182843
STARLINK-6274           
1 56776U 23078K   26263.91670139  .00000147  00000+0  16201-4 0  9991
2 56776  70.0011 192.2651 0001121 304.0300 126.6055 15.07881200  5713
STARLINK-5582           
1 56777U 23078L   26263.28439840  .00000410  00000+0  42178-4 0  9999
2 56777  69.9996 214.0131 0003240 269.3506  90.7281 14.98331024181826
STARLINK-6304           
1 56778U 23078M   26263.91670139 -.00001801  00000+0 -10660-3 0  9995
2 56778  70.0005 192.1812 0002290 233.2095 269.9410 15.09202695  5711
STARLINK-6231           
1 56779U 23078N   26263.91670139 -.00009875  00000+0 -68214-3 0  9993
2 56779  70.0008 192.1556 0001940 260.4140 275.1511 15.05343311  5767
STARLINK-5963           
1 56780U 23078P   26263.14684398  .00000347  00000+0  36838-4 0  9993
2 56780  69.9996 213.9556 0003437 269.5817  90.4948 14.98330162181812
STARLINK-5989           
1 56781U 23078Q   26263.26353874 -.00000532  00000+0 -36762-4 0  9993
2 56781  69.9998 213.9382 0003338 267.6254  92.4523 14.98324365181826
STARLINK-6352           
1 56782U 23078R   26263.91670139 -.00000788  00000+0 -37239-4 0  9995
2 56782  70.0001 191.9780 0003883 289.8967  38.8150 15.14074821  5760
STARLINK-6357           
1 56783U 23078S   26263.91670139 -.00003008  00000+0 -18706-3 0  9991
2 56783  70.0010 192.1376 0003917 237.0636 309.7024 15.08282191  5675
STARLINK-6354           
1 56784U 23078T   26263.91670139 -.00003086  00000+0 -19089-3 0  9993
2 56784  70.0010 192.1484 0003675 239.2634 295.4187 15.08518649  5670
STARLINK-5931           
1 56785U 23078U   26263.27187521  .00000489  00000+0  48751-4 0  9992
2 56785  69.9988 213.9670 0003369 266.4478  93.6296 14.98339675182515
STARLINK-6341           
1 56786U 23078V   26263.91670139  .00005089  00000+0  34350-3 0  9996
2 56786  70.0005 192.1584 0003057 227.9539 294.4135 15.07227343  5779
STARLINK-6326           
1 56787U 23078W   26263.91670139  .00005778  00000+0  39463-3 0  9992
2 56787  70.0018 192.0238 0005343 278.3502  10.9539 15.06692207  5660
STARLINK-6336           
1 56788U 23078X   26263.91670139  .00004204  00000+0  29018-3 0  9991
2 56788  70.0004 192.1315 0002153 269.3500 277.3858 15.06549994  5776
STARLINK-6345           
1 56790U 23078Z   26263.48420527  .00000194  00000+0  24080-4 0  9999
2 56790  70.0000 173.3551 0003004 269.7154  90.3661 14.98330199182847
STARLINK-5977           
1 56791U 23078AA  26263.56810723 -.00000134  00000+0 -34126-5 0  9999
2 56791  69.9996 212.9976 0003146 270.0390  90.0408 14.98331707181878
STARLINK-6046           
1 56792U 23078AB  26263.27605055  .00000237  00000+0  27678-4 0  9993
2 56792  69.9995 213.9836 0002811 272.2108  87.8729 14.98330839181823
STARLINK-6052           
1 56793U 23078AC  26263.25102507  .00000777  00000+0  72951-4 0  9999
2 56793  69.9994 213.8949 0003234 262.7607  97.3184 14.98327669181823
STARLINK-6060           
1 56794U 23078AD  26263.91670139  .00003891  00000+0  27745-3 0  9994
2 56794  70.0004 192.1276 0004484 240.6362 310.7424 15.05401866  5625
STARLINK-6061           
1 56795U 23078AE  26263.91670139  .00011385  00000+0  80839-3 0  9995
2 56795  70.0005 191.9846 0004855 288.5834  29.3218 15.04899042  5769
STARLINK-6049           
1 56796U 23078AF  26263.33447562 -.00001385  00000+0 -10828-3 0  9996
2 56796  69.9998 213.7849 0003556 266.4575  93.6177 14.98327281181832
STARLINK-6058           
1 56797U 23078AG  26263.66668981  .00048584  00000+0  40540-2 0  9996
2 56797  70.0010 213.0152 0003348 268.4763  15.6055 14.98304835  5778
STARLINK-5953           
1 56799U 23078AJ  26263.92277888 -.00000072  00000+0  17673-5 0  9994
2 56799  69.9996 212.2224 0002868 271.4604  88.6227 14.98329714181921
STARLINK-6036           
1 56800U 23078AK  26263.25936855 -.00000169  00000+0 -63749-5 0  9992
2 56800  69.9993 213.9229 0003560 265.9939  94.0813 14.98326200181821
STARLINK-6087           
1 56801U 23078AL  26263.91670139  .00005154  00000+0  38634-3 0  9996
2 56801  70.0010 192.0626 0005420 265.5409 343.2379 15.03273137  5714
STARLINK-6029           
1 56803U 23078AN  26263.58062992 -.00000136  00000+0 -36258-5 0  9992
2 56803  69.9995 213.0373 0003361 270.1872  89.8902 14.98331515181871
STARLINK-6069           
1 56804U 23078AP  26263.91670139  .00002745  00000+0  20494-3 0  9997
2 56804  70.0004 192.1005 0004852 250.5968 324.3575 15.04062241  5669
STARLINK-6064           
1 56805U 23078AQ  26263.91670139  .00003847  00000+0  27099-3 0  9990
2 56805  70.0005 192.0958 0004846 254.0599 324.8518 15.05866573  5662
STARLINK-6072           
1 56806U 23078AR  26263.45081239 -.00000055  00000+0  32166-5 0  9999
2 56806  70.0004 173.2391 0002356 275.9753  84.1138 14.98330694182810
STARLINK-6073           
1 56807U 23078AS  26263.91670139  .00014291  00000+0  10474-2 0  9995
2 56807  70.0006 192.0001 0003704 252.2494  48.9762 15.03625837  5760
STARLINK-6042           
1 56808U 23078AT  26263.94075003 -.00000252  00000+0 -13289-4 0  9991
2 56808  69.9988 142.2422 0002821 270.1077  89.9758 14.98328772183663
STARLINK-6040           
1 56809U 23078AU  26263.29271999 -.00000091  00000+0  18384-6 0  9995
2 56809  69.9994 213.6387 0003370 267.4812  92.5961 14.98329813181830
STARLINK-6031           
1 56810U 23078AV  26263.30941411  .00000374  00000+0  39150-4 0  9997
2 56810  69.9997 213.6963 0003231 265.7209  94.3580 14.98333303181838
STARLINK-6065           
1 56812U 23078AX  26263.91670139  .00004475  00000+0  30352-3 0  9992
2 56812  69.9997 191.9857 0004558 292.6140  33.5379 15.07146559  5715
STARLINK-6056           
1 56813U 23078AY  26263.22195195 -.00000677  00000+0 -48952-4 0  9999
2 56813  69.9999 213.7930 0003245 268.4623  91.6164 14.98332853181829
STARLINK-6059           
1 56814U 23078AZ  26263.76421337  .00000075  00000+0  14074-4 0  9997
2 56814  69.9994 212.4743 0003198 270.8096  89.2697 14.98331435181909
STARLINK-6067           
1 56816U 23078BB  26263.91670139 -.00004077  00000+0 -26180-3 0  9990
2 56816  69.9997 191.8857 0001764 311.2590  97.1948 15.07467597  5661
STARLINK-6028           
1 56818U 23078BD  26263.22176243  .00010201  00000+0  86042-3 0  9990
2 56818  70.0006 213.7913 0003735 271.8286  88.2445 14.98375220182510
STARLINK-30119          
1 56823U 23079A   26263.92096514  .00000575  00000+0  30430-4 0  9990
2 56823  43.0013  84.7207 0001484 265.2420  94.8262 15.27576210183170
STARLINK-30120          
1 56824U 23079B   26262.95430521  .00000323  00000+0  21252-4 0  9996
2 56824  43.0021  90.3685 0001105 271.9478  88.1247 15.27576972182915
STARLINK-30084          
1 56825U 23079C   26261.91311284  .00000649  00000+0  33117-4 0  9990
2 56825  43.0030  95.4627 0001358 281.0436  79.0263 15.27580101182448
STARLINK-30114          
1 56826U 23079D   26263.91322591  .00000156  00000+0  15185-4 0  9994
2 56826  42.9997  84.4754 0000952 276.7200  83.3544 15.27576760183051
STARLINK-30151          
1 56827U 23079E   26262.92346414  .00000101  00000+0  13210-4 0  9992
2 56827  43.0033  90.1258 0001461 271.6379  88.4305 15.27576529182597
STARLINK-30152          
1 56828U 23079F   26263.90810856  .00000534  00000+0  28938-4 0  9991
2 56828  43.0037  84.6262 0001494 267.4313  92.6367 15.27584499182749
STARLINK-30128          
1 56832U 23079K   26263.88429124 -.00000104  00000+0  57398-5 0  9994
2 56832  43.0057  58.8808 0001188 272.5157  87.5559 15.27576298176633
STARLINK-30131          
1 56833U 23079L   26263.72267681  .00001829  00000+0  79757-4 0  9992
2 56833  43.0086  65.5948 0003188 271.1076  88.9410 15.25909303182940
STARLINK-30069          
1 56834U 23079M   26262.79318071  .00000151  00000+0  15011-4 0  9999
2 56834  43.0028  87.4615 0001631 264.5708  95.4958 15.27577843182616
STARLINK-30144          
1 56835U 23079N   26263.91670139  .00183339  00000+0  24999-2 0  9994
2 56835  42.9865  60.7628 0025335 302.9848 226.5775 15.55774557  5824
STARLINK-30142          
1 56836U 23079P   26263.91631491  .00000681  00000+0  34284-4 0  9991
2 56836  43.0011  81.2754 0001295 270.2659  89.8044 15.27580948182782
STARLINK-30133          
1 56837U 23079Q   26263.61186448  .00001367  00000+0  59209-4 0  9992
2 56837  43.0064  85.8322 0001403 270.8396  89.2295 15.27582132182708
STARLINK-30123          
1 56838U 23079R   26263.59016410 -.00003046  00000+0 -10118-3 0  9994
2 56838  43.0000  13.2454 0000606 234.5126 125.5669 15.27595810183552
STARLINK-30076          
1 56839U 23079S   26263.90297585  .00000210  00000+0  17158-4 0  9994
2 56839  43.0019  84.5717 0001323 272.9987  87.0713 15.27576997182741
STARLINK-30073          
1 56840U 23079T   26263.91670139  .00032682  00000+0  11925-2 0  9999
2 56840  43.0022 269.8387 0001317 264.5986   1.9667 15.27564254  5860
STARLINK-30078          
1 56841U 23079U   26263.37929609 -.00000598  00000+0 -12214-4 0  9996
2 56841  43.0044  39.8562 0001309 253.0041 107.0668 15.27578801183220
STARLINK-30135          
1 56842U 23079V   26263.91709414  .00000533  00000+0  28903-4 0  9996
2 56842  43.0018  84.5919 0001139 254.4525 105.6201 15.27579100182744
STARLINK-30137          
1 56843U 23079W   26263.89267443  .00000250  00000+0  18610-4 0  9995
2 56843  43.0052  84.4123 0001492 269.5835  90.4846 15.27582612182740
STARLINK-30136          
1 56844U 23079X   26263.90681191  .00000891  00000+0  41901-4 0  9998
2 56844  43.0023  84.5091 0001346 264.7923  95.2775 15.27579774182746
STARLINK-6206           
1 56876U 23083A   26263.90572261  .00000454  00000+0  26068-4 0  9997
2 56876  43.0077  62.9351 0003027 260.9235  99.1274 15.27576735181482
STARLINK-6209           
1 56877U 23083B   26263.73255725  .00000663  00000+0  33629-4 0  9995
2 56877  43.0029  63.3554 0001933 249.3340 110.7305 15.27570768181465
STARLINK-6182           
1 56878U 23083C   26263.71600792 -.00001122  00000+0 -31266-4 0  9990
2 56878  43.0041  64.0913 0002122 272.1308  87.9301 15.27564588181459
STARLINK-5707           
1 56879U 23083D   26262.80443310  .00000357  00000+0  22512-4 0  9992
2 56879  43.0028  69.2864 0001915 257.2722 102.7916 15.27578940181310
STARLINK-6177           
1 56880U 23083E   26263.16849646 -.00001541  00000+0 -46459-4 0  9990
2 56880  43.0043  66.8657 0002089 258.0535 102.0082 15.27574908181379
STARLINK-5853           
1 56881U 23083F   26262.87367561  .00001559  00000+0  66169-4 0  9996
2 56881  43.0031  68.9464 0002714 250.7636 109.2923 15.27585578181325
STARLINK-6175           
1 56882U 23083G   26263.16206346 -.00000320  00000+0 -21089-5 0  9993
2 56882  43.0028  66.8183 0001128 265.6825  94.3898 15.27574493181374
STARLINK-6171           
1 56883U 23083H   26263.87360441  .00001275  00000+0  55838-4 0  9995
2 56883  43.0031  62.6890 0001196 271.6950  88.3765 15.27586351181483
STARLINK-5515           
1 56884U 23083J   26262.94534319  .00000655  00000+0  33326-4 0  9999
2 56884  43.0015  67.7681 0001544 253.8051 106.2631 15.27576410181343
STARLINK-5095           
1 56885U 23083K   26262.76588548 -.00000387  00000+0 -45561-5 0  9992
2 56885  43.0033  69.0022 0001091 262.0631  98.0097 15.27577484181314
STARLINK-5496           
1 56886U 23083L   26263.14535848  .00000519  00000+0  28380-4 0  9995
2 56886  43.0027  66.6873 0001354 251.3645 108.7060 15.27576134181379
STARLINK-6180           
1 56887U 23083M   26262.89631595  .00000042  00000+0  11035-4 0  9993
2 56887  43.0030  72.5251 0001279 254.5214 105.5496 15.27575004181286
STARLINK-6181           
1 56888U 23083N   26263.90266498 -.00000761  00000+0 -18122-4 0  9997
2 56888  43.0059  66.3210 0001518 269.0343  91.0335 15.27576463181443
STARLINK-6169           
1 56889U 23083P   26262.95176181  .00000073  00000+0  12205-4 0  9991
2 56889  43.0040  67.8079 0001735 265.2292  94.8361 15.27574427181331
STARLINK-5528           
1 56890U 23083Q   26263.16542352 -.00000230  00000+0  11786-5 0  9994
2 56890  43.0029  70.2465 0001114 258.4585 101.6142 15.27575333181338
STARLINK-6213           
1 56891U 23083R   26263.60950452  .00020617  00000+0  75907-3 0  9991
2 56891  43.0023  64.1485 0000635 298.1621  61.9166 15.27474122181446
STARLINK-6219           
1 56892U 23083S   26262.87447632 -.00000339  00000+0 -27907-5 0  9991
2 56892  43.0044  72.3592 0002182 258.9986 101.0621 15.27572361181285
STARLINK-6216           
1 56893U 23083T   26263.87488869  .00000150  00000+0  14975-4 0  9999
2 56893  43.0013  62.6992 0001098 270.8684  89.2042 15.27579395181605
STARLINK-6144           
1 56894U 23083U   26262.77953492 -.00000880  00000+0 -22456-4 0  9992
2 56894  43.0032  72.5097 0001287 267.7821  92.2884 15.27569851181391
STARLINK-6208           
1 56895U 23083V   26262.80522855  .00000323  00000+0  21269-4 0  9993
2 56895  43.0044  72.7020 0002272 273.3216  86.7376 15.27577299181275
STARLINK-6202           
1 56896U 23083W   26262.80136678  .00000490  00000+0  27320-4 0  9997
2 56896  43.0047  72.6711 0001733 276.4469  83.6185 15.27580640181380
STARLINK-6200           
1 56897U 23083X   26262.79880975  .00000802  00000+0  38680-4 0  9990
2 56897  43.0047  72.6541 0001425 268.6099  91.4590 15.27580322181386
STARLINK-6205           
1 56898U 23083Y   26262.79721688  .00000261  00000+0  19005-4 0  9995
2 56898  43.0027  65.8176 0001804 265.6975  94.3670 15.27578192181466
STARLINK-6203           
1 56899U 23083Z   26263.73306194  .00002696  00000+0  10758-3 0  9991
2 56899  43.0021  59.9460 0000098 148.8675 211.2183 15.27533707181602
STARLINK-6207           
1 56900U 23083AA  26263.86397682 -.00000640  00000+0 -13721-4 0  9993
2 56900  43.0052  48.7803 0001852 288.6640  71.4010 15.27572164181616
STARLINK-6185           
1 56901U 23083AB  26262.78950980 -.00000064  00000+0  72014-5 0  9990
2 56901  43.0044  65.7611 0002276 268.7339  91.3252 15.27574880181468
STARLINK-6195           
1 56902U 23083AC  26263.40883698 -.00000371  00000+0 -39492-5 0  9997
2 56902  43.0047  51.3789 0001863 270.8334  89.2305 15.27574576181680
STARLINK-6192           
1 56903U 23083AD  26262.76252390 -.00000241  00000+0  75947-6 0  9996
2 56903  43.0030  65.5566 0001237 267.2066  92.8644 15.27574935181461
STARLINK-6193           
1 56904U 23083AE  26263.71520978 -.00000088  00000+0  63143-5 0  9996
2 56904  43.0040  49.3750 0001292 266.4167  93.6537 15.27576317181626
STARLINK-6183           
1 56905U 23083AF  26262.76382507 -.00000051  00000+0  76728-5 0  9998
2 56905  43.0035  54.2884 0001779 268.0652  91.9996 15.27577270181484
STARLINK-6098           
1 56906U 23083AG  26263.88310026  .00000174  00000+0  15855-4 0  9998
2 56906  43.0034  48.0598 0001724 261.6601  98.4055 15.27578506181650
STARLINK-6110           
1 56907U 23083AH  26263.68309613 -.00000857  00000+0 -21617-4 0  9990
2 56907  43.0029  49.1446 0001539 269.3850  90.6826 15.27570005181739
STARLINK-6186           
1 56908U 23083AJ  26263.11259983  .00000150  00000+0  14975-4 0  9996
2 56908  43.0032  52.5908 0001134 263.2174  96.8548 15.27576298181535
STARLINK-5999           
1 56909U 23083AK  26263.67424266 -.00000181  00000+0  29687-5 0  9998
2 56909  43.0049  49.9298 0002029 273.5964  86.4655 15.27573942181729
STARLINK-6179           
1 56910U 23083AL  26263.70878347  .00000088  00000+0  12720-4 0  9991
2 56910  43.0025  49.3282 0001035 265.5637  94.5096 15.27577918181610
STARLINK-6116           
1 56911U 23083AM  26263.69336671 -.00000024  00000+0  86525-5 0  9995
2 56911  43.0030  49.2123 0001241 260.5544  99.5167 15.27577010181629
STARLINK-5805           
1 56912U 23083AN  26263.13060343 -.00002150  00000+0 -68665-4 0  9992
2 56912  43.0043  52.7286 0001114 269.2517  90.8207 15.27558518181539
STARLINK-5950           
1 56913U 23083AP  26263.69722366 -.00000180  00000+0  29852-5 0  9990
2 56913  43.0030  49.2407 0001227 259.9415 100.1298 15.27576642181623
STARLINK-5961           
1 56914U 23083AQ  26262.76253399  .00000713  00000+0  35447-4 0  9990
2 56914  43.0037  54.2630 0002115 266.2577  93.8033 15.27581040181489
STARLINK-5965           
1 56915U 23083AR  26263.11645502 -.00000347  00000+0 -31035-5 0  9997
2 56915  43.0021  52.6220 0001034 267.1962  92.8771 15.27574528181534
STARLINK-5973           
1 56916U 23083AS  26263.70364729 -.00000189  00000+0  26666-5 0  9999
2 56916  43.0034  49.2838 0001130 262.9241  97.1482 15.27576160181593
STARLINK-5971           
1 56917U 23083AT  26262.15364749  .00000329  00000+0  21494-4 0  9998
2 56917  43.0028  58.2984 0001179 292.5048  67.5679 15.27575589181386
STARLINK-5951           
1 56918U 23083AU  26263.69208108  .00000163  00000+0  15451-4 0  9997
2 56918  43.0041  49.1976 0001462 262.5512  97.5173 15.27577706181622
STARLINK-5966           
1 56919U 23083AV  26262.76638897  .00000580  00000+0  30616-4 0  9990
2 56919  43.0014  54.2965 0001812 258.8975 101.1673 15.27579557181485
STARLINK-5960           
1 56920U 23083AW  26263.69978730  .00000215  00000+0  17320-4 0  9990
2 56920  43.0031  49.2506 0001139 253.5749 106.4978 15.27579214181626
STARLINK-5958           
1 56921U 23083AX  26263.88179666  .00001705  00000+0  71461-4 0  9994
2 56921  43.0039  48.0423 0001556 266.7607  93.3066 15.27591736181650
STARLINK-5937           
1 56922U 23083AY  26262.74854787  .00000126  00000+0  14129-4 0  9997
2 56922  43.0053  55.0147 0001731 272.0476  88.0177 15.27577648181477
STARLINK-5952           
1 56923U 23083AZ  26263.69593572  .00000175  00000+0  15869-4 0  9991
2 56923  43.0035  49.2255 0001192 255.7142 104.3578 15.27578173181620
STARLINK-5731           
1 56924U 23083BA  26263.13701200 -.00000112  00000+0  54651-5 0  9995
2 56924  43.0050  52.7712 0001738 277.9272  82.1382 15.27574146181645
STARLINK-5733           
1 56925U 23083BB  26263.71135507  .00000217  00000+0  17407-4 0  9993
2 56925  43.0031  49.3408 0001149 306.8970  53.1777 15.27575732181628
STARLINK-5746           
1 56926U 23083BC  26263.90367050 -.00001194  00000+0 -33908-4 0  9996
2 56926  43.0019  48.2043 0000788 258.1724 101.9039 15.27566942181651
STARLINK-5808           
1 56927U 23083BD  26263.85601503 -.00000544  00000+0 -10251-4 0  9999
2 56927  43.0030 317.5555 0001086 272.2397  87.8330 15.27572908182690
STARLINK-5850           
1 57049U 23088B   26263.90000955 -.00000201  00000+0  22337-5 0  9998
2 57049  43.0055  88.5360 0001863 267.5989  92.4650 15.27573952180379
STARLINK-5845           
1 57050U 23088C   26262.88708670  .00000008  00000+0  98082-5 0  9999
2 57050  43.0028  93.8205 0001500 241.6914 118.3786 15.27576257180039
STARLINK-5839           
1 57051U 23088D   26262.87680635  .00000266  00000+0  19195-4 0  9992
2 57051  43.0004  93.7584 0001911 249.8176 110.2470 15.27576999180033
STARLINK-5860           
1 57052U 23088E   26263.91913451  .00001651  00000+0  69527-4 0  9997
2 57052  43.0031  87.8218 0001466 271.6425  88.4259 15.27571937180192
STARLINK-5865           
1 57053U 23088F   26262.90636404 -.00000473  00000+0 -76632-5 0  9995
2 57053  43.0017  93.9709 0001058 264.2852  95.7879 15.27573041180039
STARLINK-5881           
1 57054U 23088G   26263.66015671  .00000879  00000+0  41478-4 0  9994
2 57054  43.0020  89.3130 0001518 257.3502 102.7180 15.27579346180158
STARLINK-6237           
1 57055U 23088H   26263.86145275 -.00000216  00000+0  17115-5 0  9999
2 57055  43.0004  88.2414 0002546 247.7488 112.3093 15.27581761180189
STARLINK-6353           
1 57056U 23088J   26263.91785001  .00000421  00000+0  24814-4 0  9993
2 57056  43.0007  87.8084 0001566 259.0110 101.0566 15.27578915180198
STARLINK-6223           
1 57057U 23088K   26262.94347488  .00000200  00000+0  16802-4 0  9992
2 57057  43.0023  93.3693 0001414 254.9204 105.1491 15.27577665180042
STARLINK-6217           
1 57058U 23088L   26263.91399504  .00000369  00000+0  22961-4 0  9996
2 57058  43.0041  87.7816 0001852 268.5261  91.5378 15.27578288180197
STARLINK-6211           
1 57059U 23088M   26263.91527896  .00000383  00000+0  23440-4 0  9993
2 57059  43.0017  87.7797 0001787 273.3022  86.7625 15.27576066180198
STARLINK-6227           
1 57060U 23088N   26263.90771573  .00000012  00000+0  99671-5 0  9996
2 57060  43.0045  88.5776 0001885 265.2957  94.7679 15.27576211180182
STARLINK-5869           
1 57061U 23088P   26263.93007659 -.00167002  00000+0 -62589-2 0  9997
2 57061  43.0042  91.2947 0001750 269.2441  90.8210 15.27253313179174
STARLINK-5536           
1 57062U 23088Q   26263.89151244 -.00000115  00000+0  53675-5 0  9992
2 57062  43.0016  73.7350 0001698 255.2186 104.8478 15.27576714180358
STARLINK-5832           
1 57063U 23088R   26263.93969702 -.00000205  00000+0  20792-5 0  9998
2 57063  42.9987  87.9613 0001014 252.3161 107.7580 15.27575077180195
STARLINK-5822           
1 57064U 23088S   26263.93069753  .00000033  00000+0  10718-4 0  9990
2 57064  43.0006  87.8937 0002051 233.2915 126.7748 15.27576540179219
STARLINK-5830           
1 57065U 23088T   26263.88152440 -.00002978  00000+0 -98732-4 0  9995
2 57065  42.9975  91.7624 0000941 278.9554  81.1191 15.27579526179168
STARLINK-5827           
1 57066U 23088U   26263.21660595  .00001972  00000+0  81189-4 0  9997
2 57066  43.0016  91.9985 0001662 238.6774 121.3915 15.27565696179105
STARLINK-5824           
1 57067U 23088V   26262.90250808 -.00000383  00000+0 -44240-5 0  9990
2 57067  43.0007  93.9250 0000693 257.2458 102.8316 15.27573561180035
STARLINK-5844           
1 57068U 23088W   26263.88925399 -.00006349  00000+0 -22122-3 0  9994
2 57068  43.0022  91.8521 0000587 303.7766  56.3029 15.27606140180148
STARLINK-5821           
1 57069U 23088X   26262.87488596 -.00000013  00000+0  90363-5 0  9991
2 57069  43.0040  79.8817 0001301 259.9522 100.1183 15.27576504180026
STARLINK-5828           
1 57070U 23088Y   26263.17612200  .00000014  00000+0  10031-4 0  9991
2 57070  43.0025  77.8479 0001310 250.0441 110.0269 15.27576053180243
STARLINK-5834           
1 57071U 23088Z   26262.79922252 -.00000060  00000+0  73496-5 0  9997
2 57071  43.0021  80.1799 0001034 264.7549  95.3185 15.27575786180015
STARLINK-5843           
1 57072U 23088AA  26262.92228722 -.00000232  00000+0  11070-5 0  9995
2 57072  43.0026  79.3774 0001077 257.6852 102.3879 15.27576502179226
STARLINK-5838           
1 57073U 23088AB  26263.89922830 -.00000195  00000+0  24241-5 0  9996
2 57073  43.0032  73.8109 0001318 255.7579 104.3126 15.27576224179372
STARLINK-5773           
1 57074U 23088AC  26263.88538117 -.00000090  00000+0  62432-5 0  9995
2 57074  43.0017  91.8232 0000985 253.8691 106.2052 15.27575563180147
STARLINK-5542           
1 57075U 23088AD  26262.87987883  .00000373  00000+0  23083-4 0  9993
2 57075  43.0057  79.0660 0001469 275.5684  84.5000 15.27576663180206
STARLINK-6155           
1 57076U 23088AE  26263.90693801 -.00000189  00000+0  26445-5 0  9995
2 57076  43.0022  73.8747 0000969 256.5156 103.5588 15.27575154180188
STARLINK-6194           
1 57077U 23088AF  26263.19796543 -.00000313  00000+0 -18496-5 0  9991
2 57077  43.0036  78.0100 0001158 265.2159  94.8561 15.27575648180401
STARLINK-6245           
1 57079U 23088AH  26263.21709533  .00004007  00000+0  15516-3 0  9999
2 57079  43.0043  77.2966 0001842 269.4139  90.6501 15.27556453180250
STARLINK-6243           
1 57080U 23088AJ  26262.80179159 -.00000006  00000+0  93152-5 0  9990
2 57080  43.0021  80.1953 0001029 266.0159  94.0575 15.27577918180011
STARLINK-6184           
1 57081U 23088AK  26263.87867321  .00000560  00000+0  29885-4 0  9999
2 57081  43.0020  73.6589 0001663 247.3074 112.7602 15.27578975180355
STARLINK-6248           
1 57082U 23088AL  26262.88374176 -.00000078  00000+0  66948-5 0  9998
2 57082  43.0052  79.0955 0001728 280.9285  79.1372 15.27575702180206
STARLINK-6253           
1 57083U 23088AM  26263.17354841  .00000331  00000+0  21545-4 0  9993
2 57083  43.0031  77.8163 0001437 255.9419 104.1273 15.27578911180247
STARLINK-6240           
1 57084U 23088AN  26261.91322113  .00001246  00000+0  54795-4 0  9990
2 57084  43.0011  84.7118 0001649 265.1510  94.9154 15.27574411180057
STARLINK-6232           
1 57085U 23088AP  26263.20553156 -.00001090  00000+0 -30085-4 0  9993
2 57085  43.0055  77.2073 0001589 259.5929 100.4743 15.27581363180250
STARLINK-6247           
1 57086U 23088AQ  26263.88252030  .00000379  00000+0  23297-4 0  9999
2 57086  43.0041  73.6855 0001633 254.2743 105.7929 15.27578270180358
STARLINK-6251           
1 57087U 23088AR  26262.88245583  .00000945  00000+0  43866-4 0  9997
2 57087  43.0028  79.0822 0001037 267.9117  92.1616 15.27577499180200
STARLINK-6257           
1 57088U 23088AS  26262.90557824 -.00000253  00000+0  34037-6 0  9990
2 57088  43.0002  79.2510 0002250 247.3122 112.7492 15.27574689180204
STARLINK-6259           
1 57089U 23088AT  26263.88124040  .00000075  00000+0  12234-4 0  9993
2 57089  43.0007  73.6748 0001016 276.7278  83.3458 15.27575843180352
STARLINK-6254           
1 57090U 23088AU  26263.60556044 -.00000195  00000+0  24480-5 0  9999
2 57090  43.0047  75.0446 0001718 270.0064  90.0591 15.27573110180312
STARLINK-6262           
1 57091U 23088AV  26262.95811334  .00000270  00000+0  19356-4 0  9991
2 57091  43.0032  78.7850 0001582 267.3799  92.6872 15.27578312180217
STARLINK-6225           
1 57092U 23088AW  26262.95426617  .00000066  00000+0  11954-4 0  9997
2 57092  43.0061  78.7563 0001882 264.9606  95.1030 15.27570550180214
STARLINK-6229           
1 57093U 23088AX  26262.96968048 -.00005820  00000+0 -20200-3 0  9996
2 57093  43.0024  78.8697 0001643 254.9807 105.0863 15.27597973180213
STARLINK-6235           
1 57094U 23088AY  26262.90815005  .00000000  00000+0  95446-5 0  9994
2 57094  43.0021  79.2647 0001362 266.7847  93.2849 15.27576011180205
STARLINK-6132           
1 57101U 23090A   26263.68505895  .00000086  00000+0  12656-4 0  9990
2 57101  43.0019 260.3962 0001673 265.3647  94.7014 15.27578144180155
STARLINK-6111           
1 57102U 23090B   26263.36584918 -.00000037  00000+0  81675-5 0  9994
2 57102  43.0019 262.3006 0000832 269.4924  90.5832 15.27574024180106
STARLINK-6130           
1 57104U 23090D   26263.36200535 -.00003227  00000+0 -10789-3 0  9997
2 57104  43.0014 262.2708 0001085 279.9568  80.1161 15.27554585180090
STARLINK-6097           
1 57105U 23090E   26263.49920220  .00001248  00000+0  54879-4 0  9990
2 57105  43.0010 261.5759 0000868 279.4379  80.6375 15.27561091180124
STARLINK-6118           
1 57106U 23090F   26263.68377823  .00000156  00000+0  15173-4 0  9998
2 57106  43.0007 260.3838 0000922 267.1749  92.8997 15.27576234180155
STARLINK-6131           
1 57107U 23090G   26263.46320420  .00000332  00000+0  21599-4 0  9991
2 57107  43.0031 261.3030 0001648 267.5774  92.4888 15.27576746180126
STARLINK-6099           
1 57108U 23090H   26263.48376506 -.00000045  00000+0  78690-5 0  9997
2 57108  43.0008 261.4621 0000942 266.4115  93.6629 15.27577438180126
STARLINK-6139           
1 57109U 23090J   26263.45178441  .00000199  00000+0  16757-4 0  9997
2 57109  43.0045 262.0756 0001371 294.3454  65.7255 15.27578161180115
STARLINK-6134           
1 57110U 23090K   26263.47991147  .00001211  00000+0  53509-4 0  9999
2 57110  43.0015 261.4379 0001182 271.7188  88.3528 15.27579154180129
STARLINK-6140           
1 57111U 23090L   26263.01707101 -.00000528  00000+0 -96727-5 0  9997
2 57111  43.0014 263.9784 0001366 262.5978  97.4719 15.27572087180058
STARLINK-6141           
1 57112U 23090M   26263.49147225 -.00000051  00000+0  76813-5 0  9999
2 57112  43.0013 261.5193 0001133 265.0094  95.0628 15.27577056180127
STARLINK-6142           
1 57113U 23090N   26263.27090125  .00000030  00000+0  10627-4 0  9998
2 57113  43.0028 262.4459 0001530 263.7590  96.3087 15.27577963180092
STARLINK-6125           
1 57114U 23090P   26263.47091288  .00000605  00000+0  31502-4 0  9995
2 57114  43.0018 261.3642 0001306 264.7748  95.2955 15.27580138180125
STARLINK-6085           
1 57115U 23090Q   26263.35513840  .00015237  00000+0  68149-3 0  9999
2 57115  42.9996 261.4305 0017563  18.6009 341.5479 15.20976875180111
STARLINK-6129           
1 57116U 23090R   26263.45935341 -.00000315  00000+0 -19162-5 0  9991
2 57116  43.0037 261.2782 0001518 274.0394  86.0284 15.27573345180123
STARLINK-6148           
1 57117U 23090S   26263.46061028  .00002545  00000+0  10192-3 0  9992
2 57117  43.0029 261.2843 0001392 271.2574  88.8119 15.27596316180111
STARLINK-6150           
1 57119U 23090U   26263.69663037  .00000524  00000+0  28578-4 0  9990
2 57119  43.0014 260.4706 0000477 299.1575  60.9229 15.27568863180152
STARLINK-6147           
1 57120U 23090V   26263.93504334  .00000545  00000+0  29338-4 0  9991
2 57120  43.0012 258.8225 0001311 267.2382  92.8320 15.27577527180196
STARLINK-6152           
1 57121U 23090W   26263.98115961 -.00000836  00000+0 -20847-4 0  9992
2 57121  43.0039 258.3058 0001463 279.0820  80.9866 15.27572975180017
STARLINK-6149           
1 57122U 23090X   26263.44279298 -.00000614  00000+0 -12813-4 0  9996
2 57122  43.0018 262.0041 0000884 268.0414  92.0337 15.27572634180112
STARLINK-6154           
1 57123U 23090Y   26263.68120439  .00000738  00000+0  36340-4 0  9991
2 57123  43.0013 260.3570 0001234 271.4176  88.6534 15.27576948179962
STARLINK-6146           
1 57124U 23090Z   26263.35041857 -.00000573  00000+0 -11293-4 0  9991
2 57124  43.0006 262.1764 0001224 270.4363  89.6348 15.27581582180108
STARLINK-6100           
1 57125U 23090AA  26263.40267157 -.00000412  00000+0 -54444-5 0  9999
2 57125  43.0031 243.5844 0001306 289.5107  70.5604 15.27575624180134
STARLINK-6167           
1 57126U 23090AB  26263.45050493  .00000138  00000+0  14554-4 0  9998
2 57126  43.0046 262.0553 0001135 298.9341  61.1397 15.27571976180117
STARLINK-6165           
1 57127U 23090AC  26263.33885919 -.00000136  00000+0  45818-5 0  9992
2 57127  43.0010 262.0857 0001274 259.7057 100.3651 15.27574974179915
STARLINK-6163           
1 57128U 23090AD  26263.46192250 -.00000625  00000+0 -13179-4 0  9994
2 57128  43.0024 261.2859 0001354 251.9299 108.1405 15.27569299179934
STARLINK-6170           
1 57129U 23090AE  26263.44893203 -.00001208  00000+0 -34413-4 0  9991
2 57129  43.0008 243.9323 0000361 314.3334  45.7488 15.27574585180136
STARLINK-6172           
1 57130U 23090AF  26263.46577649 -.00000176  00000+0  31229-5 0  9993
2 57130  43.0024 261.3142 0001722 277.2880  82.7776 15.27572603179930
STARLINK-6162           
1 57131U 23090AG  26263.97958405  .00000024  00000+0  10374-4 0  9991
2 57131  43.0032 240.1806 0000612 317.9828  42.0977 15.27573911180222
STARLINK-6128           
1 57132U 23090AH  26263.34271086 -.00000041  00000+0  80190-5 0  9990
2 57132  43.0006 262.1144 0001434 270.0668  90.0020 15.27575638179911
STARLINK-6143           
1 57133U 23090AJ  26263.40652403  .00000521  00000+0  28455-4 0  9991
2 57133  43.0038 243.6147 0001658 281.2974  78.7691 15.27577176180138
STARLINK-6133           
1 57134U 23090AK  26263.97572579  .00003706  00000+0  14409-3 0  9990
2 57134  43.0069 240.1470 0001502 259.8258 100.2424 15.27587247180223
STARLINK-6127           
1 57135U 23090AL  26263.98472182  .00000719  00000+0  35637-4 0  9999
2 57135  43.0043 240.2163 0001090 291.6017  68.4718 15.27576924180226
STARLINK-6112           
1 57136U 23090AM  26263.98344414  .00000410  00000+0  24405-4 0  9995
2 57136  43.0027 240.2088 0000473 335.5964  24.4866 15.27581930180249
STARLINK-5347           
1 57137U 23090AN  26263.97444481 -.00000019  00000+0  88106-5 0  9995
2 57137  43.0017 240.1388 0000500  14.2187 345.8678 15.27575789180224
STARLINK-5336           
1 57138U 23090AP  26263.66037539  .00000904  00000+0  42377-4 0  9995
2 57138  43.0049 242.0822 0000834 296.9406  63.1361 15.27578474180174
STARLINK-5355           
1 57139U 23090AQ  26263.97701142  .00000028  00000+0  10547-4 0  9999
2 57139  43.0023 240.1556 0000637 280.8393  79.2387 15.27575494180229
STARLINK-5357           
1 57141U 23090AS  26263.97829636 -.00000049  00000+0  77298-5 0  9992
2 57141  43.0026 240.1662 0000807 278.5509  81.5251 15.27575495180222
STARLINK-5361           
1 57142U 23090AT  26263.98215431 -.00000233  00000+0  10549-5 0  9997
2 57142  43.0033 240.1913 0000695 298.5497  61.5285 15.27573601180225
STARLINK-5358           
1 57143U 23090AU  26263.39752791 -.00000848  00000+0 -21289-4 0  9993
2 57143  43.0048 243.5450 0001416 288.9133  71.1565 15.27584804180132
STARLINK-5150           
1 57144U 23090AV  26263.65393870 -.00000200  00000+0  22508-5 0  9999
2 57144  43.0031 242.0320 0000826 304.7076  55.3697 15.27573639180170
STARLINK-5768           
1 57145U 23090AW  26263.42322672  .00000349  00000+0  22216-4 0  9995
2 57145  43.0020 243.7326 0001598 285.8659  74.2016 15.27575915180136
STARLINK-5791           
1 57146U 23090AX  26263.66292824 -.00000013  00000+0  90527-5 0  9997
2 57146  43.0043 242.0934 0001451 283.9208  76.1482 15.27575735180178
STARLINK-5765           
1 57147U 23090AY  26263.62966504  .00000033  00000+0  10737-4 0  9992
2 57147  43.0005 242.6957 0001176 271.2361  88.8356 15.27576999180355
STARLINK-5788           
1 57148U 23090AZ  26263.30660705 -.00000844  00000+0 -21156-4 0  9991
2 57148  42.9995 244.5734 0000851 254.1819 105.8938 15.27562741180113
STARLINK-5778           
1 57149U 23090BA  26263.90323633 -.00000097  00000+0  60149-5 0  9999
2 57149  43.0029 226.3331 0001669 258.8468 101.2196 15.27575178180567
STARLINK-5780           
1 57150U 23090BB  26263.68635711  .00000177  00000+0  15953-4 0  9999
2 57150  43.0043 249.0914 0001154 296.2642  63.8091 15.27575756180281
STARLINK-5776           
1 57151U 23090BC  26263.35398593  .00000535  00000+0  28986-4 0  9996
2 57151  43.0022 244.0720 0001457 265.3465  94.7220 15.27577018180319
STARLINK-6164           
1 57152U 23090BD  26263.33985207  .00000101  00000+0  13211-4 0  9993
2 57152  43.0034 243.9651 0001418 281.3908  78.6785 15.27574183180318
STARLINK-5879           
1 57153U 23090BE  26263.95276125 -.00000222  00000+0  14309-5 0  9999
2 57153  43.0024 229.5125 0000692 300.9681  59.1103 15.27585015180036
STARLINK-6106           
1 57154U 23090BF  26263.42707877  .00001262  00000+0  55361-4 0  9991
2 57154  43.0021 243.7575 0001313 267.4446  92.6255 15.27578789180320
STARLINK-6108           
1 57155U 23090BG  26263.64122655  .00000231  00000+0  17916-4 0  9990
2 57155  43.0010 242.7812 0000889 266.3611  93.7139 15.27579552180356
STARLINK-5525           
1 57218U 23094A   26263.58554582  .00000203  00000+0  16885-4 0  9998
2 57218  43.0030   9.9354 0001097 270.5183  89.5543 15.27579516176925
STARLINK-5520           
1 57219U 23094B   26263.65430262  .00001397  00000+0  60281-4 0  9999
2 57219  43.0027  13.0000 0001582 269.2740  90.7930 15.27587680176890
STARLINK-5880           
1 57220U 23094C   26263.20301834  .00000048  00000+0  11271-4 0  9991
2 57220  43.0043  15.6372 0001359 266.4668  93.6029 15.27574137176827
STARLINK-5870           
1 57222U 23094E   26263.57142267 -.00000741  00000+0 -17417-4 0  9996
2 57222  43.0040   9.8299 0001643 266.0740  93.9924 15.27569565177559
STARLINK-5519           
1 57223U 23094F   26263.31579891  .00000145  00000+0  14798-4 0  9991
2 57223  43.0041  14.7629 0001912 274.7695  85.2939 15.27576456176845
STARLINK-5983           
1 57224U 23094G   26263.77143303 -.00000161  00000+0  36852-5 0  9992
2 57224  43.0042   8.7506 0001603 276.0491  84.0178 15.27573921176958
STARLINK-6294           
1 57225U 23094H   26263.75615500 -.00000495  00000+0 -84640-5 0  9993
2 57225  43.0050   9.4897 0001545 268.9970  91.0705 15.27572823176949
STARLINK-6350           
1 57226U 23094J   26263.34970020 -.00000509  00000+0 -89715-5 0  9994
2 57226  43.0056  11.6011 0001616 279.0871  80.9797 15.27575743176886
STARLINK-5996           
1 57227U 23094K   26263.58120316  .00000140  00000+0  14629-4 0  9996
2 57227  43.0044  13.3083 0002066 268.9777  91.0838 15.27573790176883
STARLINK-6230           
1 57228U 23094L   26262.64573703  .00001594  00000+0  67449-4 0  9997
2 57228  43.0055  14.9199 0001532 273.9586  86.1091 15.27573944176788
STARLINK-6233           
1 57229U 23094M   26263.35355744 -.00000399  00000+0 -49622-5 0  9998
2 57229  43.0055  11.6337 0001699 274.2945  85.7712 15.27573696176884
STARLINK-6250           
1 57230U 23094N   26263.35612976 -.00000487  00000+0 -81652-5 0  9990
2 57230  43.0042  11.6502 0001343 276.4441  83.6258 15.27571065176887
STARLINK-5840           
1 57231U 23094P   26263.73816523 -.00000741  00000+0 -17425-4 0  9996
2 57231  43.0046   9.3549 0000737 280.4740  79.6028 15.27574418176942
STARLINK-5872           
1 57232U 23094Q   26263.60224519  .00000225  00000+0  17704-4 0  9996
2 57232  43.0031  10.0481 0001179 271.3364  88.7353 15.27581640177581
STARLINK-5866           
1 57233U 23094R   26262.61503334 -.00000490  00000+0 -82968-5 0  9993
2 57233  43.0031  15.5461 0001287 271.6754  88.3950 15.27571845176771
STARLINK-6368           
1 57234U 23094S   26263.57012548 -.00000064  00000+0  71949-5 0  9995
2 57234  43.0040   9.8106 0001774 272.6424  87.4225 15.27575337176922
STARLINK-6360           
1 57235U 23094T   26262.61117793 -.00000673  00000+0 -14931-4 0  9992
2 57235  43.0033  15.5183 0001211 274.3501  85.7213 15.27572575176777
STARLINK-6315           
1 57236U 23094U   26263.57028531 -.00000532  00000+0 -98025-5 0  9991
2 57236  43.0044 359.3833 0001336 269.3014  90.7684 15.27576643177041
STARLINK-6365           
1 57237U 23094V   26263.58299576 -.00003337  00000+0 -11178-3 0  9990
2 57237  43.0043   9.9069 0001839 261.7206  98.3437 15.27576306176929
STARLINK-6334           
1 57238U 23094W   26263.32287470  .00000644  00000+0  32933-4 0  9992
2 57238  43.0054   0.9563 0001691 268.1367  91.9291 15.27566278177001
STARLINK-6330           
1 57239U 23094X   26263.57398185  .00000648  00000+0  33098-4 0  9993
2 57239  43.0041   9.8418 0001505 264.7074  95.3606 15.27574440176924
STARLINK-6351           
1 57240U 23094Y   26263.33814914  .00000137  00000+0  14506-4 0  9998
2 57240  43.0054   0.2193 0001975 279.1097  80.9531 15.27575521177010
STARLINK-6349           
1 57241U 23094Z   26263.57414350 -.00000787  00000+0 -19080-4 0  9990
2 57241  43.0045 359.4125 0001174 280.2020  79.8699 15.27573581177044
STARLINK-6306           
1 57242U 23094AA  26263.71134025 -.00000754  00000+0 -17885-4 0  9990
2 57242  43.0048 358.7183 0001340 275.9202  84.1497 15.27573260177063
STARLINK-6346           
1 57243U 23094AB  26263.31516733 -.00000654  00000+0 -14259-4 0  9998
2 57243  43.0042   0.9053 0001060 272.0463  88.0267 15.27573130177004
STARLINK-5610           
1 57244U 23094AC  26263.33172277 -.00000144  00000+0  43011-5 0  9994
2 57244  43.0060   0.1704 0002127 283.8195  76.2420 15.27575761177010
STARLINK-5587           
1 57245U 23094AD  26263.32672929 -.00000295  00000+0 -11842-5 0  9998
2 57245  43.0063   0.9843 0001785 285.3130  74.7524 15.27577141177002
STARLINK-5049           
1 57246U 23094AE  26263.00736047 -.00000314  00000+0 -18910-5 0  9991
2 57246  43.0050   2.0318 0001715 282.8750  77.1910 15.27575131176969
STARLINK-5039           
1 57247U 23094AF  26263.27661337  .00000071  00000+0  12120-4 0  9994
2 57247  43.0039   0.6094 0001675 266.8059  93.2601 15.27577278177007
STARLINK-5514           
1 57248U 23094AG  26263.73817786  .00000834  00000+0  39851-4 0  9994
2 57248  43.0045 358.0533 0002077 272.2002  87.8612 15.27575765177076
STARLINK-5517           
1 57249U 23094AH  26263.28431946  .00000592  00000+0  31044-4 0  9992
2 57249  43.0054   0.6114 0001376 264.2866  95.7829 15.27574769177006
STARLINK-5488           
1 57250U 23094AJ  26263.56000409  .00000477  00000+0  26855-4 0  9997
2 57250  43.0030 359.2979 0001300 269.6951  90.3752 15.27575051177040
STARLINK-5513           
1 57251U 23094AK  26263.74588478  .00000079  00000+0  12405-4 0  9999
2 57251  43.0029 358.1149 0001495 265.5725  94.4956 15.27576983177074
STARLINK-5511           
1 57252U 23094AL  26262.55608225 -.00001056  00000+0 -28871-4 0  9993
2 57252  42.9993   4.6610 0000799 217.0767 143.0029 15.27563825176895
STARLINK-5516           
1 57253U 23094AM  26263.29460425 -.00000228  00000+0  12283-5 0  9994
2 57253  43.0030   0.7484 0001121 268.7247  91.3476 15.27574745177000
STARLINK-5490           
1 57254U 23094AN  26262.75994885  .00000315  00000+0  20983-4 0  9998
2 57254  43.0052   3.6090 0002415 270.8400  89.2175 15.27575348176924
STARLINK-5481           
1 57255U 23094AP  26263.27918498 -.00000176  00000+0  31416-5 0  9993
2 57255  43.0051   0.6282 0001422 266.4473  93.6216 15.27578016177002
STARLINK-5512           
1 57256U 23094AQ  26263.56643428  .00000018  00000+0  10167-4 0  9997
2 57256  43.0034 359.3540 0001323 272.7923  87.2777 15.27575336177042
STARLINK-5503           
1 57257U 23094AR  26263.56385873 -.00000179  00000+0  30276-5 0  9998
2 57257  43.0034 359.3237 0001257 267.7097  92.3611 15.27576084177706
STARLINK-5476           
1 57258U 23094AS  26263.74845184  .00000147  00000+0  14870-4 0  9990
2 57258  43.0030 358.1310 0001204 271.5346  88.5368 15.27579726177076
STARLINK-5026           
1 57260U 23094AU  26263.75102314  .00000002  00000+0  96006-5 0  9997
2 57260  43.0032 358.1512 0001302 267.7870  92.2832 15.27578188177713
STARLINK-5485           
1 57261U 23094AV  26263.58812049 -.00000338  00000+0 -27603-5 0  9993
2 57261  43.0034   9.9501 0001256 266.4568  93.6140 15.27573751176923
STARLINK-5504           
1 57262U 23094AW  26263.74460633  .00000121  00000+0  13923-4 0  9997
2 57262  43.0036 358.1055 0001716 297.6621  62.4057 15.27573051177077
STARLINK-5509           
1 57263U 23094AX  26263.32271686  .00000013  00000+0  99975-5 0  9992
2 57263  43.0022  11.4015 0001496 271.4421  88.6260 15.27575867176882
STARLINK-5858           
1 57264U 23094AY  26263.95103859 -.00001215  00000+0 -34651-4 0  9994
2 57264  43.0035 357.0661 0001379 264.2415  95.8279 15.27574868177102
STARLINK-30198          
1 57290U 23096A   26263.56619991  .00039837  00000+0  12494-2 0  9999
2 57290  42.9834 205.6076 0013479 155.3123 204.8378 15.32302066177381
STARLINK-30239          
1 57291U 23096B   26263.91670139  .00657336  00000+0  56072-2 0  9990
2 57291  42.9993 192.3462 0001668 267.5147 326.1869 15.66701247  5854
STARLINK-30235          
1 57294U 23096E   26263.91670139  .00110444  00000+0  18099-2 0  9994
2 57294  43.0009 196.3298 0001638 270.9380 122.0930 15.51375208  5784
STARLINK-30236          
1 57300U 23096L   26263.91670139  .00413181  00000+0  31161-2 0  9991
2 57300  42.9991 191.6687 0001449 275.7492 229.8018 15.70452858  5867
STARLINK-30201          
1 57301U 23096M   26263.13844316  .00000302  00000+0  20483-4 0  9990
2 57301  43.0018 205.2105 0000808 278.5253  81.5507 15.27575960176453
STARLINK-30233          
1 57302U 23096N   26263.91670139  .00610740  00000+0  53905-2 0  9993
2 57302  42.9990 193.7131 0001670 273.7410 103.3631 15.65997093  5898
STARLINK-30184          
1 57310U 23096W   26263.03696746  .00000402  00000+0  24126-4 0  9990
2 57310  43.0018 176.8967 0001345 262.7150  97.3549 15.27579433176775
STARLINK-6290           
1 57328U 23099A   26263.62963644 -.00000029  00000+0  84831-5 0  9997
2 57328  43.0056 231.1727 0000976 314.6151  45.4621 15.27577066176801
STARLINK-6138           
1 57329U 23099B   26263.19763218  .00000401  00000+0  24099-4 0  9997
2 57329  43.0016 233.9488 0001365 266.1282  93.9414 15.27577217175828
STARLINK-6212           
1 57330U 23099C   26262.98733909  .00000417  00000+0  24688-4 0  9990
2 57330  43.0032 234.9577 0001598 275.7792  84.2878 15.27576627175795
STARLINK-6234           
1 57331U 23099D   26263.64505644  .00000275  00000+0  19542-4 0  9993
2 57331  43.0038 231.2933 0001755 272.0870  87.9781 15.27578239175895
STARLINK-5831           
1 57332U 23099E   26263.90917524 -.00000115  00000+0  53297-5 0  9997
2 57332  43.0016 229.8309 0001379 265.5192  94.5503 15.27577211175938
STARLINK-5585           
1 57333U 23099F   26263.32454769  .00001079  00000+0  48725-4 0  9999
2 57333  43.0019 233.1815 0001376 266.9131  93.1563 15.27579704175847
STARLINK-5589           
1 57334U 23099G   26263.92075381  .00000306  00000+0  20665-4 0  9990
2 57334  43.0012 229.9100 0001446 268.2859  91.7827 15.27572416175931
STARLINK-6316           
1 57335U 23099H   26263.93922243 -.00000138  00000+0  44946-5 0  9993
2 57335  43.0030 226.6463 0000681 278.0412  82.0362 15.27574742175977
STARLINK-6320           
1 57336U 23099J   26263.60586334 -.00000577  00000+0 -11447-4 0  9992
2 57336  43.0012 228.4215 0000575 324.4806  35.6007 15.27577856175922
STARLINK-6322           
1 57337U 23099K   26263.60153267  .00002593  00000+0  10375-3 0  9994
2 57337  43.0006 231.8137 0000902 331.1020  28.9782 15.27569476175883
STARLINK-6374           
1 57338U 23099L   26263.60408910 -.00000575  00000+0 -11373-4 0  9993
2 57338  43.0006 231.8323 0000983 264.3557  95.7182 15.27576097175885
STARLINK-6332           
1 57339U 23099M   26263.20535269 -.00000222  00000+0  14619-5 0  9993
2 57339  43.0016 234.0020 0001298 268.5980  91.4723 15.27571126175828
STARLINK-6321           
1 57340U 23099N   26263.61950668 -.00000500  00000+0 -86751-5 0  9990
2 57340  43.0013 231.9404 0000285  87.0658 273.0226 15.27575021175880
STARLINK-6377           
1 57341U 23099P   26263.32277061  .00001297  00000+0  56643-4 0  9996
2 57341  43.0039 236.5750 0001470 275.9178  84.1506 15.27578612175809
STARLINK-6375           
1 57342U 23099Q   26263.59558528 -.00000143  00000+0  43138-5 0  9992
2 57342  43.0015 228.3615 0001075 264.3934  95.6795 15.27576519175920
STARLINK-6379           
1 57343U 23099R   26263.93872660 -.00000051  00000+0  76627-5 0  9994
2 57343  43.0014 230.0412 0001050 263.4174  96.6559 15.27576050175934
STARLINK-6380           
1 57344U 23099S   26263.63349540  .00000013  00000+0  99885-5 0  9996
2 57344  43.0042 231.1912 0000893 332.5318  27.5487 15.27575621175896
STARLINK-6373           
1 57345U 23099T   26263.64713543 -.00001413  00000+0 -41822-4 0  9990
2 57345  43.0035 234.7088 0001484 284.2969  75.7718 15.27571165175851
STARLINK-6359           
1 57346U 23099U   26263.22125477  .00000423  00000+0  24889-4 0  9990
2 57346  43.0030 230.7100 0000846 269.0921  90.9834 15.27574872175865
STARLINK-6378           
1 57347U 23099V   26262.41121736  .00000885  00000+0  41682-4 0  9997
2 57347  43.0035 241.7740 0001760 282.2486  77.8169 15.27576588175661
STARLINK-6372           
1 57348U 23099W   26263.60201533  .00000979  00000+0  45113-4 0  9991
2 57348  43.0014 228.4053 0000654 260.0392 100.0386 15.27572535175926
STARLINK-6376           
1 57349U 23099X   26263.25194581  .00000486  00000+0  27190-4 0  9995
2 57349  43.0021 230.0825 0001479 263.3101  96.7583 15.27578834176593
STARLINK-6362           
1 57350U 23099Y   26263.90932883 -.00000329  00000+0 -24568-5 0  9999
2 57350  43.0011 219.3560 0000831 256.8985 103.1774 15.27574782176041
STARLINK-6331           
1 57351U 23099Z   26263.62884964 -.00001056  00000+0 -28883-4 0  9996
2 57351  43.0028 227.7549 0000966 278.4942  81.5801 15.27571596175939
STARLINK-6297           
1 57352U 23099AA  26263.90290206  .00000038  00000+0  10901-4 0  9997
2 57352  43.0010 219.3054 0001016 255.2957 104.7782 15.27576295176056
STARLINK-6324           
1 57353U 23099AB  26263.25837278 -.00000387  00000+0 -45353-5 0  9991
2 57353  43.0016 230.1299 0001528 261.7370  98.3308 15.27575178175874
STARLINK-6293           
1 57354U 23099AC  26263.90033376  .00000027  00000+0  10502-4 0  9997
2 57354  43.0003 219.2817 0000883 250.3352 109.7405 15.27576927176051
STARLINK-6276           
1 57355U 23099AD  26263.92346146 -.00000030  00000+0  84303-5 0  9998
2 57355  43.0040 219.4600 0000523 291.6789  68.4007 15.27575434176059
STARLINK-6355           
1 57356U 23099AE  26263.26060381 -.00000154  00000+0  39108-5 0  9990
2 57356  43.0017 223.0808 0000588 255.5112 104.5674 15.27574657175951
STARLINK-5600           
1 57357U 23099AF  26263.23104642  .00000144  00000+0  14756-4 0  9996
2 57357  43.0017 222.8668 0001432 261.2899  98.7791 15.27577369175955
STARLINK-6299           
1 57358U 23099AG  26263.92974540 -.00001310  00000+0 -38089-4 0  9998
2 57358  43.0036 218.6527 0001221 257.6604 102.4111 15.27581614176805
STARLINK-6347           
1 57359U 23099AH  26263.57853937  .00000175  00000+0  15876-4 0  9991
2 57359  43.0015 221.1717 0000924 247.1482 112.9272 15.27577557176007
STARLINK-6348           
1 57360U 23099AJ  26263.61051829  .00001337  00000+0  58114-4 0  9991
2 57360  43.0036 220.5541 0001549 265.9855  94.0819 15.27580023176016
STARLINK-6340           
1 57361U 23099AK  26263.92217588 -.00000246  00000+0  56854-6 0  9992
2 57361  43.0031 219.4455 0000633 284.5181  75.5601 15.27575173176052
STARLINK-6343           
1 57362U 23099AL  26262.30664634  .00000108  00000+0  13452-4 0  9993
2 57362  43.0028 227.9666 0001520 275.1690  84.8989 15.27573104175800
STARLINK-6356           
1 57363U 23099AM  26263.27972565  .00001004  00000+0  45993-4 0  9997
2 57363  43.0039 222.3682 0001384 285.2508  74.8191 15.27579163175960
STARLINK-6338           
1 57364U 23099AN  26262.24509426  .00002792  00000+0  11089-3 0  9999
2 57364  43.0013 228.3665 0001335 266.4159  93.6540 15.27590963175798
STARLINK-5007           
1 57365U 23099AP  26263.24389618  .00000929  00000+0  43287-4 0  9996
2 57365  43.0008 222.9490 0001300 258.9555 101.1151 15.27570048175950
STARLINK-6174           
1 57366U 23099AQ  26263.17465789 -.00000194  00000+0  24772-5 0  9997
2 57366  43.0007 223.2951 0000966 265.8703  94.2038 15.27572935175947
STARLINK-6215           
1 57367U 23099AR  26263.01146948  .00000043  00000+0  11082-4 0  9995
2 57367  43.0018 205.6555 0000786 246.0233 114.0537 15.27575646176884
STARLINK-6218           
1 57368U 23099AS  26263.24775300 -.00000359  00000+0 -35246-5 0  9992
2 57368  43.0012 222.9823 0001199 268.4840  91.5874 15.27574071175951
STARLINK-6168           
1 57369U 23099AT  26263.58655827  .00030639  00000+0  91917-3 0  9998
2 57369  43.0001 217.7936 0006652 160.4523 199.6587 15.33885941176045
STARLINK-5353           
1 57370U 23099AU  26263.31956518  .00000048  00000+0  11272-4 0  9990
2 57370  43.0010 222.6574 0000645 254.2983 105.7797 15.27573964175961
STARLINK-6032           
1 57371U 23099AV  26263.17080247 -.00000227  00000+0  12906-5 0  9998
2 57371  43.0010 223.2682 0001283 268.3721  91.6984 15.27573596175944
STARLINK-5975           
1 57372U 23099AW  26263.91960485  .00000433  00000+0  25249-4 0  9993
2 57372  43.0027 219.4110 0000508 266.0548  94.0246 15.27574676176058
STARLINK-6370           
1 57373U 23099AX  26263.91318595 -.00001019  00000+0 -27537-4 0  9998
2 57373  43.0019 219.3676 0000491 252.7524 107.3274 15.27569356176051
STARLINK-6369           
1 57374U 23099AY  26263.19236551 -.00001088  00000+0 -30037-4 0  9995
2 57374  43.0022 205.3070 0001583 244.8264 115.2424 15.27567919176154
STARLINK-6363           
1 57375U 23099AZ  26263.91189887 -.00000039  00000+0  80864-5 0  9993
2 57375  43.0012 219.3611 0000772 266.7954  93.2809 15.27574471176050
STARLINK-6367           
1 57376U 23099BA  26263.23539693  .00009096  00000+0  33961-3 0  9998
2 57376  42.9971 219.4826 0001135 243.0506 117.0230 15.27584379175990
STARLINK-6358           
1 57377U 23099BB  26263.32935486 -.00000094  00000+0  60841-5 0  9998
2 57377  43.0010 226.1600 0000683 249.5719 110.5059 15.27574881175912
STARLINK-6364           
1 57378U 23099BC  26263.51929943  .00000240  00000+0  18249-4 0  9997
2 57378  43.0017 192.1625 0001178 273.6993  86.3724 15.27576081177073
STARLINK-6361           
1 57379U 23099BD  26263.16615577  .00000429  00000+0  25098-4 0  9993
2 57379  43.0009 219.8227 0000967 261.3237  98.7505 15.27574002175983
STARLINK-6366           
1 57380U 23099BE  26263.52315366 -.00000381  00000+0 -43176-5 0  9995
2 57380  43.0035 192.1881 0001119 272.2818  87.7905 15.27574473177064
STARLINK-6371           
1 57381U 23099BF  26263.12312120  .00000203  00000+0  16907-4 0  9999
2 57381  43.0017 205.6364 0001291 265.0335  95.0369 15.27569385176887
STARLINK-30240          
1 57404U 23102A   26263.63268360 -.00000346  00000+0 -30451-5 0  9993
2 57404  43.0041 227.6743 0001492 259.2567 100.8117 15.27570679176053
STARLINK-30207          
1 57407U 23102D   26263.24730730 -.00000299  00000+0 -13265-5 0  9999
2 57407  43.0038 215.3155 0001463 275.5995  84.4690 15.27576364176170
STARLINK-30205          
1 57408U 23102E   26263.29389689  .00029883  00000+0  94046-3 0  9990
2 57408  43.0020 228.5903 0004896 147.6237 212.4918 15.32383995176011
STARLINK-30222          
1 57409U 23102F   26263.95062764 -.00000001  00000+0  95050-5 0  9996
2 57409  43.0040 225.7655 0001113 279.4418  80.6307 15.27567228176105
STARLINK-30172          
1 57410U 23102G   26263.91670139  .00088911  00000+0  17971-2 0  9993
2 57410  42.9991 223.1857 0001463 258.6163 335.1043 15.45478135  5878
STARLINK-30214          
1 57411U 23102H   26263.36085717  .00000224  00000+0  17685-4 0  9990
2 57411  43.0044 229.0814 0001983 257.2763 102.7867 15.27583907175960
STARLINK-30182          
1 57412U 23102J   26263.89455718  .00209120  00000+0  87271-3 0  9994
2 57412  42.9988 215.7054 0001735 256.7469 103.3210 15.84295075176213
STARLINK-30191          
1 57413U 23102K   26263.91670139  .00050644  00000+0  10412-2 0  9991
2 57413  43.0009 160.8268 0002485 271.4212  68.4282 15.45205408  5769
STARLINK-30193          
1 57414U 23102L   26263.55843317  .00068907  00000+0  59542-3 0  9991
2 57414  42.9976 201.7797 0008819 178.4523 181.6372 15.68258960176348
STARLINK-30208          
1 57415U 23102M   26263.23394465 -.00000101  00000+0  58403-5 0  9992
2 57415  43.0021 229.8473 0000862 317.5593  42.5192 15.27578729175940
STARLINK-30224          
1 57416U 23102N   26263.91670139  .00846725  00000+0  68284-2 0  9997
2 57416  42.9992 217.9154 0001773 274.2374 339.5333 15.67896682  5749
STARLINK-30043          
1 57417U 23102P   26263.30831690  .00001304  00000+0  56895-4 0  9995
2 57417  43.0025 229.5364 0001344 269.0888  90.9810 15.27578312176006
STARLINK-30221          
1 57418U 23102Q   26263.91670139  .00574291  00000+0  56952-2 0  9994
2 57418  42.9990 226.2399 0001879 280.5275  74.5740 15.63168212  5857
STARLINK-30105          
1 57433U 23105D   26263.59455941  .00000133  00000+0  14347-4 0  9993
2 57433  43.0033  10.1144 0001284 275.1912  84.8794 15.27578839178135
STARLINK-30102          
1 57434U 23105E   26263.62241605  .00000587  00000+0  30848-4 0  9995
2 57434  43.0007 239.0280 0001238 271.8213  88.2497 15.27575093175343
STARLINK-30158          
1 57438U 23105J   26263.62498392 -.00000540  00000+0 -10079-4 0  9991
2 57438  43.0023 239.0451 0001640 262.4679  97.5986 15.27576350175392
STARLINK-30160          
1 57441U 23105M   26263.35474438  .00000394  00000+0  23842-4 0  9997
2 57441  43.0038 247.2788 0001371 263.8403  96.2292 15.27573873175110
STARLINK-30146          
1 57442U 23105N   26263.43267939 -.00000589  00000+0 -11899-4 0  9990
2 57442  43.0010 240.1798 0001154 269.9156  90.1563 15.27577221175424
STARLINK-30197          
1 57443U 23105P   26263.01980129  .00000924  00000+0  43090-4 0  9997
2 57443  43.0018 242.2442 0001368 271.6759  88.3936 15.27576468175300
STARLINK-30181          
1 57444U 23105Q   26262.95906308  .00001014  00000+0  46363-4 0  9994
2 57444  43.0018 246.0583 0001508 270.7581  89.3098 15.27578792175311
STARLINK-30215          
1 57445U 23105R   26263.30961283  .00000474  00000+0  26752-4 0  9997
2 57445  43.0011 240.9751 0001036 272.3767  87.6966 15.27579324175187
STARLINK-30162          
1 57446U 23105S   26263.94426549 -.00000558  00000+0 -10748-4 0  9992
2 57446  43.0015 226.1080 0000837 273.3009  86.7746 15.27574420175572
STARLINK-30178          
1 57447U 23105T   26263.63268325  .00001488  00000+0  63561-4 0  9997
2 57447  42.9985 239.0980 0001259 276.7757  83.2951 15.27586825175397
STARLINK-30196          
1 57448U 23105U   26263.34367276  .00000508  00000+0  27969-4 0  9995
2 57448  43.0057 243.7849 0001529 279.2786  80.7892 15.27587283175155
STARLINK-30225          
1 57449U 23105V   26263.67444926  .00001749  00000+0  73044-4 0  9993
2 57449  43.0037 241.9678 0001718 281.8299  78.2360 15.27587083175422
STARLINK-30217          
1 57450U 23105W   26263.61990326  .00000189  00000+0  16389-4 0  9995
2 57450  43.0041 228.0233 0001525 262.2669  97.8010 15.27580416175525
STARLINK-30216          
1 57451U 23105X   26263.97747120 -.00000301  00000+0 -14079-5 0  9990
2 57451  43.0029 236.5484 0000917 272.2027  87.8720 15.27576323175290
STARLINK-30165          
1 57457U 23107A   26263.20647991  .00002552  00000+0  10223-3 0  9992
2 57457  43.0040 317.7766 0001575 267.6742  92.3930 15.27583135174884
STARLINK-30140          
1 57458U 23107B   26263.24824610 -.00000124  00000+0  50166-5 0  9998
2 57458  43.0015 320.6379 0001238 277.9237  82.1474 15.27574223174865
STARLINK-30077          
1 57460U 23107D   26263.42562264  .00000253  00000+0  18702-4 0  9996
2 57460  43.0020 315.9835 0001175 261.5649  98.5070 15.27577114174937
STARLINK-30229          
1 57461U 23107E   26263.89019729  .00000677  00000+0  34139-4 0  9993
2 57461  43.0062 321.1264 0001692 275.8596  84.2063 15.27577938174918
STARLINK-30088          
1 57462U 23107F   26263.86547448 -.00006712  00000+0 -23431-3 0  9995
2 57462  43.0048 314.1178 0001560 271.9856  88.0817 15.27620214174992
STARLINK-30116          
1 57465U 23107J   26263.85520123  .00000272  00000+0  19432-4 0  9998
2 57465  43.0048 314.0425 0001565 267.3929  92.6743 15.27580141174997
STARLINK-30092          
1 57467U 23107L   26263.46674163 -.00000316  00000+0 -19370-5 0  9994
2 57467  43.0048 316.2849 0001491 264.1900  95.8781 15.27578507174939
STARLINK-30039          
1 57468U 23107M   26263.60136777 -.00000032  00000+0  83857-5 0  9990
2 57468  43.0057 315.5722 0001742 259.9252 100.1404 15.27579488174956
STARLINK-30171          
1 57469U 23107N   26262.20591344  .00001218  00000+0  53774-4 0  9991
2 57469  43.0037 326.5759 0001200 266.6989  93.3726 15.27584034174704
STARLINK-30186          
1 57470U 23107P   26263.15318501  .00070614  00000+0  59123-3 0  9999
2 57470  42.9982 299.7140 0003718  61.7254 298.3988 15.69057776175097
STARLINK-30204          
1 57472U 23107R   26263.45260185  .00000124  00000+0  14019-4 0  9993
2 57472  42.9997 316.1774 0000963 285.7124  74.3622 15.27582641174932
STARLINK-30155          
1 57475U 23107U   26263.42690808 -.00000140  00000+0  44311-5 0  9990
2 57475  43.0024 315.9873 0001602 267.3327  92.7341 15.27575350174938
STARLINK-30161          
1 57476U 23107V   26263.16922041  .00000801  00000+0  38627-4 0  9994
2 57476  43.0017 317.4912 0001880 266.6753  93.3884 15.27574596174890
STARLINK-30176          
1 57477U 23107W   26263.63077288  .00010964  00000+0  40722-3 0  9990
2 57477  43.0027 314.9357 0001352 267.7052  92.3645 15.27591796174968
STARLINK-30154          
1 57495U 23113A   26263.32193752 -.00000555  00000+0 -10644-4 0  9996
2 57495  43.0047 356.7109 0001864 272.1253  87.9385 15.27583012173287
STARLINK-30145          
1 57496U 23113B   26263.91670139 -.00023923  00000+0 -86223-3 0  9990
2 57496  43.0031 353.5506 0001739 266.9687  49.8053 15.27593303  5850
STARLINK-30226          
1 57497U 23113C   26262.55529465  .00001254  00000+0  55117-4 0  9995
2 57497  43.0025   1.3009 0001243 264.2557  95.8153 15.27566867173221
STARLINK-30203          
1 57498U 23113D   26263.31680786 -.00000350  00000+0 -31757-5 0  9998
2 57498  43.0063 356.6871 0001914 268.8422  91.2210 15.27574367173467
STARLINK-30169          
1 57499U 23113E   26263.54949582  .00005330  00000+0  20318-3 0  9996
2 57499  43.0054 341.4278 0001445 282.5276  77.5414 15.27563140173482
STARLINK-30164          
1 57500U 23113F   26263.72710173 -.00006086  00000+0 -21159-3 0  9996
2 57500  43.0047 354.6013 0001942 275.1346  84.9284 15.27609588173505
STARLINK-30072          
1 57501U 23113G   26263.94510971 -.00000469  00000+0 -75173-5 0  9991
2 57501  43.0019 353.6429 0000822 290.0377  70.0386 15.27584420173428
STARLINK-30230          
1 57503U 23113J   26262.61297039  .00000485  00000+0  27163-4 0  9994
2 57503  43.0057   0.8423 0001985 280.5177  79.5451 15.27577469173220
STARLINK-30213          
1 57504U 23113K   26263.56050054 -.00000793  00000+0 -19292-4 0  9992
2 57504  43.0035 355.9157 0001003 274.2212  85.8525 15.27579022173472
STARLINK-30227          
1 57505U 23113L   26263.52191653  .00039789  00000+0  12206-2 0  9991
2 57505  42.9930 345.1329 0017758 359.3689   0.7139 15.32943200173593
STARLINK-30212          
1 57506U 23113M   26263.56307432 -.00000217  00000+0  16327-5 0  9996
2 57506  43.0050 355.9397 0001521 270.5144  89.5534 15.27579115173312
STARLINK-30219          
1 57507U 23113N   26263.68791025 -.00000342  00000+0 -28980-5 0  9993
2 57507  43.0050 351.6998 0001755 274.2423  85.8228 15.27576752173530
STARLINK-30074          
1 57508U 23113P   26262.30017101  .00000363  00000+0  22711-4 0  9994
2 57508  43.0035   2.8059 0001490 266.2656  93.8026 15.27578347173078
STARLINK-30082          
1 57509U 23113Q   26263.32580146  .00002178  00000+0  88654-4 0  9996
2 57509  43.0039 356.7503 0001579 255.5522 104.5155 15.27578468173447
STARLINK-30153          
1 57510U 23113R   26263.56935803 -.00000168  00000+0  34366-5 0  9998
2 57510  43.0057 355.1534 0001568 264.5449  95.5224 15.27577204173377
STARLINK-30147          
1 57511U 23113S   26263.31809133 -.00000029  00000+0  84766-5 0  9993
2 57511  43.0062 356.6958 0001987 270.6789  89.3835 15.27574474173443
STARLINK-30157          
1 57512U 23113T   26263.65458531  .00000593  00000+0  31063-4 0  9999
2 57512  43.0046 329.2199 0001655 270.6630  89.4033 15.27578117173793
STARLINK-30168          
1 57513U 23113U   26263.31422865 -.00000156  00000+0  38405-5 0  9998
2 57513  43.0048 356.6381 0001345 273.4182  86.6515 15.27578311173286
STARLINK-30231          
1 57514U 23113V   26263.52580994 -.00000344  00000+0 -29740-5 0  9992
2 57514  43.0045 355.6612 0001384 248.3178 111.7527 15.27576022173470
STARLINK-30081          
1 57515U 23113W   26263.24499349 -.00000742  00000+0 -17434-4 0  9993
2 57515  43.0036 357.0147 0000927 270.8914  89.1832 15.27577427173433
STARLINK-30149          
1 57516U 23113X   26263.25913180 -.00000132  00000+0  47377-5 0  9991
2 57516  43.0060 357.1127 0001927 269.3531  90.7100 15.27573500173332
STARLINK-30259          
1 57521U 23115A   26263.23277227 -.00000745  00000+0 -17550-4 0  9992
2 57521  43.0034 342.9655 0001546 264.0794  95.9881 15.27567311173322
STARLINK-30256          
1 57522U 23115B   26262.27382259  .00000210  00000+0  17177-4 0  9998
2 57522  43.0058 348.6653 0001334 263.4620  96.6080 15.27577329171952
STARLINK-30261          
1 57523U 23115C   26263.90076806  .00001351  00000+0  58611-4 0  9993
2 57523  43.0034 339.3728 0001729 263.6444  96.4210 15.27580750172205
STARLINK-30260          
1 57524U 23115D   26263.68661335  .00001650  00000+0  69451-4 0  9992
2 57524  43.0026 340.3686 0001075 261.6682  98.4047 15.27591008172172
STARLINK-30253          
1 57525U 23115E   26263.50202951  .00000640  00000+0  32766-4 0  9996
2 57525  43.0038 341.5482 0000955 265.9786  94.0956 15.27578413172144
STARLINK-30257          
1 57526U 23115F   26263.23663191  .00000384  00000+0  23464-4 0  9994
2 57526  43.0019 343.0168 0001201 266.0046  94.0668 15.27578323172104
STARLINK-30250          
1 57527U 23115G   26263.90256938  .00026868  00000+0  96062-3 0  9994
2 57527  42.9969 339.3735 0002184 334.6750  25.3994 15.28312974173109
STARLINK-30269          
1 57528U 23115H   26262.54308044  .00000478  00000+0  26925-4 0  9991
2 57528  43.0056 347.2692 0002531 288.9833  71.0745 15.27576995171999
STARLINK-30266          
1 57529U 23115J   26263.93403672  .00000049  00000+0  11313-4 0  9998
2 57529  43.0065 338.7719 0001828 269.0916  90.9726 15.27576943172213
STARLINK-30270          
1 57530U 23115K   26263.92632333  .00011947  00000+0  44287-3 0  9991
2 57530  43.0016 338.7265 0001920 267.3150  92.7482 15.27586398172215
STARLINK-30268          
1 57531U 23115L   26263.52002660  .00000354  00000+0  22379-4 0  9991
2 57531  43.0033 341.6922 0001198 260.8261  99.2455 15.27576224172147
STARLINK-30251          
1 57532U 23115M   26263.93018139  .00000466  00000+0  26465-4 0  9999
2 57532  43.0039 338.7452 0001312 276.7943  83.2760 15.27576753172217
STARLINK-30254          
1 57533U 23115N   26263.89184582  .00000631  00000+0  32442-4 0  9997
2 57533  43.0043  80.7620 0001548 271.2779  88.7895 15.27580398175214
STARLINK-30264          
1 57534U 23115P   26263.19411031  .00001169  00000+0  51979-4 0  9996
2 57534  43.0055 190.4374 0001261 250.4136 109.6579 15.27582248175107
STARLINK-30166          
1 57602U 23119A   26262.78813245  .00000098  00000+0  13099-4 0  9994
2 57602  43.0042  65.2081 0001734 274.4471  85.6182 15.27576584172719
STARLINK-30223          
1 57603U 23119B   26263.92229802  .00015632  00000+0  84775-3 0  9990
2 57603  42.9982  87.2091 0011880 252.9919 106.9626 15.14304144172602
STARLINK-30218          
1 57604U 23119C   26263.72538471  .00000516  00000+0  28287-4 0  9996
2 57604  43.0011  60.2037 0001496 267.1598  92.9082 15.27576248172916
STARLINK-30138          
1 57605U 23119D   26263.72923880  .00000741  00000+0  36457-4 0  9997
2 57605  43.0012  60.2320 0001348 265.4026  94.6672 15.27576522172915
STARLINK-30255          
1 57606U 23119E   26263.90484130  .00001185  00000+0  52618-4 0  9998
2 57606  43.0036  58.9731 0002277 310.3811  49.6842 15.27575782172945
STARLINK-30252          
1 57607U 23119F   26263.68096032  .00000430  00000+0  25135-4 0  9990
2 57607  43.0023  45.4331 0001316 272.9088  87.1613 15.27580458173086
STARLINK-30258          
1 57608U 23119G   26262.77028653  .00000065  00000+0  11871-4 0  9990
2 57608  43.0034  65.9228 0000962 273.7226  86.3516 15.27577136172766
STARLINK-30174          
1 57609U 23119H   26262.19322613  .00001432  00000+0  61557-4 0  9995
2 57609  43.0072  68.4783 0001969 260.3468  99.7161 15.27574819172681
STARLINK-30248          
1 57610U 23119J   26262.77529455 -.00001838  00000+0 -57297-4 0  9992
2 57610  43.0036  65.1123 0001645 264.9649  95.1015 15.27564215172774
STARLINK-30052          
1 57611U 23119K   26262.91634390  .00004341  00000+0  16738-3 0  9998
2 57611  43.0045  64.4455 0002025 250.0336 110.0297 15.27538561172771
STARLINK-30245          
1 57612U 23119L   26263.16888137  .00000578  00000+0  30537-4 0  9999
2 57612  43.0056  62.9017 0001483 265.6523  94.4160 15.27579757172831
STARLINK-30041          
1 57613U 23119M   26263.70225535 -.00000331  00000+0 -25028-5 0  9996
2 57613  43.0053  60.0195 0001714 268.1124  91.9531 15.27574774172914
STARLINK-30244          
1 57614U 23119N   26263.70996073  .00000737  00000+0  36327-4 0  9990
2 57614  43.0039  60.0761 0001854 259.1400 100.9243 15.27579934172914
STARLINK-30246          
1 57615U 23119P   26263.72237425  .00042328  00000+0  13030-2 0  9998
2 57615  42.9982  58.4281 0008735 296.5494  63.4464 15.32924591172930
STARLINK-30075          
1 57616U 23119Q   26263.16631540 -.00000134  00000+0  46987-5 0  9993
2 57616  43.0043  62.8933 0002832 261.9178  98.1353 15.27582811172831
STARLINK-30148          
1 57617U 23119R   26262.78042416  .00000192  00000+0  16530-4 0  9992
2 57617  43.0037  65.1566 0001839 267.5455  92.5186 15.27575950172770
STARLINK-30249          
1 57618U 23119S   26263.17659277 -.00001073  00000+0 -29466-4 0  9999
2 57618  43.0042  62.9689 0001692 268.4371  91.6287 15.27586353172830
STARLINK-30141          
1 57620U 23119U   26262.79583585  .00000713  00000+0  35443-4 0  9997
2 57620  43.0026  65.2651 0001447 263.2551  96.8136 15.27583067172773
STARLINK-30150          
1 57621U 23119V   26263.70739693 -.00000436  00000+0 -62980-5 0  9994
2 57621  43.0041  60.0708 0001720 278.2304  81.8352 15.27576656172919
STARLINK-30056          
1 57622U 23119W   26263.78305836  .00000233  00000+0  17982-4 0  9995
2 57622  43.0026  59.7474 0001359 270.0236  90.0460 15.27577043172924
STARLINK-30100          
1 57623U 23119X   26263.13305250  .00000130  00000+0  14257-4 0  9993
2 57623  43.0006  63.4950 0000942 278.5635  81.5110 15.27576631172825
STARLINK-30309          
1 57632U 23122A   26263.20477963  .00003211  00000+0  12607-3 0  9995
2 57632  43.0033  74.1478 0000483 253.4779 106.6019 15.27600923171952
STARLINK-30306          
1 57633U 23122B   26263.20865127  .00000211  00000+0  17205-4 0  9996
2 57633  43.0055  74.1721 0002428 258.3806 101.6773 15.27574862171958
STARLINK-30323          
1 57634U 23122C   26262.79069700 -.00000135  00000+0  46326-5 0  9996
2 57634  43.0025  65.1696 0001303 277.4512  82.6191 15.27577040172026
STARLINK-30329          
1 57635U 23122D   26262.88813487  .00001451  00000+0  62218-4 0  9994
2 57635  43.0028  76.0670 0001250 274.1968  85.8741 15.27587559171901
STARLINK-30330          
1 57636U 23122E   26262.89199685  .00000982  00000+0  45193-4 0  9994
2 57636  43.0019  76.0955 0001261 265.7111  94.3597 15.27578682171907
STARLINK-30311          
1 57637U 23122F   26262.90599257  .00000673  00000+0  33986-4 0  9990
2 57637  43.0012  75.3515 0001138 268.0919  91.9803 15.27574174171916
STARLINK-30328          
1 57638U 23122G   26262.78296903  .00000439  00000+0  25468-4 0  9995
2 57638  43.0013  65.0585 0001955 250.7176 109.3464 15.27587643172037
STARLINK-30326          
1 57639U 23122H   26263.19321341  .00001371  00000+0  59316-4 0  9992
2 57639  43.0048  74.0505 0001366 264.4459  95.6237 15.27589510171950
STARLINK-30324          
1 57640U 23122J   26262.88428875  .00000762  00000+0  37231-4 0  9994
2 57640  43.0037  76.0355 0002001 262.5235  97.5389 15.27582268171898
STARLINK-30312          
1 57641U 23122K   26263.88035793  .00000248  00000+0  18525-4 0  9993
2 57641  43.0020  69.7591 0001434 267.0099  93.0589 15.27575975172069
STARLINK-30263          
1 57642U 23122L   26263.17136582  .00003542  00000+0  13810-3 0  9995
2 57642  43.0025  73.8985 0002325 262.7037  97.3551 15.27600857171953
STARLINK-30280          
1 57643U 23122M   26262.91755209  .00000006  00000+0  97491-5 0  9991
2 57643  43.0029  75.4308 0001366 268.5761  91.4934 15.27575937171913
STARLINK-30247          
1 57644U 23122N   26263.17524328 -.00000082  00000+0  65559-5 0  9992
2 57644  43.0025  73.9336 0001287 262.7457  97.3249 15.27575612171952
STARLINK-30277          
1 57645U 23122P   26263.12623958 -.00000075  00000+0  68015-5 0  9999
2 57645  43.0051 292.3250 0001287 276.6274  83.4431 15.27578410173618
STARLINK-30265          
1 57646U 23122Q   26262.90341696 -.00002818  00000+0 -92929-4 0  9999
2 57646  43.0021  75.3272 0001910 259.1642 100.8994 15.27573180171915
STARLINK-30286          
1 57647U 23122R   26262.79063148 -.00000253  00000+0  34611-6 0  9996
2 57647  43.0038  76.1985 0001473 277.2144  82.8540 15.27576155171894
STARLINK-30243          
1 57648U 23122S   26262.87400552  .00000316  00000+0  21023-4 0  9990
2 57648  43.0059  75.9618 0001814 275.6638  84.4007 15.27578391171909
STARLINK-30299          
1 57650U 23122U   26262.79448927 -.00000337  00000+0 -27148-5 0  9992
2 57650  43.0040  76.2263 0001847 271.3637  88.7003 15.27573636171898
STARLINK-30294          
1 57651U 23122V   26263.17014968  .00001749  00000+0  73037-4 0  9993
2 57651  43.0053  62.8681 0002013 269.9159  90.1462 15.27590509172082
STARLINK-30276          
1 57652U 23122W   26263.19710893 -.00001720  00000+0 -53042-4 0  9991
2 57652  43.0046  74.0849 0001181 264.9535  95.1182 15.27559852171959
STARLINK-30289          
1 57653U 23122X   26261.78561959  .00000166  00000+0  15544-4 0  9998
2 57653  43.0040  71.3458 0001357 261.9255  98.1442 15.27575882171853
STARLINK-30267          
1 57663U 23124A   26263.56462166  .00000743  00000+0  33139-4 0  9990
2 57663  53.1610  19.5306 0001095  95.8251 264.2876 15.34391442173433
STARLINK-30298          
1 57665U 23124C   26263.58557368  .00000190  00000+0  16758-4 0  9997
2 57665  53.1592  18.9665 0001472  92.8866 267.2305 15.34391984173445
STARLINK-30301          
1 57666U 23124D   26263.21631754  .00032800  00000+0  97724-3 0  9994
2 57666  53.1605  81.6642 0000417 179.3942 180.7062 15.34413415172506
STARLINK-30275          
1 57667U 23124E   26263.60658325  .00005920  00000+0  18625-3 0  9997
2 57667  53.1594  18.8925 0000720  84.6505 275.4580 15.34392384173442
STARLINK-30278          
1 57668U 23124F   26263.56670693  .00000469  00000+0  25016-4 0  9991
2 57668  53.1624  19.3849 0001272  81.3946 278.7201 15.34389615173432
STARLINK-30271          
1 57669U 23124G   26263.85729817  .00002035  00000+0  77295-4 0  9994
2 57669  53.1620  18.9219 0000627  63.6683 296.4383 15.31701182173464
STARLINK-30322          
1 57670U 23124H   26263.61289717  .00002748  00000+0  92385-4 0  9998
2 57670  53.1613  18.9474 0000859  87.5708 272.5393 15.34410231173440
STARLINK-30296          
1 57671U 23124J   26263.54567832 -.00002610  00000+0 -66120-4 0  9996
2 57671  53.1627  19.3636 0000450  37.8185 322.2849 15.34410114173433
STARLINK-30274          
1 57672U 23124K   26263.58347897 -.00001107  00000+0 -21639-4 0  9994
2 57672  53.1609  18.9977 0001159  72.4709 287.6420 15.34399352173441
STARLINK-30316          
1 57673U 23124L   26263.85241677  .00005615  00000+0  17725-3 0  9990
2 57673  53.1639  17.7369 0001859  42.9617 317.1530 15.34388996173481
STARLINK-30313          
1 57676U 23124P   26263.57141363  .00000938  00000+0  38887-4 0  9999
2 57676  53.1621  21.0530 0000938  77.9469 282.1639 15.34400542173419
STARLINK-30303          
1 57677U 23124Q   26263.59399223 -.00001396  00000+0 -30205-4 0  9999
2 57677  53.1628  19.0239 0001165  81.2115 278.9019 15.34381646173440
STARLINK-30320          
1 57678U 23124R   26263.54925003 -.00002477  00000+0 -62211-4 0  9999
2 57678  53.1608   5.2955 0001636  87.4787 272.6403 15.34392503173630
STARLINK-30321          
1 57679U 23124S   26263.58768294 -.00000185  00000+0  56644-5 0  9998
2 57679  53.1621  18.9906 0001332  88.5490 271.5665 15.34388091173443
STARLINK-30283          
1 57680U 23124T   26263.91670139  .00236513  00000+0  24572-2 0  9994
2 57680  53.1603  14.4341 0000935  72.0389   7.2402 15.63344176  5841
STARLINK-30273          
1 57681U 23124U   26263.59354276  .00047433  00000+0  12370-2 0  9994
2 57681  53.1561  18.6932 0003695 315.0981  44.9724 15.38387767173443
STARLINK-30297          
1 57682U 23124V   26263.89499638  .00026579  00000+0  79381-3 0  9994
2 57682  53.1616  19.5136 0001247 108.5503 251.5636 15.34447302173465
STARLINK-30295          
1 57683U 23124W   26263.53936162  .00001704  00000+0  61551-4 0  9998
2 57683  53.1627  19.3495 0001437 107.0647 253.0513 15.34403553173436
STARLINK-30288          
1 57698U 23129A   26263.83884807 -.00000150  00000+0  40835-5 0  9998
2 57698  43.0013  96.1840 0001244 267.4072  92.6637 15.27575726170520
STARLINK-30347          
1 57699U 23129B   26263.20930329 -.00000182  00000+0  29018-5 0  9996
2 57699  43.0020  88.1256 0001071 267.7431  92.3298 15.27574423170568
STARLINK-30332          
1 57700U 23129C   26262.94814836 -.00000049  00000+0  77444-5 0  9991
2 57700  43.0036 108.3388 0001279 265.4566  94.6139 15.27576644170165
STARLINK-30345          
1 57701U 23129D   26261.97204890  .00001626  00000+0  68593-4 0  9992
2 57701  43.0034 106.2635 0001503 262.4816  97.5865 15.27580263170105
STARLINK-30333          
1 57702U 23129E   26263.91437303 -.00000499  00000+0 -85959-5 0  9991
2 57702  43.0043  95.0447 0001329 276.6151  83.4549 15.27572361170548
STARLINK-30336          
1 57703U 23129F   26263.94006949  .00000095  00000+0  12982-4 0  9998
2 57703  43.0020  95.2336 0001447 270.1365  89.9321 15.27576747170406
STARLINK-30346          
1 57704U 23129G   26263.92208764  .00000252  00000+0  18684-4 0  9996
2 57704  43.0028  95.1002 0000974 255.8621 104.2122 15.27575104170409
STARLINK-30327          
1 57707U 23129K   26263.91670139  .00350923  00000+0  31398-2 0  9995
2 57707  42.9855  39.9958 0035441 322.2623  76.1362 15.65713140  5947
STARLINK-30315          
1 57708U 23129L   26263.93621578  .00000141  00000+0  14641-4 0  9999
2 57708  43.0040  95.2002 0001297 276.2045  83.8659 15.27576975170543
STARLINK-30287          
1 57709U 23129M   26263.92593606  .00000011  00000+0  99282-5 0  9990
2 57709  43.0041  95.1267 0001601 270.3351  89.7317 15.27575865170544
STARLINK-30335          
1 57710U 23129N   26263.92978974  .00000517  00000+0  28324-4 0  9996
2 57710  43.0046  95.1511 0001768 258.7318 101.3335 15.27573566170547
STARLINK-30318          
1 57711U 23129P   26263.91821936 -.00000204  00000+0  21315-5 0  9999
2 57711  43.0063  95.0561 0001775 258.0982 101.9670 15.27576432170407
STARLINK-30348          
1 57712U 23129Q   26263.81700578  .00014448  00000+0  53334-3 0  9995
2 57712  43.0007  96.0225 0001410 269.4782  90.5908 15.27590911170522
STARLINK-30349          
1 57713U 23129R   26263.89010284  .00000269  00000+0  19299-4 0  9991
2 57713  43.0004  95.7097 0001126 267.7251  92.3472 15.27576942170398
STARLINK-30341          
1 57714U 23129S   26262.29976810  .00000992  00000+0  45571-4 0  9996
2 57714  43.0041 107.8154 0001228 274.6484  85.4228 15.27581333170254
STARLINK-30300          
1 57715U 23129T   26263.87853849  .00000559  00000+0  29830-4 0  9997
2 57715  43.0019  95.6248 0001381 271.9484  88.1210 15.27591860170536
STARLINK-30281          
1 57716U 23129U   26263.90037985  .00000270  00000+0  19342-4 0  9994
2 57716  43.0030  95.7881 0001266 309.5040  50.5700 15.27585560170393
STARLINK-30325          
1 57717U 23129V   26263.95163319  .00001406  00000+0  60582-4 0  9995
2 57717  43.0017  95.3092 0001264 266.6537  93.4170 15.27583911170543
STARLINK-30338          
1 57718U 23129W   26263.89652630  .00000617  00000+0  31933-4 0  9999
2 57718  43.0004  95.7589 0001204 262.8008  97.2707 15.27575445170530
STARLINK-30334          
1 57719U 23129X   26263.95805363  .00000726  00000+0  35913-4 0  9993
2 57719  43.0018  95.3603 0001122 270.3232  89.7491 15.27580562170397
STARLINK-30375          
1 57732U 23131A   26263.03630236 -.00010175  00000+0 -36037-3 0  9993
2 57732  43.0010 140.0436 0001679 258.3164 101.7499 15.27610979169828
STARLINK-30310          
1 57733U 23131B   26263.97215568  .00000560  00000+0  29896-4 0  9995
2 57733  43.0019 157.1560 0001463 257.3507 102.7181 15.27576179169705
STARLINK-30365          
1 57734U 23131C   26263.39993325  .00000346  00000+0  22102-4 0  9991
2 57734  43.0025 152.9077 0001230 272.9867  87.0843 15.27577785169695
STARLINK-30371          
1 57735U 23131D   26263.44391890 -.00000189  00000+0  26862-5 0  9991
2 57735  43.0065 160.0706 0002497 255.7877 104.2698 15.27582617169617
STARLINK-30352          
1 57736U 23131E   26263.44521029 -.00004990  00000+0 -17184-3 0  9991
2 57736  43.0004 160.0854 0000907 302.7140  57.3624 15.27600152169617
STARLINK-30344          
1 57737U 23131F   26263.16044245  .00000850  00000+0  40393-4 0  9999
2 57737  43.0007 183.5553 0001099 265.5067  94.5659 15.27575115169312
STARLINK-30351          
1 57738U 23131G   26263.11398173  .00000384  00000+0  23493-4 0  9991
2 57738  43.0013 154.2369 0001590 270.2434  89.8235 15.27577520169653
STARLINK-30242          
1 57739U 23131H   26263.02667559  .00002774  00000+0  11031-3 0  9998
2 57739  43.0016 126.1404 0001708 256.8938 103.1723 15.27580208169979
STARLINK-30331          
1 57740U 23131J   26263.20764850 -.00000167  00000+0  34518-5 0  9994
2 57740  43.0032  80.8688 0001156 273.1589  86.9130 15.27586377170526
STARLINK-30364          
1 57741U 23131K   26262.13061854  .00000820  00000+0  39324-4 0  9994
2 57741  43.0013 159.7547 0001136 276.3051  83.7671 15.27572094169505
STARLINK-30308          
1 57742U 23131L   26263.39352414 -.00001286  00000+0 -37232-4 0  9994
2 57742  43.0020 152.8928 0001258 268.1504  91.9203 15.27575025169709
STARLINK-30361          
1 57743U 23131M   26262.39858874  .00000707  00000+0  35234-4 0  9990
2 57743  43.0030 158.3221 0000950 297.6510  62.4245 15.27573189169539
STARLINK-30363          
1 57744U 23131N   26263.06199232  .00000204  00000+0  16947-4 0  9994
2 57744  43.0032 140.2352 0001586 267.0849  92.9821 15.27575880169818
STARLINK-30362          
1 57745U 23131P   26263.09613426  .00000785  00000+0  38061-4 0  9999
2 57745  43.0053 154.9504 0001475 262.7898  97.2786 15.27582138169649
STARLINK-30350          
1 57746U 23131Q   26263.98249128 -.00001819  00000+0 -56571-4 0  9999
2 57746  43.0047 146.1526 0000977 285.8413  74.2331 15.27584733169829
STARLINK-30307          
1 57747U 23131R   26262.94737315  .00000668  00000+0  33788-4 0  9999
2 57747  43.0022 155.5611 0001044 269.4154  90.6578 15.27579781169628
STARLINK-30356          
1 57748U 23131S   26263.95501164  .00001829  00000+0  76005-4 0  9992
2 57748  43.0017 149.3691 0001492 265.2349  94.8332 15.27571162169785
STARLINK-30366          
1 57749U 23131T   26263.96879734  .00001201  00000+0  53151-4 0  9996
2 57749  42.9992 153.7361 0001401 272.1854  87.8837 15.27575281169730
STARLINK-30357          
1 57750U 23131U   26263.11184773  .00000909  00000+0  42541-4 0  9992
2 57750  43.0050 161.8766 0001303 265.0129  95.0574 15.27583969169556
STARLINK-30370          
1 57751U 23131V   26263.91670139 -.00001381  00000+0 -40662-4 0  9996
2 57751  42.9994 128.6223 0001298 264.0473  81.0676 15.27577892  5729
STARLINK-30368          
1 57752U 23131W   26262.43068590 -.00012775  00000+0 -45463-3 0  9997
2 57752  43.0037 158.5340 0001463 281.0847  78.9840 15.27641472169545
STARLINK-30343          
1 57753U 23131X   26263.43493172 -.00000224  00000+0  13825-5 0  9991
2 57753  43.0024 160.0056 0000843 279.7637  80.3119 15.27577300169618
STARLINK-30397          
1 57771U 23134A   26263.14470346  .00000602  00000+0  31385-4 0  9999
2 57771  43.0021 176.5319 0000872 263.1605  96.9147 15.27580266169241
STARLINK-30354          
1 57772U 23134B   26263.17105123  .00000062  00000+0  11789-4 0  9997
2 57772  43.0016 179.2760 0001425 266.9925  93.0763 15.27579137169211
STARLINK-30383          
1 57773U 23134C   26263.49541159  .00000538  00000+0  29083-4 0  9990
2 57773  43.0042 177.4159 0001495 271.5391  88.5289 15.27579156169267
STARLINK-30384          
1 57774U 23134D   26263.10695042  .00001400  00000+0  60404-4 0  9991
2 57774  43.0009 179.6640 0001271 271.2554  88.8152 15.27578175169206
STARLINK-30305          
1 57775U 23134E   26263.14855879  .00001076  00000+0  48628-4 0  9995
2 57775  43.0029 176.5586 0000879 279.8029  80.2724 15.27579917169248
STARLINK-30360          
1 57776U 23134F   26263.93448165  .00001206  00000+0  53333-4 0  9993
2 57776  43.0035 172.1383 0001017 266.1288  93.9447 15.27575698169362
STARLINK-30355          
1 57777U 23134G   26263.46343560 -.00000217  00000+0  16081-5 0  9997
2 57777  42.9990 178.0011 0000539 270.2817  89.7973 15.27577181169249
STARLINK-30385          
1 57778U 23134H   26263.42927398 -.00000899  00000+0 -23149-4 0  9990
2 57778  43.0025 163.2195 0001265 262.5175  97.5532 15.27575812169267
STARLINK-30359          
1 57779U 23134J   26263.44341428  .00000176  00000+0  15932-4 0  9994
2 57779  43.0039 163.3613 0000947 277.4872  82.5872 15.27574296169428
STARLINK-30380          
1 57780U 23134K   26263.18825095  .00000166  00000+0  15523-4 0  9999
2 57780  42.9866 175.9873 0000298 118.1540 241.9342 15.27582124169258
STARLINK-30369          
1 57781U 23134L   26263.11900759 -.00000107  00000+0  56453-5 0  9998
2 57781  43.0012 176.3201 0000901 265.1700  94.9049 15.27572917169244
STARLINK-30376          
1 57782U 23134M   26263.17411627 -.00000022  00000+0  87301-5 0  9998
2 57782  42.9983 175.8912 0000774 278.3895  81.6869 15.27575514169252
STARLINK-30389          
1 57783U 23134N   26263.49412454  .00001167  00000+0  51926-4 0  9996
2 57783  43.0056 177.4011 0001430 267.4098  92.6590 15.27579015169262
STARLINK-30388          
1 57784U 23134P   26263.11258119 -.00000058  00000+0  74311-5 0  9995
2 57784  43.0015 176.2831 0001090 270.9558  89.1169 15.27584366169243
STARLINK-30381          
1 57785U 23134Q   26263.45748705 -.00000221  00000+0  14879-5 0  9993
2 57785  43.0004 174.4805 0001170 263.9989  96.0729 15.27581879169292
STARLINK-30382          
1 57786U 23134R   26263.03948485  .00000676  00000+0  34071-4 0  9993
2 57786  43.0011 176.5976 0001240 264.6232  95.4478 15.27581096169239
STARLINK-30378          
1 57787U 23134S   26262.48698912  .00000711  00000+0  35363-4 0  9994
2 57787  43.0031 180.1860 0000299 278.9693  81.1125 15.27574041169140
STARLINK-30387          
1 57788U 23134T   26263.04081518  .00000155  00000+0  15171-4 0  9993
2 57788  43.0033 165.5071 0001223 265.9689  94.1023 15.27576827169362
STARLINK-30372          
1 57789U 23134U   26263.90282697  .00000533  00000+0  28910-4 0  9995
2 57789  43.0003  55.9141 0001381 276.6586  83.4108 15.27575684170727
STARLINK-30367          
1 57791U 23134W   26263.19210643 -.00000033  00000+0  83025-5 0  9996
2 57791  43.0004 176.0168 0000710 308.6631  51.4157 15.27576260169253
STARLINK-30374          
1 57809U 23138B   26263.22934102  .00000854  00000+0  40546-4 0  9997
2 57809  42.9939 215.2732 0000418   8.5244 351.5614 15.27578430168490
STARLINK-30394          
1 57810U 23138C   26263.89604877  .00010058  00000+0  37432-3 0  9991
2 57810  42.9978 211.6734 0000057 130.6659 229.4198 15.27596767168496
STARLINK-30379          
1 57811U 23138D   26263.89992272 -.00000945  00000+0 -24821-4 0  9996
2 57811  43.0026 211.7029 0000912 258.3827 101.6922 15.27565028168599
STARLINK-30395          
1 57812U 23138E   26263.90376208 -.00000630  00000+0 -13379-4 0  9991
2 57812  43.0023 211.7329 0000770 259.9538 100.1227 15.27572400168592
STARLINK-30403          
1 57813U 23138F   26263.90633017 -.00000290  00000+0 -10130-5 0  9991
2 57813  43.0024 211.7522 0000724 287.0361  73.0411 15.27574031168498
STARLINK-30413          
1 57814U 23138G   26262.95894268  .00001549  00000+0  65805-4 0  9997
2 57814  43.0010 217.5378 0001296 274.7709  85.2994 15.27569032168442
STARLINK-30398          
1 57815U 23138H   26263.91789095  .00000421  00000+0  24836-4 0  9993
2 57815  43.0035 211.8339 0001131 268.2618  91.8104 15.27579175168499
STARLINK-30386          
1 57816U 23138J   26263.92174689 -.00000095  00000+0  60834-5 0  9999
2 57816  43.0026 211.8676 0001451 273.9097  86.1589 15.27575855168410
STARLINK-30391          
1 57817U 23138K   26263.27173673  .00009375  00000+0  34967-3 0  9995
2 57817  43.0012 215.5831 0001470 269.2265  90.8418 15.27588155168494
STARLINK-30401          
1 57818U 23138L   26263.92816926  .00000052  00000+0  11430-4 0  9997
2 57818  43.0027 211.9012 0001502 265.1378  94.9302 15.27576174168493
STARLINK-30390          
1 57819U 23138M   26263.21277456  .00000487  00000+0  27216-4 0  9990
2 57819  43.0009 216.0015 0001406 263.1972  96.8720 15.27577745168427
STARLINK-30409          
1 57820U 23138N   26263.56268570  .00000021  00000+0  10276-4 0  9999
2 57820  43.0002 213.4488 0001187 250.6195 109.4529 15.27579640168481
STARLINK-30415          
1 57821U 23138P   26263.22434355 -.00000189  00000+0  26385-5 0  9994
2 57821  42.9990 216.0837 0000955 275.9352  84.1390 15.27573496168488
STARLINK-30407          
1 57823U 23138R   26263.91434548 -.00000012  00000+0  90690-5 0  9991
2 57823  43.0010 106.2546 0001105 266.0114  94.0611 15.27581413169820
STARLINK-30408          
1 57824U 23138S   26263.55882543  .00000689  00000+0  34541-4 0  9995
2 57824  43.0012 213.4379 0001100 258.4931 101.5798 15.27588053168539
STARLINK-30377          
1 57825U 23138T   26263.55754824  .00000429  00000+0  25123-4 0  9994
2 57825  42.9985 213.4286 0001171 265.5850  94.4868 15.27578861168434
STARLINK-30422          
1 57826U 23138U   26263.90761194  .00000084  00000+0  12559-4 0  9998
2 57826  43.0033 211.7566 0000781 275.9641  84.1121 15.27577851168584
STARLINK-30402          
1 57827U 23138V   26263.24346932 -.00000585  00000+0 -11752-4 0  9997
2 57827  43.0035 215.3699 0001289 270.5009  89.5695 15.27576271168486
STARLINK-30411          
1 57828U 23138W   26263.56653765  .00000083  00000+0  12527-4 0  9990
2 57828  43.0026 213.4726 0001118 270.8070  89.2654 15.27581576168474
STARLINK-30418          
1 57829U 23138X   26263.23447332  .00000113  00000+0  13643-4 0  9990
2 57829  43.0004 215.3002 0001209 264.9863  95.0851 15.27576219168320
STARLINK-30285          
1 57840U 23141A   26263.94629400  .00000687  00000+0  33889-4 0  9993
2 57840  53.1600  95.6826 0001077  83.2058 276.9066 15.31703399170249
STARLINK-30410          
1 57841U 23141B   26262.91160898  .00002094  00000+0  79208-4 0  9990
2 57841  53.1597 100.4136 0001294  88.9080 271.2070 15.31700520170080
STARLINK-30435          
1 57842U 23141C   26263.25652539  .00000055  00000+0  13539-4 0  9997
2 57842  53.1580  99.0400 0000907 106.4860 253.6241 15.31700763170131
STARLINK-30423          
1 57843U 23141D   26263.89968962  .00000065  00000+0  13844-4 0  9998
2 57843  53.1585  95.8980 0001199  90.3303 269.7836 15.31704728170235
STARLINK-30292          
1 57844U 23141E   26263.91444208  .00000532  00000+0  26893-4 0  9991
2 57844  53.1594  95.4972 0001268  90.3130 269.8018 15.34384665170249
STARLINK-30416          
1 57847U 23141H   26263.37304670  .00001355  00000+0  55406-4 0  9998
2 57847  53.1596  98.4688 0001473 129.3407 230.7725 15.31708864170159
STARLINK-30426          
1 57848U 23141J   26262.92486799 -.00004820  00000+0 -13182-3 0  9998
2 57848  53.1588 100.4457 0001389 125.8240 234.2891 15.34347416170081
STARLINK-30430          
1 57849U 23141K   26263.83913461 -.00004278  00000+0 -12606-3 0  9998
2 57849  53.1564  96.4422 0001294  88.8035 271.3115 15.31726546170226
STARLINK-30425          
1 57850U 23141L   26263.94596350  .00000838  00000+0  35931-4 0  9999
2 57850  53.1593  95.4487 0001249  86.6907 273.4239 15.34400521170241
STARLINK-30405          
1 57851U 23141M   26263.95095605  .00000588  00000+0  30712-4 0  9992
2 57851  53.1594  95.6659 0001179  95.4597 264.6539 15.31705136170243
STARLINK-30431          
1 57852U 23141N   26262.95844203  .00000622  00000+0  29553-4 0  9998
2 57852  53.1604 100.1926 0001176  80.2731 279.8405 15.34386852170089
STARLINK-30404          
1 57853U 23141P   26262.99622195  .00001464  00000+0  54475-4 0  9993
2 57853  53.1595  99.7132 0000910 100.1114 259.9991 15.34387776170101
STARLINK-30412          
1 57854U 23141Q   26263.91656937 -.00002285  00000+0 -56583-4 0  9994
2 57854  53.1586  95.5056 0000839  75.5977 284.5119 15.34372569170248
STARLINK-30392          
1 57855U 23141R   26263.27149770  .00000173  00000+0  16261-4 0  9997
2 57855  53.1598  98.5868 0001112  93.2809 266.8320 15.34386804170145
STARLINK-30291          
1 57856U 23141S   26262.04469343  .00000362  00000+0  23427-4 0  9995
2 57856  53.1593 104.4427 0001172  85.7629 274.3507 15.31704733169951
STARLINK-30424          
1 57857U 23141T   26263.21245583  .00000605  00000+0  31257-4 0  9994
2 57857  53.1596  73.6745 0001166  95.5201 264.5933 15.31702228170484
STARLINK-30290          
1 57858U 23141U   26263.92496061  .00000281  00000+0  19443-4 0  9995
2 57858  53.1607  95.5564 0001057  74.8760 285.2359 15.34389896170240
STARLINK-30414          
1 57859U 23141V   26263.91023001  .00000464  00000+0  24868-4 0  9995
2 57859  53.1610  95.4635 0000722  95.5171 264.5914 15.34391440170242
STARLINK-30272          
1 57860U 23141W   26263.94162973 -.00000088  00000+0  89389-5 0  9995
2 57860  53.1604  95.6588 0001178  88.7602 271.3534 15.31700827170249
STARLINK-30432          
1 57864U 23144A   26263.37431296  .00000067  00000+0  11957-4 0  9997
2 57864  43.0004 265.5859 0001021 278.6536  81.4200 15.27574545167378
STARLINK-30427          
1 57865U 23144B   26263.70510198 -.00001284  00000+0 -37156-4 0  9997
2 57865  43.0026 263.7615 0000816 262.6864  97.3895 15.27583744167424
STARLINK-30393          
1 57866U 23144C   26263.36662705 -.00001508  00000+0 -45312-4 0  9994
2 57866  43.0023 265.5208 0001169 284.2730  75.7991 15.27559523167373
STARLINK-30439          
1 57867U 23144D   26263.70895333  .00009323  00000+0  34785-3 0  9990
2 57867  43.0023 263.7934 0001365 268.1760  91.8935 15.27583577167476
STARLINK-30442          
1 57868U 23144E   26263.45125535  .00000264  00000+0  19118-4 0  9992
2 57868  43.0021 265.2554 0000983 279.2617  80.8123 15.27575164167389
STARLINK-30441          
1 57869U 23144F   26263.69737829  .00000128  00000+0  14167-4 0  9992
2 57869  42.9998 263.6624 0000798 270.3095  89.7666 15.27577596167423
STARLINK-30460          
1 57870U 23144G   26263.32307542 -.00001834  00000+0 -57167-4 0  9993
2 57870  43.0029 266.0528 0001762 304.6698  55.3987 15.27560714167412
STARLINK-30444          
1 57871U 23144H   26263.06923107 -.00006570  00000+0 -22967-3 0  9997
2 57871  43.0032 267.5880 0001584 263.6967  96.3705 15.27547350167086
STARLINK-30446          
1 57872U 23144J   26263.28262795  .00000104  00000+0  13307-4 0  9995
2 57872  43.0015 252.1180 0001056 271.9599  88.1132 15.27576849167299
STARLINK-30445          
1 57873U 23144K   26263.06536897 -.00000225  00000+0  13584-5 0  9992
2 57873  43.0033 267.5640 0001091 272.0131  88.0596 15.27574967167320
STARLINK-30447          
1 57874U 23144L   26263.34925328  .00000587  00000+0  30861-4 0  9991
2 57874  43.0014 240.1225 0001064 269.1018  90.9712 15.27576517167704
STARLINK-30434          
1 57875U 23144M   26263.46925602 -.00000138  00000+0  45010-5 0  9996
2 57875  43.0033 265.4338 0001210 288.3869  71.6851 15.27571337167436
STARLINK-30429          
1 57876U 23144N   26262.03460301  .00000586  00000+0  30839-4 0  9997
2 57876  43.0037 273.5856 0001412 268.3652  91.7038 15.27578005167202
STARLINK-30284          
1 57877U 23144P   26263.31215221  .00000361  00000+0  22654-4 0  9996
2 57877  43.0029 229.4366 0001594 276.9475  83.1196 15.27578370167822
STARLINK-30433          
1 57878U 23144Q   26263.35889049  .00000528  00000+0  28722-4 0  9993
2 57878  43.0018 265.4671 0001323 275.2032  84.8669 15.27579217167410
STARLINK-30358          
1 57879U 23144R   26263.68967431  .00001150  00000+0  51317-4 0  9990
2 57879  43.0015 263.6464 0001560 271.5145  88.5528 15.27578410167469
STARLINK-30436          
1 57880U 23144S   26263.30379560  .00001208  00000+0  53408-4 0  9998
2 57880  43.0012 265.9066 0001262 264.5884  95.4824 15.27579263167409
STARLINK-30339          
1 57882U 23144U   26263.48209742  .00001511  00000+0  64419-4 0  9994
2 57882  43.0023 265.5233 0001174 269.1178  90.9539 15.27580847167429
STARLINK-30282          
1 57883U 23144V   26263.35632011  .00000735  00000+0  36226-4 0  9992
2 57883  43.0015 265.4472 0001310 265.4980  94.5722 15.27578188167415
STARLINK-30340          
1 57884U 23144W   26263.69097517 -.00001062  00000+0 -29109-4 0  9994
2 57884  42.9999 263.6461 0000980 269.0218  91.0521 15.27563209167461
STARLINK-30279          
1 57885U 23144X   26263.36017601  .00000223  00000+0  17636-4 0  9993
2 57885  43.0012 265.4737 0001215 272.2714  87.7999 15.27576917167354
STARLINK-30465          
1 57891U 23146A   26262.40527102 -.00000115  00000+0  53314-5 0  9993
2 57891  43.0039 300.1129 0001036 270.3106  89.7627 15.27573745166688
STARLINK-30470          
1 57892U 23146B   26263.37193007  .00000152  00000+0  15031-4 0  9997
2 57892  43.0029 294.4655 0001147 264.8408  95.2313 15.27575728166837
STARLINK-30473          
1 57893U 23146C   26263.79764645  .00000131  00000+0  14295-4 0  9994
2 57893  43.0027 292.4355 0000995 283.0867  76.9873 15.27574740166899
STARLINK-30443          
1 57894U 23146D   26263.38734526 -.00001099  00000+0 -30423-4 0  9992
2 57894  43.0010 294.5771 0000816 269.8548  90.2210 15.27577754166833
STARLINK-30467          
1 57895U 23146E   26263.37579535  .00001547  00000+0  65756-4 0  9992
2 57895  42.9983 294.4927 0001415 268.0652  92.0037 15.27574694166822
STARLINK-30469          
1 57896U 23146F   26263.39120384  .00001061  00000+0  48085-4 0  9996
2 57896  43.0029 294.6035 0001219 283.1507  76.9209 15.27570998166833
STARLINK-30474          
1 57897U 23146G   26262.80529639 -.00000508  00000+0 -89434-5 0  9999
2 57897  43.0030 297.9497 0001411 272.9913  87.0777 15.27578749166740
STARLINK-30479          
1 57898U 23146H   26263.39762737 -.00000657  00000+0 -14367-4 0  9990
2 57898  43.0012 294.6510 0001186 268.7215  91.3501 15.27578311166836
STARLINK-30481          
1 57899U 23146J   26263.13994075 -.00000625  00000+0 -13191-4 0  9994
2 57899  43.0052 296.1597 0001716 268.4256  91.6399 15.27575377166796
STARLINK-30457          
1 57900U 23146K   26263.41947340  .00000920  00000+0  42969-4 0  9992
2 57900  43.0054 294.8120 0001697 268.4120  91.6538 15.27582276165774
STARLINK-30472          
1 57901U 23146L   26263.38141597 -.00000168  00000+0  34289-5 0  9991
2 57901  43.0019 291.1186 0001035 263.2541  96.8193 15.27569460165813
STARLINK-30462          
1 57902U 23146M   26263.80151189 -.00000053  00000+0  76160-5 0  9994
2 57902  43.0041 292.5215 0001288 276.3414  83.7291 15.27573981166853
STARLINK-30449          
1 57903U 23146N   26263.38092496 -.00000106  00000+0  56562-5 0  9996
2 57903  43.0019 294.5226 0000780 272.9260  87.1502 15.27574407165777
STARLINK-30466          
1 57904U 23146P   26263.15150433 -.00000401  00000+0 -50250-5 0  9995
2 57904  43.0068 296.2468 0001525 268.9581  91.1096 15.27576902165739
STARLINK-30428          
1 57906U 23146R   26263.41562090 -.00000249  00000+0  48324-6 0  9991
2 57906  43.0038 294.7874 0001466 275.9584  84.1100 15.27572667165773
STARLINK-30482          
1 57907U 23146S   26262.38099959  .00000410  00000+0  24427-4 0  9991
2 57907  43.0043 300.7797 0001626 273.3903  86.6763 15.27577058165622
STARLINK-30464          
1 57908U 23146T   26263.42411721 -.00000085  00000+0  64641-5 0  9995
2 57908  43.0061 298.2453 0001933 277.3972  82.6660 15.27576823165737
STARLINK-30463          
1 57909U 23146U   26262.58487316 -.00000415  00000+0 -55750-5 0  9994
2 57909  43.0016 299.7229 0001108 278.6262  81.4465 15.27576232165649
STARLINK-30453          
1 57910U 23146V   26263.41868055  .00000349  00000+0  22207-4 0  9996
2 57910  43.0032 291.4024 0001455 267.2252  92.8433 15.27578975165815
STARLINK-30478          
1 57911U 23146W   26263.37835061 -.00000175  00000+0  31680-5 0  9997
2 57911  43.0030 294.5039 0001078 263.2967  96.7762 15.27576703166832
STARLINK-30477          
1 57912U 23146X   26263.37756182  .00000446  00000+0  25733-4 0  9995
2 57912  43.0003 291.0924 0001266 270.8470  89.2237 15.27575952166873
STARLINK-30450          
1 57913U 23147A   26262.83723915  .00000005  00000+0  97098-5 0  9990
2 57913  43.0037 308.4892 0001105 279.6470  80.4257 15.27576457166299
STARLINK-30483          
1 57914U 23147B   26263.44002613  .00000153  00000+0  15094-4 0  9993
2 57914  43.0040 159.7836 0001182 274.0150  86.0567 15.27577622168099
STARLINK-30454          
1 57915U 23147C   26263.17187942 -.00000310  00000+0 -17431-5 0  9998
2 57915  43.0032 306.6982 0000878 256.1976 103.8778 15.27575384166345
STARLINK-30501          
1 57917U 23147E   26263.10906014  .00011899  00000+0  44116-3 0  9992
2 57917  42.9987 307.0772 0000737 188.8374 171.2465 15.27584757166350
STARLINK-30499          
1 57918U 23147F   26263.42216888  .00000057  00000+0  11579-4 0  9993
2 57918  43.0010 160.4746 0001218 267.7092  92.3620 15.27585068168119
STARLINK-30496          
1 57919U 23147G   26263.44755389  .00001185  00000+0  52600-4 0  9993
2 57919  43.0039 305.3244 0001442 273.1717  86.8970 15.27578957166414
STARLINK-30485          
1 57920U 23147H   26263.18987582 -.00000334  00000+0 -25863-5 0  9997
2 57920  43.0061 306.8352 0002448 290.0367  70.0221 15.27576477166377
STARLINK-30492          
1 57921U 23147J   26263.58862136  .00005999  00000+0  22742-3 0  9990
2 57921  43.0033 304.6653 0001302 275.4009  84.6694 15.27569907166404
STARLINK-30440          
1 57923U 23147L   26263.80404797 -.00000248  00000+0  50767-6 0  9996
2 57923  43.0031 303.6950 0000675 247.3462 112.7319 15.27573945166466
STARLINK-30487          
1 57924U 23147M   26263.39581318 -.00000453  00000+0 -69407-5 0  9995
2 57924  43.0038 309.1827 0001318 262.3163  97.7539 15.27574718166362
STARLINK-30452          
1 57925U 23147N   26263.80660987  .00000525  00000+0  28602-4 0  9991
2 57925  43.0045 303.7135 0001389 273.8062  86.2631 15.27581213166438
STARLINK-30468          
1 57926U 23147P   26263.17524056 -.00004992  00000+0 -17191-3 0  9992
2 57926  43.0001 310.1285 0001087 279.9439  80.1290 15.27596878166302
STARLINK-30448          
1 57928U 23147R   26263.18937740 -.00000093  00000+0  61707-5 0  9994
2 57928  43.0048 310.2289 0001610 285.6436  74.4238 15.27574115166301
STARLINK-30488          
1 57931U 23147U   26263.19323210  .00000025  00000+0  10438-4 0  9998
2 57931  43.0059 310.2576 0001740 281.2949  78.7707 15.27574002166337
STARLINK-30471          
1 57932U 23147V   26263.42186367 -.00000690  00000+0 -15551-4 0  9996
2 57932  43.0016 305.1313 0000883 280.6588  79.4164 15.27572103166382
STARLINK-30461          
1 57933U 23147W   26263.81032744 -.00001645  00000+0 -50267-4 0  9993
2 57933  43.0013 302.8908 0001412 274.3627  85.7063 15.27569744166449
STARLINK-30712          
1 57935U 23148A   26263.30216593  .00001303  00000+0  49706-4 0  9991
2 57935  53.1596 196.4278 0001224  93.1899 266.9244 15.34395362168273
STARLINK-30716          
1 57936U 23148B   26263.51916562  .00000104  00000+0  14225-4 0  9994
2 57936  53.1611 197.6779 0001035  89.6830 270.4291 15.34395341168275
STARLINK-30400          
1 57937U 23148C   26262.48906101 -.00000260  00000+0  34314-5 0  9994
2 57937  53.1605 200.5501 0001300  90.1278 269.9873 15.34387655168148
STARLINK-30710          
1 57938U 23148D   26263.28314881  .00001479  00000+0  54915-4 0  9992
2 57938  53.1621 186.4265 0001597  82.9704 277.1481 15.34399593168406
STARLINK-30714          
1 57939U 23148E   26263.52293608  .00048597  00000+0  12532-2 0  9992
2 57939  53.1518 196.9651 0006308  77.6649 282.5061 15.38710758168285
STARLINK-30711          
1 57940U 23148F   26263.23968688  .00001273  00000+0  48832-4 0  9993
2 57940  53.1610 198.7838 0001361  84.2040 275.9118 15.34387382168233
STARLINK-30715          
1 57941U 23148G   26263.27949678  .00001562  00000+0  57347-4 0  9998
2 57941  53.1601 188.3899 0001211  92.0642 268.0500 15.34401529168389
STARLINK-30455          
1 57942U 23148H   26263.46185612  .00001723  00000+0  63704-4 0  9993
2 57942  53.1588 197.9852 0001370  86.3291 273.7868 15.33552662168262
STARLINK-30456          
1 57943U 23148J   26262.48962894 -.00002034  00000+0 -49092-4 0  9992
2 57943  53.1597 202.7066 0001282  98.7118 261.4029 15.34392909168116
STARLINK-30708          
1 57944U 23148K   26263.51860685 -.00002379  00000+0 -59306-4 0  9994
2 57944  53.1601 195.6286 0001091  90.7396 269.3731 15.34402657168305
STARLINK-30705          
1 57945U 23148L   26263.52073316 -.00000589  00000+0 -62848-5 0  9990
2 57945  53.1604 195.6469 0001545  91.6637 268.4543 15.34377419168302
STARLINK-30704          
1 57946U 23148M   26263.26750869 -.00000060  00000+0  93654-5 0  9999
2 57946  53.1596 274.4561 0001343  69.8162 290.2985 15.34392428167150
STARLINK-30706          
1 57947U 23148N   26262.32092104  .00006240  00000+0  19583-3 0  9999
2 57947  53.1628 200.9491 0001826 106.2920 253.8284 15.34371735168120
STARLINK-30707          
1 57949U 23148Q   26263.44295975  .00002412  00000+0  82520-4 0  9995
2 57949  53.1614 195.8655 0001447  60.0912 300.0234 15.34391827168290
STARLINK-30701          
1 57950U 23148R   26263.22028568  .00001870  00000+0  66468-4 0  9995
2 57950  53.1595 197.2999 0000787  70.7903 289.3185 15.34401321168252
STARLINK-30399          
1 57951U 23148S   26263.17399730  .00001109  00000+0  43970-4 0  9990
2 57951  53.1610 197.0140 0001338  82.9085 277.2070 15.34390477168254
STARLINK-30713          
1 57952U 23148T   26263.20345968  .00000531  00000+0  26858-4 0  9993
2 57952  53.1607 197.2204 0001280  93.0128 267.1021 15.34385857168251
STARLINK-30700          
1 57953U 23148U   26263.18285869  .00001003  00000+0  40831-4 0  9996
2 57953  53.1583 188.8946 0001425  67.1505 292.9648 15.34390626168369
STARLINK-30703          
1 57954U 23148V   26263.30416938  .00001181  00000+0  46097-4 0  9991
2 57954  53.1596 186.3546 0002094  41.8728 318.2435 15.34394452168415
STARLINK-30702          
1 57955U 23148W   26263.48073313  .00000172  00000+0  16227-4 0  9998
2 57955  53.1620 186.0257 0000905  87.2070 272.9036 15.34388052168437
STARLINK-30396          
1 57964U 23151A   26263.87316685  .00000327  00000+0  21396-4 0  9992
2 57964  43.0042 314.0230 0001333 252.3816 107.6890 15.27576571165612
STARLINK-30524          
1 57965U 23151B   26263.86674158  .00000583  00000+0  30713-4 0  9991
2 57965  43.0058 313.9794 0001874 272.4238  87.6399 15.27577374165617
STARLINK-30521          
1 57966U 23151C   26262.19866991  .00001129  00000+0  50558-4 0  9991
2 57966  43.0040 322.9564 0001371 267.3816  92.6878 15.27577088165363
STARLINK-30528          
1 57967U 23151D   26263.64102334 -.00000070  00000+0  69621-5 0  9994
2 57967  43.0021 314.8561 0000952 244.5294 115.5459 15.27580033165589
STARLINK-30495          
1 57968U 23151E   26263.45901516 -.00003041  00000+0 -10107-3 0  9998
2 57968  43.0016 316.0669 0001544 275.7864  84.2811 15.27565531165551
STARLINK-30494          
1 57970U 23151G   26262.16170886  .00001906  00000+0  78798-4 0  9993
2 57970  43.0052 177.9240 0001823 242.1511 117.9156 15.27567053167043
STARLINK-30498          
1 57971U 23151H   26263.84746483  .00002191  00000+0  89155-4 0  9998
2 57971  43.0038 313.8112 0001014 262.3368  97.7369 15.27570761165615
STARLINK-30505          
1 57972U 23151J   26263.47827399  .00011181  00000+0  41514-3 0  9999
2 57972  43.0059 316.2020 0001506 268.5705  91.4974 15.27584735165555
STARLINK-30502          
1 57973U 23151K   26263.45129191 -.00001469  00000+0 -43856-4 0  9995
2 57973  43.0016 316.0026 0001141 267.9430  92.1291 15.27578313165551
STARLINK-30489          
1 57974U 23151L   26263.84874929  .00000084  00000+0  12590-4 0  9996
2 57974  43.0037 313.8260 0001336 268.6778  91.3921 15.27578102165613
STARLINK-30503          
1 57975U 23151M   26263.22314941  .00003389  00000+0  13261-3 0  9998
2 57975  43.0010 317.7023 0001217 232.0347 128.0394 15.27576839165516
STARLINK-30512          
1 57976U 23151N   26263.44871167  .00000056  00000+0  11552-4 0  9991
2 57976  43.0026 315.9301 0001246 283.4007  76.6706 15.27580075165554
STARLINK-30509          
1 57977U 23151P   26263.21489613  .00001049  00000+0  47639-4 0  9996
2 57977  43.0034 332.1005 0001471 264.4633  95.6051 15.27578760165349
STARLINK-30511          
1 57978U 23151Q   26263.48286442 -.00000160  00000+0  37169-5 0  9993
2 57978  43.0038 330.6721 0001398 276.0826  83.9866 15.27575821165386
STARLINK-30508          
1 57979U 23151R   26263.87903932 -.00000050  00000+0  77124-5 0  9990
2 57979  43.0022 328.4769 0000950 274.8426  85.2317 15.27571934165446
STARLINK-30510          
1 57981U 23151T   26263.92208679  .00000718  00000+0  35606-4 0  9993
2 57981  43.0036 331.3453 0001352 248.0769 111.9939 15.27576610165417
STARLINK-30507          
1 57982U 23151U   26263.66439373  .00008264  00000+0  30942-3 0  9993
2 57982  43.0043 332.8578 0002087 270.3120  89.7493 15.27588287165369
STARLINK-30515          
1 57983U 23151V   26262.29513326  .00010885  00000+0  40487-3 0  9990
2 57983  43.0051 340.6364 0001443 253.5381 106.5312 15.27547953165156
STARLINK-30516          
1 57984U 23151W   26263.47595057 -.00000683  00000+0 -15324-4 0  9993
2 57984  42.9961 334.0193 0001007 145.5582 214.5335 15.27570897165340
STARLINK-30519          
1 57985U 23151X   26263.88417637  .00000370  00000+0  22968-4 0  9999
2 57985  43.0041 328.5156 0001169 276.4016  83.6702 15.27578907165381
STARLINK-30537          
1 57991U 23153A   26263.12459703 -.00000527  00000+0 -96136-5 0  9990
2 57991  43.0055  48.9098 0001864 260.8067  99.2574 15.27573335164532
STARLINK-30534          
1 57992U 23153B   26263.11045755  .00000397  00000+0  23937-4 0  9999
2 57992  43.0040  48.8020 0001367 268.2700  91.7995 15.27578566164530
STARLINK-30536          
1 57993U 23153C   26263.12844759 -.00000072  00000+0  69334-5 0  9995
2 57993  43.0060  48.9402 0001754 275.8432  84.2220 15.27576622164634
STARLINK-30538          
1 57994U 23153D   26263.13615421 -.00000189  00000+0  26516-5 0  9993
2 57994  43.0052  48.9861 0001749 263.7676  96.2977 15.27575938164535
STARLINK-30517          
1 57995U 23153E   26263.86954408  .00000020  00000+0  10234-4 0  9997
2 57995  43.0012  45.0305 0001115 264.4132  95.6592 15.27576010164746
STARLINK-30523          
1 57997U 23153G   26262.15150490  .00000340  00000+0  21880-4 0  9993
2 57997  43.0063  54.5044 0002068 280.3330  79.7288 15.27578508164484
STARLINK-30531          
1 57998U 23153H   26262.72971299  .00001940  00000+0  80072-4 0  9990
2 57998  43.0046  51.1042 0001090 260.5009  99.5720 15.27552412164571
STARLINK-30552          
1 57999U 23153J   26263.88112213 -.00000265  00000+0 -11270-6 0  9999
2 57999  43.0020  45.1232 0001534 269.0561  91.0114 15.27569683164749
STARLINK-30545          
1 58000U 23153K   26263.68865685 -.00000436  00000+0 -63220-5 0  9990
2 58000  43.0011  45.3982 0001421 274.5451  85.5238 15.27576723164727
STARLINK-30535          
1 58001U 23153L   26262.90787483  .00000259  00000+0  18922-4 0  9993
2 58001  43.0021  49.8587 0001381 271.2304  88.8389 15.27577255164606
STARLINK-30540          
1 58002U 23153M   26262.72198853  .00000281  00000+0  19758-4 0  9994
2 58002  43.0048  51.0297 0001453 267.5239  92.5446 15.27578451164474
STARLINK-30539          
1 58004U 23153P   26263.70022171 -.00000295  00000+0 -11892-5 0  9993
2 58004  43.0051  45.4879 0001144 268.2594  91.8126 15.27577151164712
STARLINK-30530          
1 58005U 23153Q   26263.38100052 -.00000467  00000+0 -74353-5 0  9995
2 58005  43.0053  47.3850 0001502 269.7780  90.2900 15.27573473164677
STARLINK-30526          
1 58006U 23153R   26263.37461491  .00001768  00000+0  55371-4 0  9993
2 58006  43.0017  17.0113 0001448 272.4064  87.6625 15.37149508165022
STARLINK-30527          
1 58007U 23153S   26263.17503872 -.00002070  00000+0 -65738-4 0  9999
2 58007  43.0027 180.0320 0001918 255.1182 104.9458 15.27568601167203
STARLINK-30522          
1 58008U 23153T   26263.87339703  .00001160  00000+0  51673-4 0  9997
2 58008  43.0027  45.0528 0001519 287.1726  72.8960 15.27577926164747
STARLINK-30486          
1 58009U 23153U   26262.72325674  .00004018  00000+0  15534-3 0  9993
2 58009  43.0002  51.0449 0000952  26.8697 333.2204 15.27606118164476
STARLINK-30520          
1 58010U 23153V   26263.38742488 -.00000327  00000+0 -23401-5 0  9999
2 58010  43.0066  47.4183 0001707 267.9593  92.1063 15.27572753164576
STARLINK-30497          
1 58011U 23153W   26263.69507763  .00000015  00000+0  10084-4 0  9993
2 58011  43.0035  45.4342 0001071 279.6573  80.4158 15.27577918164720
STARLINK-30525          
1 58012U 23153X   26263.70663744  .00000184  00000+0  16218-4 0  9990
2 58012  43.0055  45.5175 0001322 279.9126  80.1576 15.27579120164722
STARLINK-30514          
1 58028U 23156A   26263.38083275  .00000941  00000+0  38981-4 0  9991
2 58028  53.1591 251.9614 0001374  83.5915 276.5244 15.34389989166151
STARLINK-30518          
1 58029U 23156B   26263.98179013  .00002183  00000+0  75733-4 0  9990
2 58029  53.1596 249.3189 0001071  89.2678 270.8447 15.34394961166246
STARLINK-30549          
1 58030U 23156C   26263.95240206 -.00000177  00000+0  59093-5 0  9996
2 58030  53.1569 249.6609 0001814  79.3774 280.7433 15.34383398166180
STARLINK-30556          
1 58031U 23156D   26263.35935186  .00001007  00000+0  40957-4 0  9999
2 58031  53.1595 260.0469 0001341  77.5188 282.5965 15.34393947166029
STARLINK-30561          
1 58032U 23156E   26263.46908811  .00002344  00000+0  80500-4 0  9990
2 58032  53.1561 251.6214 0001154  91.7874 268.3261 15.34396739166167
STARLINK-30562          
1 58033U 23156F   26263.44982231  .00000732  00000+0  32806-4 0  9992
2 58033  53.1613 341.9705 0001209  75.4886 284.6251 15.34393578164871
STARLINK-30565          
1 58034U 23156G   26263.98385616 -.00001887  00000+0 -44712-4 0  9999
2 58034  53.1588 249.1535 0001276  85.0927 275.0222 15.34405119166240
STARLINK-30438          
1 58035U 23156H   26263.25747820  .00000248  00000+0  19766-4 0  9998
2 58035  53.1594 254.0240 0001309  71.3461 288.7682 15.31699773166063
STARLINK-30437          
1 58036U 23156J   26263.97056688  .00000584  00000+0  30576-4 0  9998
2 58036  53.1591 250.6497 0001208  66.9578 293.1551 15.31704764166178
STARLINK-30533          
1 58037U 23156K   26263.53755344  .00027015  00000+0  80837-3 0  9998
2 58037  53.1612 339.6625 0000996  87.9355 272.1762 15.34377980164913
STARLINK-30560          
1 58038U 23156L   26263.34457152  .00000484  00000+0  25462-4 0  9999
2 58038  53.1601 250.3031 0000901  79.3793 280.7311 15.34389475166121
STARLINK-30555          
1 58040U 23156N   26263.50176481  .00003500  00000+0  11471-3 0  9999
2 58040  53.1621 339.4597 0001004  98.5961 261.5155 15.34389138164911
STARLINK-30542          
1 58041U 23156P   26263.94814442  .00000514  00000+0  26361-4 0  9991
2 58041  53.1587 249.2694 0001238  83.7578 276.3566 15.34387333166230
STARLINK-30563          
1 58042U 23156Q   26263.34245215  .00001020  00000+0  41337-4 0  9995
2 58042  53.1615 250.1370 0000978  97.7682 262.3432 15.34389691166175
STARLINK-30564          
1 58043U 23156R   26263.95449992 -.00292434  00000+0 -90845-2 0  9990
2 58043  53.1578 249.6766 0001944 117.3608 242.7593 15.34047782166236
STARLINK-30547          
1 58044U 23156S   26263.90941925  .00000182  00000+0  16529-4 0  9993
2 58044  53.1633 337.6928 0001425  91.4652 268.6514 15.34390694164974
STARLINK-30550          
1 58045U 23156T   26263.48900176 -.00000207  00000+0  50032-5 0  9997
2 58045  53.1588 173.4570 0000781 142.8173 217.2884 15.34387811167246
STARLINK-30548          
1 58046U 23156U   26263.49545438 -.00000502  00000+0 -37082-5 0  9994
2 58046  53.1617 339.4235 0001490  93.7505 266.3668 15.34406732164867
STARLINK-30529          
1 58047U 23156V   26263.94776619 -.00012239  00000+0 -35190-3 0  9998
2 58047  53.1635 339.3826 0001430  92.4076 267.7090 15.34379193164905
STARLINK-30554          
1 58048U 23156W   26263.93724561  .00001503  00000+0  55639-4 0  9998
2 58048  53.1585 339.3316 0001550 100.0964 260.0214 15.34389204164907
STARLINK-30568          
1 58051U 23158A   26263.33479284 -.00000316  00000+0 -19623-5 0  9994
2 58051  43.0053   8.2054 0001294 250.0323 110.0389 15.27579725163323
STARLINK-30575          
1 58052U 23158B   26262.61168305 -.00006159  00000+0 -21432-3 0  9994
2 58052  43.0034  12.2418 0000897 260.1617  99.9133 15.27606998163222
STARLINK-30577          
1 58053U 23158C   26263.29881443  .00000151  00000+0  15009-4 0  9993
2 58053  43.0047   7.9225 0001946 281.1709  78.8924 15.27578211163337
STARLINK-30566          
1 58054U 23158D   26263.35650433 -.00000542  00000+0 -10153-4 0  9995
2 58054  43.0071   7.5151 0002525 279.6516  80.4051 15.27571321163347
STARLINK-30544          
1 58055U 23158E   26263.34492986 -.00000348  00000+0 -31245-5 0  9992
2 58055  43.0070   7.4251 0002058 274.1278  85.9339 15.27575060163346
STARLINK-30553          
1 58056U 23158F   26263.35906243  .00001203  00000+0  53236-4 0  9992
2 58056  43.0054   7.5297 0001614 279.7458  80.3211 15.27577031163346
STARLINK-30541          
1 58057U 23158G   26263.35263997  .00000490  00000+0  27349-4 0  9998
2 58057  43.0044   7.4830 0001364 272.7356  87.3339 15.27576209163344
STARLINK-30573          
1 58058U 23158H   26263.75523115  .00001899  00000+0  78534-4 0  9990
2 58058  43.0041   5.3432 0001424 264.4611  95.6078 15.27578394163402
STARLINK-30582          
1 58059U 23158J   26263.34107871 -.00000175  00000+0  31593-5 0  9995
2 58059  43.0052   7.3963 0001495 258.5553 101.5131 15.27572366163346
STARLINK-30558          
1 58060U 23158K   26263.58477588 -.00000135  00000+0  46104-5 0  9998
2 58060  43.0027   6.6301 0001625 270.8618  89.2048 15.27577139163377
STARLINK-30579          
1 58061U 23158L   26263.52759293 -.00000504  00000+0 -87887-5 0  9993
2 58061  43.0047 340.9065 0001404 259.9748 100.0946 15.27571929163660
STARLINK-30588          
1 58062U 23158M   26263.56292726  .00000653  00000+0  33264-4 0  9993
2 58062  43.0011   6.4742 0001279 253.6559 106.4152 15.27582367163374
STARLINK-30585          
1 58063U 23158N   26262.58984981  .00000558  00000+0  29825-4 0  9998
2 58063  43.0023  12.0737 0001400 265.3937  94.6754 15.27572943163220
STARLINK-30587          
1 58064U 23158P   26263.34878281 -.00000532  00000+0 -98253-5 0  9995
2 58064  43.0037   7.4517 0001116 261.5099  98.5627 15.27578058163349
STARLINK-30576          
1 58065U 23158Q   26263.56421960  .00001683  00000+0  70664-4 0  9999
2 58065  43.0033   6.4953 0001689 269.7046  90.3612 15.27576639163376
STARLINK-30571          
1 58066U 23158R   26263.31937571 -.00000311  00000+0 -17817-5 0  9994
2 58066  43.0032   8.0889 0001692 297.7986  62.2694 15.27588344163330
STARLINK-30567          
1 58067U 23158S   26262.60783116 -.00000147  00000+0  41997-5 0  9992
2 58067  43.0042  12.1943 0001289 280.7576  79.3130 15.27576177163221
STARLINK-30569          
1 58068U 23158T   26262.65088898  .00003849  00000+0  14941-3 0  9991
2 58068  43.0041  15.0807 0001572 267.2124  92.8547 15.27563170163193
STARLINK-30480          
1 58069U 23158U   26263.94978486  .00000502  00000+0  27766-4 0  9999
2 58069  43.0046 222.1089 0001798 284.4242  75.6410 15.27579238165107
STARLINK-30532          
1 58070U 23158V   26263.56678090  .00001017  00000+0  46476-4 0  9998
2 58070  43.0032   6.5053 0001397 267.3475  92.7216 15.27582712163374
STARLINK-30506          
1 58072U 23158X   26263.77322210  .00000249  00000+0  18587-4 0  9991
2 58072  43.0030   5.4645 0001532 272.6501  87.4176 15.27575583163407
STARLINK-30604          
1 58075U 23160A   26263.71040318  .00000064  00000+0  11841-4 0  9998
2 58075  43.0016  56.3537 0001398 266.3652  93.7040 15.27576542162771
STARLINK-30500          
1 58076U 23160B   26263.91942021 -.00000995  00000+0 -26647-4 0  9998
2 58076  43.0009  55.3300 0000819 253.3854 106.6907 15.27568104162803
STARLINK-30613          
1 58077U 23160C   26263.71682430  .00000140  00000+0  14597-4 0  9993
2 58077  43.0012  56.4015 0000985 265.3363  94.7377 15.27576944162781
STARLINK-30597          
1 58078U 23160D   26260.82571552 -.00002685  00000+0 -88141-4 0  9999
2 58078  43.0020  72.5245 0001531 262.1978  97.8700 15.27552397162331
STARLINK-30598          
1 58079U 23160E   26263.72067607 -.00002473  00000+0 -80306-4 0  9993
2 58079  43.0035  56.4284 0002496 279.5709  80.4861 15.27588575162778
STARLINK-30603          
1 58080U 23160F   26263.13605774 -.00000426  00000+0 -59433-5 0  9997
2 58080  43.0022  59.7772 0001138 276.7779  83.2943 15.27576400162688
STARLINK-30602          
1 58081U 23160G   26262.74581756  .00012291  00000+0  45531-3 0  9990
2 58081  42.9995  65.4134 0001151 260.5596  99.5126 15.27588900162585
STARLINK-30610          
1 58082U 23160H   26263.16176127 -.00000524  00000+0 -94975-5 0  9996
2 58082  43.0057  59.9676 0001936 260.1163  99.9471 15.27572648162683
STARLINK-30551          
1 58083U 23160J   26263.91632292 -.00013783  00000+0 -49121-3 0  9992
2 58083  43.0055  58.7148 0003246 263.9723  96.0759 15.27642541162768
STARLINK-30586          
1 58084U 23160K   26263.92020025  .00000051  00000+0  11372-4 0  9999
2 58084  43.0015  58.7446 0000991 268.3656  91.7082 15.27578012162766
STARLINK-30609          
1 58085U 23160L   26263.13942459 -.00000057  00000+0  74549-5 0  9990
2 58085  42.9969  63.2098 0000473 278.8513  81.2285 15.27573718162644
STARLINK-30583          
1 58086U 23160M   26263.73175067  .00001855  00000+0  76912-4 0  9991
2 58086  43.0001  59.9105 0001199 268.0122  92.0592 15.27580217162731
STARLINK-30557          
1 58087U 23160N   26263.73560671 -.00000167  00000+0  34559-5 0  9999
2 58087  43.0035  59.9356 0000775 278.8804  81.1959 15.27575095162736
STARLINK-30591          
1 58088U 23160P   26263.70012377  .00000064  00000+0  11853-4 0  9998
2 58088  43.0033  56.2662 0001705 272.1311  87.9346 15.27575748162772
STARLINK-30584          
1 58089U 23160Q   26263.12578855 -.00000258  00000+0  13040-6 0  9991
2 58089  42.9941  59.6998 0001107  52.8506 307.2447 15.27574129162685
STARLINK-30590          
1 58090U 23160R   26263.60996528  .00001045  00000+0  47514-4 0  9992
2 58090  43.0026  60.6999 0001176 276.6841  83.3877 15.27575966162713
STARLINK-30608          
1 58091U 23160S   26262.74888259 -.00000581  00000+0 -11579-4 0  9996
2 58091  43.0026  62.0279 0001216 268.2765  91.7948 15.27572040162620
STARLINK-30615          
1 58092U 23160T   26263.69642166 -.00000852  00000+0 -21447-4 0  9993
2 58092  43.0034  57.0924 0002183 265.0390  95.0213 15.27570182162766
STARLINK-30578          
1 58093U 23160U   26263.90913145  .00000080  00000+0  12410-4 0  9997
2 58093  42.9998  55.2486 0000932 265.0307  95.0439 15.27576078162800
STARLINK-30574          
1 58094U 23160V   26263.70911246  .00000467  00000+0  26493-4 0  9991
2 58094  43.0014  56.3298 0001357 267.6899  92.3797 15.27579588162773
STARLINK-30570          
1 58095U 23160W   26263.91555352  .00000467  00000+0  26476-4 0  9998
2 58095  43.0005  55.3047 0001298 268.1550  91.9153 15.27580600162801
STARLINK-30581          
1 58096U 23160X   26263.14248420  .00000426  00000+0  25017-4 0  9994
2 58096  43.0027  59.8111 0001361 262.0579  98.0118 15.27579638162686
STARLINK-30594          
1 58097U 23161A   26263.52224835  .00001610  00000+0  58781-4 0  9992
2 58097  53.1596 337.5597 0001399  96.6524 263.4638 15.34396320164293
STARLINK-30614          
1 58098U 23161B   26263.92569141  .00000581  00000+0  28340-4 0  9993
2 58098  53.1636 335.8123 0001189  85.4805 274.6333 15.34389410164355
STARLINK-30607          
1 58099U 23161C   26263.87357069  .00000683  00000+0  31360-4 0  9991
2 58099  53.1607 327.6185 0001045  91.0668 269.0454 15.34394633164458
STARLINK-30600          
1 58100U 23161D   26263.49490111 -.00000752  00000+0 -11107-4 0  9994
2 58100  53.1615 337.3795 0001663 109.1015 251.0168 15.34386203164297
STARLINK-30605          
1 58101U 23161E   26263.48236445 -.00000278  00000+0  29184-5 0  9999
2 58101  53.1620 338.0199 0001523  65.5507 294.5654 15.34398755164282
STARLINK-30592          
1 58102U 23161F   26263.43397060 -.00000684  00000+0 -90980-5 0  9990
2 58102  53.1623 337.7218 0001338  96.7373 263.3782 15.34396683164289
STARLINK-30589          
1 58103U 23161G   26263.50596179  .00001683  00000+0  60946-4 0  9997
2 58103  53.1617 339.3924 0001190  87.4385 272.6754 15.34399355164260
STARLINK-30617          
1 58104U 23161H   26263.49074847  .00000952  00000+0  39312-4 0  9990
2 58104  53.1621 337.8789 0001343  91.1515 268.9642 15.34399221164283
STARLINK-30616          
1 58105U 23161J   26263.45023302  .00000796  00000+0  34682-4 0  9998
2 58105  53.1610 324.1591 0001208  98.1093 262.0047 15.34397495164465
STARLINK-30612          
1 58106U 23161K   26263.48802678  .00000128  00000+0  14928-4 0  9993
2 58106  53.1615 323.7009 0001135  89.6657 270.4475 15.34388836164478
STARLINK-30421          
1 58107U 23161L   26263.85989502  .00001312  00000+0  49958-4 0  9994
2 58107  53.1601 321.7198 0001064  72.5965 287.5154 15.34388209164540
STARLINK-30611          
1 58108U 23161M   26263.48380736  .00000713  00000+0  32256-4 0  9995
2 58108  53.1589 323.6192 0001249  81.3068 278.8076 15.34388143164484
STARLINK-30606          
1 58109U 23161N   26263.50122794 -.00001459  00000+0 -32064-4 0  9994
2 58109  53.1602 337.4237 0001204  76.5713 283.5424 15.34378205164295
STARLINK-30596          
1 58110U 23161P   26263.68828711  .00001096  00000+0  43581-4 0  9998
2 58110  53.1619 337.1683 0001185  78.0361 282.0774 15.34396846164317
STARLINK-30595          
1 58111U 23161Q   26263.92416188 -.00000764  00000+0 -11495-4 0  9999
2 58111  53.1601 337.9313 0000848  94.9852 265.1247 15.34395114164329
STARLINK-30593          
1 58112U 23161R   26263.93678410  .00000693  00000+0  31642-4 0  9994
2 58112  53.1609 338.0021 0001316  91.1566 268.9588 15.34397194164327
STARLINK-30353          
1 58113U 23161S   26263.44297303 -.00001077  00000+0 -20773-4 0  9991
2 58113  53.1622 339.9079 0001060  79.2590 280.8532 15.34380127164258
STARLINK-30572          
1 58114U 23161T   26263.94090570  .00001427  00000+0  53385-4 0  9996
2 58114  53.1611 337.3208 0001441  91.3586 268.7582 15.34387087164337
STARLINK-30580          
1 58115U 23161U   26263.92989911  .00002221  00000+0  76876-4 0  9994
2 58115  53.1614 335.8168 0000819  60.6011 299.5073 15.34391008164345
STARLINK-30493          
1 58116U 23161V   26263.91153763  .00000247  00000+0  18451-4 0  9993
2 58116  53.1622 337.8496 0001074  83.5585 276.5540 15.34394111164325
STARLINK-30601          
1 58117U 23161W   26263.48703649  .00004315  00000+0  13868-3 0  9996
2 58117  53.1606 339.4707 0000688  63.2047 296.9026 15.34419250164269
STARLINK-30795          
1 58118U 23162A   26263.88050960 -.00002157  00000+0 -68916-4 0  9992
2 58118  43.0027 109.7667 0001131 268.4959  91.5763 15.27564975162164
STARLINK-30765          
1 58119U 23162B   26263.96387426 -.00000367  00000+0 -38063-5 0  9994
2 58119  43.0077 109.5193 0002353 263.8015  96.2569 15.27573928162176
STARLINK-30768          
1 58120U 23162C   26263.94845810 -.00000362  00000+0 -36505-5 0  9994
2 58120  43.0017 109.4188 0001065 273.1951  86.8779 15.27576750162171
STARLINK-30799          
1 58121U 23162D   26262.98692654  .00000184  00000+0  16202-4 0  9995
2 58121  43.0049 115.0822 0001743 267.6849  92.3803 15.27584419162027
STARLINK-30759          
1 58122U 23162E   26263.96259193  .00000517  00000+0  28306-4 0  9990
2 58122  43.0047 109.5243 0001611 267.7883  92.2784 15.27580533162181
STARLINK-30781          
1 58123U 23162F   26263.31258457  .00000739  00000+0  36390-4 0  9990
2 58123  43.0030 113.2402 0001654 274.0800  85.9863 15.27576606162071
STARLINK-30754          
1 58124U 23162G   26263.31771941  .00001233  00000+0  54344-4 0  9998
2 58124  43.0052 113.2593 0001420 266.0007  94.0682 15.27578717156289
STARLINK-30766          
1 58125U 23162H   26263.92853519  .00000234  00000+0  18042-4 0  9993
2 58125  42.9994 106.7139 0001453 261.8075  98.2612 15.27577618162207
STARLINK-30767          
1 58126U 23162J   26263.92596944 -.00000265  00000+0 -10541-6 0  9994
2 58126  43.0042 106.6899 0001675 271.3258  88.7402 15.27574344162205
STARLINK-30790          
1 58127U 23162K   26263.34209512  .00028466  00000+0  11229-2 0  9994
2 58127  42.9992 122.0004 0023684 219.2694 140.6439 15.24782488161975
STARLINK-30787          
1 58128U 23162L   26262.03105200 -.00001758  00000+0 -54364-4 0  9995
2 58128  42.9990 117.4085 0001456 261.0320  99.0366 15.27580280161914
STARLINK-30756          
1 58129U 23162M   26262.99464588  .00000102  00000+0  13229-4 0  9993
2 58129  43.0029 115.1370 0001441 266.6778  93.3909 15.27576089162029
STARLINK-30783          
1 58130U 23162N   26263.26696156  .00000237  00000+0  18155-4 0  9996
2 58130  43.0044 110.3406 0001791 266.4061  93.6586 15.27576984162103
STARLINK-30757          
1 58131U 23162P   26263.91697414  .00000370  00000+0  22987-4 0  9993
2 58131  43.0022 106.6193 0001217 272.5632  87.5080 15.27578422162207
STARLINK-30770          
1 58132U 23162Q   26263.00106641  .00000384  00000+0  23489-4 0  9994
2 58132  43.0021 115.1754 0001592 269.2961  90.7708 15.27579094162017
STARLINK-30758          
1 58133U 23162R   26263.92211201  .00000098  00000+0  13071-4 0  9993
2 58133  42.9998 106.6606 0001297 267.9844  92.0859 15.27578954162204
STARLINK-30761          
1 58134U 23162S   26263.00493170 -.00000493  00000+0 -84126-5 0  9991
2 58134  43.0025 115.2062 0001300 272.7158  87.3544 15.27570020162021
STARLINK-30772          
1 58135U 23162T   26263.31643458  .00000433  00000+0  25281-4 0  9990
2 58135  43.0030 113.2550 0001888 251.4889 108.5758 15.27578285162073
STARLINK-30776          
1 58136U 23162U   26263.91670139  .00445511  00000+0  33930-2 0  9991
2 58136  42.9835  83.8277 0030766 291.0763  49.4027 15.69553822  5952
STARLINK-30782          
1 58137U 23162V   26263.00750045  .00000323  00000+0  21244-4 0  9992
2 58137  43.0036 115.2341 0000855 268.1225  91.9529 15.27576852162027
STARLINK-30769          
1 58138U 23162W   26263.95359274  .00000175  00000+0  15893-4 0  9994
2 58138  43.0037 109.4406 0001541 257.7169 102.3510 15.27578086162174
STARLINK-30775          
1 58139U 23162X   26263.29587774  .00000304  00000+0  20588-4 0  9991
2 58139  43.0022 113.1056 0001078 270.3556  89.7172 15.27576058162076
STARLINK-30780          
1 58140U 23162Y   26263.30616499  .00000401  00000+0  24108-4 0  9992
2 58140  43.0049 113.1792 0001233 261.1385  98.9327 15.27570006162076
STARLINK-30802          
1 58150U 23166A   26263.63200214 -.00000194  00000+0  55134-5 0  9991
2 58150  53.1612  32.8478 0001386  90.9482 269.1678 15.31700607163044
STARLINK-30834          
1 58151U 23166B   26263.60512955  .00016061  00000+0  48546-3 0  9993
2 58151  53.1590  33.1923 0000805  77.1977 282.9115 15.34400183163037
